lat,lon,source,state,date,ls_type,trigger,site_id
29.27034,94.15659,NASA_COOLR,arunachal_pradesh,2018-10-29,landslide,unknown,point_00001
26.87313,97.24775,NASA_COOLR,arunachal_pradesh,,landslide,unknown,point_00002
26.96458,95.84216,NASA_COOLR,arunachal_pradesh,,landslide,unknown,point_00003
26.93276,95.8112,NASA_COOLR,arunachal_pradesh,,landslide,unknown,point_00004
26.96465,95.79824,NASA_COOLR,arunachal_pradesh,,landslide,unknown,point_00005
27.0226,95.89027,NASA_COOLR,arunachal_pradesh,,landslide,unknown,point_00006
27.02603,95.90078,NASA_COOLR,arunachal_pradesh,,landslide,unknown,point_00007
26.98189,95.90102,NASA_COOLR,arunachal_pradesh,,landslide,unknown,point_00008
26.9308,95.90099,NASA_COOLR,arunachal_pradesh,,landslide,unknown,point_00009
27.304,92.40781,NASA_COOLR,arunachal_pradesh,2017-09-30,rock_fall,unknown,point_00010
26.66354,94.6222,NASA_COOLR,arunachal_pradesh,2017-06-24,landslide,rain,point_00011
26.95223,93.85749,NASA_COOLR,arunachal_pradesh,2017-07-10,landslide,continuous_rain,point_00012
26.96438,92.78261,NASA_COOLR,arunachal_pradesh,2017-06-18,landslide,monsoon,point_00013
27.10402,93.61157,NASA_COOLR,arunachal_pradesh,2017-04-26,landslide,continuous_rain,point_00014
27.05957,93.50103,NASA_COOLR,arunachal_pradesh,2017-07-09,landslide,continuous_rain,point_00015
27.58385,91.87695,NASA_COOLR,arunachal_pradesh,2017-07-11,landslide,rain,point_00016
27.14164,93.66496,NASA_COOLR,arunachal_pradesh,2017-07-09,mudslide,continuous_rain,point_00017
27.61791,93.84197,NASA_COOLR,arunachal_pradesh,2017-04-22,landslide,monsoon,point_00018
27.1601,91.60363,NASA_COOLR,arunachal_pradesh,2017-07-08,landslide,rain,point_00019
27.68025,93.62593,NASA_COOLR,arunachal_pradesh,2017-04-22,landslide,continuous_rain,point_00020
27.08449,93.60506,NASA_COOLR,arunachal_pradesh,2017-07-09,landslide,continuous_rain,point_00021
27.82743,93.62407,NASA_COOLR,arunachal_pradesh,2017-05-03,landslide,rain,point_00022
27.11611,93.7956,NASA_COOLR,arunachal_pradesh,2017-07-09,landslide,continuous_rain,point_00023
27.20938,93.61539,NASA_COOLR,arunachal_pradesh,2017-07-11,landslide,continuous_rain,point_00024
27.09292,93.61882,NASA_COOLR,arunachal_pradesh,2017-07-09,landslide,continuous_rain,point_00025
27.07672,93.59755,NASA_COOLR,arunachal_pradesh,2017-07-09,landslide,continuous_rain,point_00026
26.7215,95.0283,NASA_COOLR,arunachal_pradesh,2010-07-19,landslide,downpour,point_00027
28.9986,94.8885,NASA_COOLR,arunachal_pradesh,2012-07-05,landslide,downpour,point_00028
28.10757,94.18316,NASA_COOLR,arunachal_pradesh,2017-06-20,landslide,rain,point_00029
27.10712,93.65156,NASA_COOLR,arunachal_pradesh,2017-07-09,landslide,continuous_rain,point_00030
28.235,94.9612,NASA_COOLR,arunachal_pradesh,2016-07-19,landslide,downpour,point_00031
27.3034,93.804,NASA_COOLR,arunachal_pradesh,2016-07-16,mudslide,downpour,point_00032
28.3092,95.4149,NASA_COOLR,arunachal_pradesh,2010-10-03,landslide,downpour,point_00033
27.5748,91.8644,NASA_COOLR,arunachal_pradesh,2016-07-28,landslide,monsoon,point_00034
27.5799,91.8569,NASA_COOLR,arunachal_pradesh,2016-04-22,landslide,continuous_rain,point_00035
27.7,92.8,NASA_COOLR,arunachal_pradesh,2009-08-12,landslide,downpour,point_00036
27.8837,93.0515,NASA_COOLR,arunachal_pradesh,2013-08-01,mudslide,rain,point_00037
27.0998,93.6287,NASA_COOLR,arunachal_pradesh,2008-06-14,landslide,rain,point_00038
27.0136,92.6351,NASA_COOLR,arunachal_pradesh,2016-07-01,landslide,downpour,point_00039
28.4298,95.8776,NASA_COOLR,arunachal_pradesh,2010-05-31,landslide,downpour,point_00040
27.125,93.7145,NASA_COOLR,arunachal_pradesh,2011-07-15,landslide,downpour,point_00041
27.36,93.0385,NASA_COOLR,arunachal_pradesh,2015-07-15,landslide,monsoon,point_00042
28.8254,96.1517,NASA_COOLR,arunachal_pradesh,2012-06-02,landslide,downpour,point_00043
28.8254,96.1509,NASA_COOLR,arunachal_pradesh,2013-04-07,landslide,rain,point_00044
27.8997,93.3497,NASA_COOLR,arunachal_pradesh,2010-04-02,mudslide,downpour,point_00045
27.44,92.2833,NASA_COOLR,arunachal_pradesh,2011-08-12,landslide,rain,point_00046
27.5754,91.9754,NASA_COOLR,arunachal_pradesh,2016-08-05,landslide,downpour,point_00047
26.7103,94.693,NASA_COOLR,arunachal_pradesh,2013-08-11,landslide,downpour,point_00048
28.3036,95.4112,NASA_COOLR,arunachal_pradesh,2010-09-09,landslide,downpour,point_00049
28.611,94.9829,NASA_COOLR,arunachal_pradesh,2013-09-02,landslide,downpour,point_00050
26.72,95.029,NASA_COOLR,arunachal_pradesh,2013-07-01,landslide,downpour,point_00051
27.1032,93.6884,NASA_COOLR,arunachal_pradesh,2011-07-19,landslide,downpour,point_00052
27.2743,92.9064,NASA_COOLR,arunachal_pradesh,2011-07-16,landslide,downpour,point_00053
27.163,94.0,NASA_COOLR,arunachal_pradesh,2008-08-14,landslide,rain,point_00054
27.0869,93.6086,NASA_COOLR,arunachal_pradesh,2014-08-17,landslide,downpour,point_00055
28.1737,94.7596,NASA_COOLR,arunachal_pradesh,2015-08-18,landslide,unknown,point_00056
27.1614,93.7525,NASA_COOLR,arunachal_pradesh,2013-09-02,landslide,downpour,point_00057
27.5523,91.752,NASA_COOLR,arunachal_pradesh,2016-04-22,landslide,continuous_rain,point_00058
26.9986,95.4993,NASA_COOLR,arunachal_pradesh,2012-06-25,landslide,downpour,point_00059
27.8776,94.25,NASA_COOLR,arunachal_pradesh,2013-06-01,landslide,downpour,point_00060
27.1249,93.7706,NASA_COOLR,arunachal_pradesh,2014-10-01,landslide,unknown,point_00061
28.0822,96.5316,NASA_COOLR,arunachal_pradesh,2016-05-01,landslide,downpour,point_00062
27.8835,96.9262,NASA_COOLR,arunachal_pradesh,2015-08-16,landslide,continuous_rain,point_00063
29.2409,95.9761,NASA_COOLR,arunachal_pradesh,2012-06-06,landslide,downpour,point_00064
27.8458,95.2253,NASA_COOLR,arunachal_pradesh,2012-09-19,landslide,downpour,point_00065
28.1193,95.1645,NASA_COOLR,arunachal_pradesh,2013-02-18,landslide,rain,point_00066
27.4888,93.0153,NASA_COOLR,arunachal_pradesh,2011-08-15,landslide,downpour,point_00067
27.0011,93.7273,NASA_COOLR,arunachal_pradesh,2010-09-10,landslide,downpour,point_00068
26.8727,94.9275,NASA_COOLR,arunachal_pradesh,2013-08-16,landslide,rain,point_00069
27.0588,93.54137,NASA_COOLR,arunachal_pradesh,2017-06-21,landslide,rain,point_00070
27.05909,93.54236,NASA_COOLR,arunachal_pradesh,2017-06-04,landslide,unknown,point_00071
26.88161,95.3999,NASA_COOLR,arunachal_pradesh,2016-08-16,landslide,other,point_00072
27.06993,93.61466,NASA_COOLR,arunachal_pradesh,2017-06-19,landslide,unknown,point_00073
27.97876,94.26297,NASA_COOLR,arunachal_pradesh,2017-07-04,landslide,rain,point_00074
27.98532,94.21264,NASA_COOLR,arunachal_pradesh,2017-07-04,landslide,rain,point_00075
26.8716,94.9921,NASA_COOLR,arunachal_pradesh,2010-07-20,landslide,downpour,point_00076
27.2333,94.1167,NASA_COOLR,arunachal_pradesh,2008-10-29,landslide,downpour,point_00077
28.4659,95.86,NASA_COOLR,arunachal_pradesh,2012-04-08,landslide,downpour,point_00078
27.174,95.8011,NASA_COOLR,arunachal_pradesh,2012-06-25,landslide,downpour,point_00079
27.9032,96.174,NASA_COOLR,arunachal_pradesh,2014-05-08,mudslide,rain,point_00080
27.8965,96.1779,NASA_COOLR,arunachal_pradesh,2010-04-21,landslide,downpour,point_00081
28.0791,96.5242,NASA_COOLR,arunachal_pradesh,2011-03-22,landslide,downpour,point_00082
27.4,92.35,NASA_COOLR,arunachal_pradesh,2008-10-29,mudslide,downpour,point_00083
27.0987,93.816,NASA_COOLR,arunachal_pradesh,2015-06-09,landslide,continuous_rain,point_00084
26.7223,95.0243,NASA_COOLR,arunachal_pradesh,2016-04-19,landslide,continuous_rain,point_00085
27.2298,94.0989,NASA_COOLR,arunachal_pradesh,2008-06-15,landslide,downpour,point_00086
27.6438,93.871,NASA_COOLR,arunachal_pradesh,2016-06-12,landslide,downpour,point_00087
28.9205,95.3429,NASA_COOLR,arunachal_pradesh,2014-06-26,landslide,continuous_rain,point_00088
27.76979,93.50996,NASA_COOLR,arunachal_pradesh,2017-05-24,mudslide,rain,point_00089
27.01146,92.64204,NASA_COOLR,arunachal_pradesh,2017-07-01,landslide,continuous_rain,point_00090
27.08169,93.60816,NASA_COOLR,arunachal_pradesh,2017-07-01,landslide,continuous_rain,point_00091
27.10647,93.65975,NASA_COOLR,arunachal_pradesh,2017-07-01,landslide,downpour,point_00092
27.04769,93.619,NASA_COOLR,arunachal_pradesh,2017-06-30,landslide,downpour,point_00093
25.80836,93.79016,NASA_COOLR,assam,2018-10-31,landslide,unknown,point_00094
25.19641,93.13431,NASA_COOLR,assam,2018-12-18,rock_fall,rain,point_00095
25.7685,93.82006,NASA_COOLR,assam,2018-10-29,landslide,mining,point_00096
26.1318,94.78584,NASA_COOLR,assam,2018-07-30,landslide,continuous_rain,point_00097
25.67295,94.10514,NASA_COOLR,assam,2018-07-31,mudslide,continuous_rain,point_00098
25.18159,92.00057,NASA_COOLR,assam,2017-11-13,rock_fall,mining,point_00099
25.0319,92.42258,NASA_COOLR,assam,2018-04-28,landslide,rain,point_00100
25.55544,93.63981,NASA_COOLR,assam,2017-08-28,landslide,rain,point_00101
24.91209,94.94036,NASA_COOLR,assam,2017-09-22,unknown,mining,point_00102
25.1443,93.97198,NASA_COOLR,assam,2017-06-05,mudslide,flooding,point_00103
25.2605,94.01914,NASA_COOLR,assam,2017-08-26,mudslide,flooding,point_00104
25.65871,94.09854,NASA_COOLR,assam,2017-09-30,landslide,downpour,point_00105
25.53359,94.13335,NASA_COOLR,assam,2017-10-22,mudslide,continuous_rain,point_00106
24.9812,94.01862,NASA_COOLR,assam,2017-09-29,landslide,downpour,point_00107
24.93895,93.49684,NASA_COOLR,assam,2017-09-21,landslide,continuous_rain,point_00108
25.53664,91.98083,NASA_COOLR,assam,2019-07-09,landslide,continuous_rain,point_00109
25.58823,92.0227,NASA_COOLR,assam,2019-07-09,landslide,continuous_rain,point_00110
25.56728,91.90643,NASA_COOLR,assam,2019-07-09,landslide,continuous_rain,point_00111
25.72019,94.03226,NASA_COOLR,assam,2017-07-08,landslide,continuous_rain,point_00112
25.73318,93.99655,NASA_COOLR,assam,2017-05-16,landslide,continuous_rain,point_00113
25.1184,92.85391,NASA_COOLR,assam,2017-04-04,landslide,rain,point_00114
25.69111,94.09483,NASA_COOLR,assam,2017-07-12,landslide,rain,point_00115
24.27173,93.28039,NASA_COOLR,assam,2017-07-09,landslide,continuous_rain,point_00116
25.08734,91.75064,NASA_COOLR,assam,2017-01-23,landslide,mining,point_00117
24.8029,93.6228,NASA_COOLR,assam,2010-08-24,landslide,downpour,point_00118
26.18161,91.77204,NASA_COOLR,assam,2016-12-15,landslide,unknown,point_00119
26.56636,93.13195,NASA_COOLR,assam,2017-07-09,landslide,continuous_rain,point_00120
25.61919,92.70947,NASA_COOLR,assam,2017-04-29,landslide,continuous_rain,point_00121
24.82768,93.51825,NASA_COOLR,assam,2017-07-09,landslide,continuous_rain,point_00122
25.67837,91.92343,NASA_COOLR,assam,2017-06-17,landslide,continuous_rain,point_00123
26.26327,94.81482,NASA_COOLR,assam,2017-07-10,landslide,unknown,point_00124
24.3717,93.70684,NASA_COOLR,assam,2017-07-10,landslide,rain,point_00125
25.06467,94.27421,NASA_COOLR,assam,2017-07-08,landslide,continuous_rain,point_00126
25.73112,93.98828,NASA_COOLR,assam,2017-07-09,landslide,continuous_rain,point_00127
25.19536,93.17276,NASA_COOLR,assam,2017-04-04,landslide,rain,point_00128
24.70412,92.23035,NASA_COOLR,assam,2017-06-18,landslide,rain,point_00129
25.1678,92.01958,NASA_COOLR,assam,2017-03-08,landslide,mining,point_00130
27.51353,89.79034,NASA_COOLR,assam,2017-07-08,landslide,downpour,point_00131
25.08303,94.23758,NASA_COOLR,assam,2017-04-06,landslide,unknown,point_00132
26.16066,91.85295,NASA_COOLR,assam,2017-04-05,landslide,continuous_rain,point_00133
25.51826,91.96303,NASA_COOLR,assam,2017-02-15,landslide,mining,point_00134
25.43807,91.79905,NASA_COOLR,assam,2017-06-17,landslide,continuous_rain,point_00135
24.86389,93.62192,NASA_COOLR,assam,2018-05-10,translational_slide,continuous_rain,point_00136
24.83373,91.85077,NASA_COOLR,assam,2018-01-28,rock_fall,mining,point_00137
25.63204,94.10065,NASA_COOLR,assam,2017-07-09,landslide,continuous_rain,point_00138
25.13223,93.04681,NASA_COOLR,assam,2017-04-04,landslide,rain,point_00139
24.79591,93.72386,NASA_COOLR,assam,2017-03-30,landslide,downpour,point_00140
24.13562,95.78717,NASA_COOLR,assam,,landslide,unknown,point_00141
24.98794,93.4987,NASA_COOLR,assam,2018-06-03,landslide,rain,point_00142
26.07822,94.72071,NASA_COOLR,assam,2018-05-12,landslide,continuous_rain,point_00143
27.0404,89.90633,NASA_COOLR,assam,2017-07-08,landslide,downpour,point_00144
25.8286,91.87672,NASA_COOLR,assam,2017-07-06,landslide,downpour,point_00145
24.33197,91.80085,NASA_COOLR,assam,2017-06-19,landslide,rain,point_00146
25.77171,93.93507,NASA_COOLR,assam,2017-04-07,landslide,rain,point_00147
25.5144,90.2167,NASA_COOLR,assam,2011-08-16,landslide,downpour,point_00148
24.896,91.9022,NASA_COOLR,assam,2008-08-01,landslide,rain,point_00149
26.148,94.8422,NASA_COOLR,assam,2010-08-14,landslide,downpour,point_00150
26.1498,94.6055,NASA_COOLR,assam,2013-08-04,landslide,monsoon,point_00151
24.9926,93.4946,NASA_COOLR,assam,2013-05-12,mudslide,rain,point_00152
25.83,94.13,NASA_COOLR,assam,2011-08-18,landslide,monsoon,point_00153
24.4265,94.1913,NASA_COOLR,assam,2015-08-01,landslide,continuous_rain,point_00154
27.0502,89.9442,NASA_COOLR,assam,2010-07-21,landslide,downpour,point_00155
25.1122,94.3591,NASA_COOLR,assam,2015-08-01,landslide,continuous_rain,point_00156
26.3186,94.5121,NASA_COOLR,assam,2011-06-20,landslide,downpour,point_00157
25.705,94.04,NASA_COOLR,assam,2008-08-07,landslide,downpour,point_00158
26.19169,91.81008,NASA_COOLR,assam,2016-12-15,landslide,unknown,point_00159
24.50694,91.58889,NASA_COOLR,assam,2016-11-01,landslide,mining,point_00160
27.02099,89.90712,NASA_COOLR,assam,2017-07-08,landslide,downpour,point_00161
26.1699,91.7986,NASA_COOLR,assam,2007-07-19,landslide,rain,point_00162
24.83507,93.89896,NASA_COOLR,assam,2017-07-09,landslide,continuous_rain,point_00163
25.48162,93.14169,NASA_COOLR,assam,2017-04-04,landslide,rain,point_00164
25.09258,91.76369,NASA_COOLR,assam,2017-03-06,landslide,mining,point_00165
26.1001,91.6849,NASA_COOLR,assam,2014-09-22,landslide,rain,point_00166
26.1097,91.7747,NASA_COOLR,assam,2014-09-22,landslide,rain,point_00167
25.4749,93.1477,NASA_COOLR,assam,2010-10-09,landslide,downpour,point_00168
25.82601,91.87113,NASA_COOLR,assam,2017-07-09,landslide,continuous_rain,point_00169
25.17862,92.01281,NASA_COOLR,assam,2017-03-16,landslide,mining,point_00170
25.18145,93.11811,NASA_COOLR,assam,2017-04-04,landslide,rain,point_00171
26.2753,94.6654,NASA_COOLR,assam,2010-08-17,landslide,downpour,point_00172
25.9466,94.6279,NASA_COOLR,assam,2014-09-08,mudslide,unknown,point_00173
25.7055,94.0132,NASA_COOLR,assam,2007-10-16,landslide,rain,point_00174
25.4379,94.1162,NASA_COOLR,assam,2007-10-19,landslide,rain,point_00175
25.1796,93.0083,NASA_COOLR,assam,2010-10-09,mudslide,downpour,point_00176
24.954,94.2156,NASA_COOLR,assam,2015-08-01,landslide,continuous_rain,point_00177
26.3335,94.5512,NASA_COOLR,assam,2010-06-15,landslide,downpour,point_00178
26.1665,91.7049,NASA_COOLR,assam,2013-10-06,landslide,downpour,point_00179
24.7992,93.948,NASA_COOLR,assam,2011-07-22,landslide,downpour,point_00180
25.5212,90.232,NASA_COOLR,assam,2007-07-27,rock_fall,rain,point_00181
25.4993,94.1192,NASA_COOLR,assam,2007-09-09,landslide,rain,point_00182
26.1468,91.6469,NASA_COOLR,assam,2015-02-14,landslide,mining,point_00183
24.3481,94.1146,NASA_COOLR,assam,2015-08-01,landslide,unknown,point_00184
25.9702,91.8587,NASA_COOLR,assam,2014-10-05,landslide,rain,point_00185
26.1833,91.8,NASA_COOLR,assam,2007-09-13,landslide,rain,point_00186
26.1964,91.7652,NASA_COOLR,assam,2014-06-28,landslide,rain,point_00187
25.52,91.27,NASA_COOLR,assam,2007-09-11,landslide,rain,point_00188
25.4196,94.1054,NASA_COOLR,assam,2010-07-29,landslide,downpour,point_00189
25.1941,94.4481,NASA_COOLR,assam,2015-08-01,landslide,continuous_rain,point_00190
24.3311,91.5642,NASA_COOLR,assam,2015-02-09,other,mining,point_00191
25.3056,93.1265,NASA_COOLR,assam,2012-06-03,landslide,downpour,point_00192
24.9667,93.55,NASA_COOLR,assam,2007-08-26,mudslide,continuous_rain,point_00193
25.1775,93.0123,NASA_COOLR,assam,2012-06-03,landslide,downpour,point_00194
26.1966,91.802,NASA_COOLR,assam,2016-07-20,landslide,rain,point_00195
25.3908,94.0926,NASA_COOLR,assam,2015-07-22,landslide,continuous_rain,point_00196
27.256,90.5257,NASA_COOLR,assam,2012-04-06,complex,unknown,point_00197
24.5308,92.5121,NASA_COOLR,assam,2016-05-18,landslide,continuous_rain,point_00198
25.63962,94.11112,NASA_COOLR,assam,2010-09-12,landslide,downpour,point_00199
25.8143,90.5763,NASA_COOLR,assam,2014-09-24,landslide,continuous_rain,point_00200
25.7354,90.3852,NASA_COOLR,assam,2014-09-21,landslide,continuous_rain,point_00201
24.6108,92.562,NASA_COOLR,assam,2015-02-19,landslide,mining,point_00202
25.3612,92.2845,NASA_COOLR,assam,2010-04-21,landslide,downpour,point_00203
25.2269,93.1658,NASA_COOLR,assam,2010-06-15,landslide,downpour,point_00204
25.6703,94.1095,NASA_COOLR,assam,2011-07-11,landslide,downpour,point_00205
25.0633,92.8025,NASA_COOLR,assam,2010-06-16,landslide,downpour,point_00206
24.7016,93.5291,NASA_COOLR,assam,2015-08-11,landslide,continuous_rain,point_00207
25.2193,90.5549,NASA_COOLR,assam,2015-08-19,landslide,continuous_rain,point_00208
25.318,94.0441,NASA_COOLR,assam,2013-08-09,landslide,downpour,point_00209
27.0971,90.4032,NASA_COOLR,assam,2007-09-10,landslide,rain,point_00210
24.9016,91.8771,NASA_COOLR,assam,2015-06-11,landslide,rain,point_00211
27.0524,90.4997,NASA_COOLR,assam,2009-10-06,landslide,downpour,point_00212
25.682,94.1076,NASA_COOLR,assam,2010-10-09,landslide,downpour,point_00213
25.583,91.893,NASA_COOLR,assam,2015-09-23,landslide,downpour,point_00214
26.1226,91.7162,NASA_COOLR,assam,2012-06-22,landslide,downpour,point_00215
25.2946,92.8339,NASA_COOLR,assam,2007-08-26,landslide,rain,point_00216
24.9786,93.5027,NASA_COOLR,assam,2010-07-29,landslide,downpour,point_00217
26.1768,91.7702,NASA_COOLR,assam,2016-07-14,landslide,monsoon,point_00218
24.8628,94.4182,NASA_COOLR,assam,2009-08-30,landslide,downpour,point_00219
25.5098,93.8794,NASA_COOLR,assam,2015-07-22,landslide,continuous_rain,point_00220
26.1044,91.7082,NASA_COOLR,assam,2014-09-22,landslide,rain,point_00221
24.8063,93.9482,NASA_COOLR,assam,2011-07-06,landslide,downpour,point_00222
26.1771,91.7599,NASA_COOLR,assam,2013-05-11,landslide,rain,point_00223
24.5204,92.7264,NASA_COOLR,assam,2016-05-18,landslide,continuous_rain,point_00224
24.6005,92.3814,NASA_COOLR,assam,2010-06-03,landslide,downpour,point_00225
26.1965,91.763,NASA_COOLR,assam,2010-04-20,landslide,downpour,point_00226
25.8782,94.1739,NASA_COOLR,assam,2011-07-01,landslide,downpour,point_00227
24.7459,93.4251,NASA_COOLR,assam,2015-08-11,landslide,continuous_rain,point_00228
25.4786,94.1327,NASA_COOLR,assam,2010-08-27,landslide,downpour,point_00229
26.4205,94.9731,NASA_COOLR,assam,2013-08-30,mudslide,unknown,point_00230
24.416,94.0984,NASA_COOLR,assam,2015-08-01,landslide,continuous_rain,point_00231
26.0838,94.564,NASA_COOLR,assam,2013-08-04,landslide,rain,point_00232
25.83763,93.94633,NASA_COOLR,assam,2017-06-25,mudslide,continuous_rain,point_00233
26.1028,91.8806,NASA_COOLR,assam,2015-08-22,landslide,continuous_rain,point_00234
24.2315,92.6755,NASA_COOLR,assam,2013-05-07,mudslide,rain,point_00235
26.1016,91.6906,NASA_COOLR,assam,2013-05-11,landslide,rain,point_00236
25.3433,92.2897,NASA_COOLR,assam,2010-05-11,landslide,downpour,point_00237
25.16,93.686,NASA_COOLR,assam,2015-06-19,landslide,monsoon,point_00238
25.8266,94.1497,NASA_COOLR,assam,2013-10-05,mudslide,continuous_rain,point_00239
24.6596,93.9784,NASA_COOLR,assam,2008-06-09,landslide,monsoon,point_00240
26.2083,94.5438,NASA_COOLR,assam,2013-08-04,landslide,monsoon,point_00241
26.0101,94.5282,NASA_COOLR,assam,2016-07-26,landslide,downpour,point_00242
25.72,94.6219,NASA_COOLR,assam,2015-08-02,landslide,continuous_rain,point_00243
24.7679,93.4108,NASA_COOLR,assam,2010-10-08,landslide,downpour,point_00244
25.5084,90.2191,NASA_COOLR,assam,2015-06-16,rock_fall,downpour,point_00245
26.048,91.8695,NASA_COOLR,assam,2015-09-05,landslide,unknown,point_00246
25.0888,92.8551,NASA_COOLR,assam,2011-05-24,complex,downpour,point_00247
25.2745,94.0212,NASA_COOLR,assam,2010-10-08,landslide,downpour,point_00248
25.1555,93.8474,NASA_COOLR,assam,2011-05-31,landslide,continuous_rain,point_00249
26.1309,91.8383,NASA_COOLR,assam,2013-10-06,landslide,downpour,point_00250
26.1049,91.7369,NASA_COOLR,assam,2012-06-25,landslide,downpour,point_00251
25.0318,92.4584,NASA_COOLR,assam,2015-03-19,landslide,rain,point_00252
25.4192,94.108,NASA_COOLR,assam,2011-07-29,landslide,rain,point_00253
26.3333,91.25,NASA_COOLR,assam,2008-10-29,landslide,downpour,point_00254
26.159,91.8178,NASA_COOLR,assam,2014-09-22,landslide,rain,point_00255
25.4916,91.2698,NASA_COOLR,assam,2010-06-28,landslide,downpour,point_00256
24.837,93.9128,NASA_COOLR,assam,2010-10-08,landslide,downpour,point_00257
26.1963,91.8074,NASA_COOLR,assam,2016-07-14,landslide,monsoon,point_00258
25.5718,94.1211,NASA_COOLR,assam,2010-08-21,landslide,downpour,point_00259
26.1807,94.5497,NASA_COOLR,assam,2013-08-04,landslide,monsoon,point_00260
24.8142,93.5444,NASA_COOLR,assam,2012-06-10,landslide,downpour,point_00261
25.5498,92.0757,NASA_COOLR,assam,2012-06-13,landslide,downpour,point_00262
25.5772,91.8666,NASA_COOLR,assam,2014-09-23,landslide,continuous_rain,point_00263
25.1333,93.9667,NASA_COOLR,assam,2007-08-31,landslide,rain,point_00264
25.0951,92.3567,NASA_COOLR,assam,2012-06-13,landslide,downpour,point_00265
25.5007,93.9854,NASA_COOLR,assam,2015-07-22,landslide,continuous_rain,point_00266
24.9849,92.8411,NASA_COOLR,assam,2008-05-20,mudslide,mining,point_00267
25.6237,94.1136,NASA_COOLR,assam,2015-08-12,mudslide,continuous_rain,point_00268
25.0604,93.9877,NASA_COOLR,assam,2007-09-08,landslide,rain,point_00269
26.1619,91.7697,NASA_COOLR,assam,2014-06-27,landslide,rain,point_00270
26.10973,91.80317,NASA_COOLR,assam,2017-07-06,landslide,continuous_rain,point_00271
24.9356,93.8443,NASA_COOLR,assam,2010-07-31,landslide,rain,point_00272
24.4279,94.0564,NASA_COOLR,assam,2007-09-11,landslide,rain,point_00273
25.67,94.1066,NASA_COOLR,assam,2008-08-29,complex,downpour,point_00274
26.49349,91.72138,NASA_COOLR,assam,2015-09-01,landslide,rain,point_00275
26.138,94.25,NASA_COOLR,assam,2008-08-19,mudslide,downpour,point_00276
24.4072,94.0644,NASA_COOLR,assam,2015-08-01,landslide,continuous_rain,point_00277
24.2451,94.0691,NASA_COOLR,assam,2007-09-10,landslide,rain,point_00278
26.1844,91.7896,NASA_COOLR,assam,2014-06-26,landslide,continuous_rain,point_00279
26.3185,94.5247,NASA_COOLR,assam,2016-06-14,landslide,continuous_rain,point_00280
24.7543,93.5039,NASA_COOLR,assam,2010-06-07,landslide,rain,point_00281
25.7238,89.9032,NASA_COOLR,assam,2014-09-23,landslide,continuous_rain,point_00282
25.70224,94.0462,NASA_COOLR,assam,2010-08-13,landslide,downpour,point_00283
25.0477,92.801,NASA_COOLR,assam,2010-07-25,landslide,downpour,point_00284
25.0634,94.3415,NASA_COOLR,assam,2015-07-31,mudslide,continuous_rain,point_00285
26.5836,93.0038,NASA_COOLR,assam,2011-07-24,landslide,downpour,point_00286
25.5576,91.8506,NASA_COOLR,assam,2007-08-26,complex,rain,point_00287
27.05,90.8,NASA_COOLR,assam,2008-08-29,mudslide,rain,point_00288
25.6263,94.1057,NASA_COOLR,assam,2015-08-20,landslide,continuous_rain,point_00289
24.3069,93.125,NASA_COOLR,assam,2010-09-16,landslide,downpour,point_00290
25.51615,94.23412,NASA_COOLR,assam,2011-06-21,landslide,rain,point_00291
26.1868,91.6739,NASA_COOLR,assam,2015-09-01,rock_fall,rain,point_00292
26.0093,94.5238,NASA_COOLR,assam,2010-07-06,mudslide,monsoon,point_00293
25.426,94.6024,NASA_COOLR,assam,2013-10-13,mudslide,downpour,point_00294
27.5205,89.7466,NASA_COOLR,assam,2012-09-14,landslide,downpour,point_00295
25.1718,93.123,NASA_COOLR,assam,2009-08-27,landslide,downpour,point_00296
25.1604,93.6795,NASA_COOLR,assam,2012-03-04,landslide,unknown,point_00297
25.7713,93.8067,NASA_COOLR,assam,2011-08-13,mudslide,downpour,point_00298
25.0728,92.3636,NASA_COOLR,assam,2015-08-19,landslide,rain,point_00299
26.1961,91.7825,NASA_COOLR,assam,2016-06-22,mudslide,downpour,point_00300
25.1416,92.3807,NASA_COOLR,assam,2015-08-19,landslide,rain,point_00301
26.3897,94.9439,NASA_COOLR,assam,2013-08-16,landslide,rain,point_00302
26.0977,94.7031,NASA_COOLR,assam,2013-06-07,landslide,unknown,point_00303
26.1666,91.7042,NASA_COOLR,assam,2015-09-23,landslide,continuous_rain,point_00304
25.3833,94.1884,NASA_COOLR,assam,2013-08-15,landslide,downpour,point_00305
26.4333,94.8833,NASA_COOLR,assam,2010-06-17,landslide,downpour,point_00306
25.6156,94.11603,NASA_COOLR,assam,2010-08-19,landslide,downpour,point_00307
24.8669,92.3576,NASA_COOLR,assam,2014-05-09,landslide,rain,point_00308
24.8961,93.4957,NASA_COOLR,assam,2010-08-19,mudslide,downpour,point_00309
25.7902,94.1318,NASA_COOLR,assam,2016-07-10,landslide,downpour,point_00310
26.0814,94.803,NASA_COOLR,assam,2010-08-14,landslide,downpour,point_00311
24.9037,93.487,NASA_COOLR,assam,2013-09-01,mudslide,continuous_rain,point_00312
26.1475,91.7356,NASA_COOLR,assam,2012-06-02,landslide,downpour,point_00313
26.149,91.7351,NASA_COOLR,assam,2012-06-20,landslide,downpour,point_00314
26.1677,94.2442,NASA_COOLR,assam,2016-06-12,landslide,continuous_rain,point_00315
26.19038,91.77306,NASA_COOLR,assam,2017-07-10,landslide,continuous_rain,point_00316
26.1295,91.7056,NASA_COOLR,assam,2014-09-22,landslide,rain,point_00317
25.2568,92.3825,NASA_COOLR,assam,2015-08-19,landslide,rain,point_00318
27.5003,90.5081,NASA_COOLR,assam,2011-07-21,landslide,downpour,point_00319
26.1324,91.8342,NASA_COOLR,assam,2014-09-22,landslide,rain,point_00320
26.0481,94.4619,NASA_COOLR,assam,2013-08-04,landslide,continuous_rain,point_00321
25.8376,94.5234,NASA_COOLR,assam,2013-08-04,landslide,continuous_rain,point_00322
25.6633,94.4703,NASA_COOLR,assam,2010-10-08,complex,downpour,point_00323
24.1077,94.0396,NASA_COOLR,assam,2015-08-01,landslide,continuous_rain,point_00324
26.1662,91.7138,NASA_COOLR,assam,2013-05-11,landslide,rain,point_00325
25.5006,90.0896,NASA_COOLR,assam,2014-10-20,landslide,rain,point_00326
25.4788,94.1399,NASA_COOLR,assam,2010-10-09,landslide,downpour,point_00327
24.819,94.3551,NASA_COOLR,assam,2015-07-31,landslide,continuous_rain,point_00328
26.1062,91.8717,NASA_COOLR,assam,2015-07-25,landslide,continuous_rain,point_00329
26.0214,94.5224,NASA_COOLR,assam,2015-08-19,landslide,continuous_rain,point_00330
25.8702,94.7844,NASA_COOLR,assam,2016-07-28,landslide,downpour,point_00331
25.5265,93.8673,NASA_COOLR,assam,2010-10-09,landslide,downpour,point_00332
24.9111,94.4759,NASA_COOLR,assam,2015-08-01,landslide,continuous_rain,point_00333
25.463,92.2121,NASA_COOLR,assam,2015-06-13,landslide,continuous_rain,point_00334
26.1407,91.7645,NASA_COOLR,assam,2014-06-26,landslide,continuous_rain,point_00335
26.0137,94.5163,NASA_COOLR,assam,2013-08-04,landslide,continuous_rain,point_00336
26.222,94.9152,NASA_COOLR,assam,2010-08-14,landslide,downpour,point_00337
25.7428,93.9136,NASA_COOLR,assam,2007-08-28,landslide,rain,point_00338
25.6278,94.1051,NASA_COOLR,assam,2015-08-19,landslide,continuous_rain,point_00339
26.2363,94.8133,NASA_COOLR,assam,2010-07-06,mudslide,monsoon,point_00340
24.9007,91.8644,NASA_COOLR,assam,2016-02-16,rock_fall,mining,point_00341
25.1019,93.3729,NASA_COOLR,assam,2015-08-11,landslide,continuous_rain,point_00342
25.0118,94.3136,NASA_COOLR,assam,2016-07-07,landslide,monsoon,point_00343
24.9336,93.8275,NASA_COOLR,assam,2008-06-19,mudslide,monsoon,point_00344
26.1978,91.7665,NASA_COOLR,assam,2010-04-20,landslide,downpour,point_00345
24.7339,93.9161,NASA_COOLR,assam,2010-03-27,mudslide,downpour,point_00346
25.9611,91.3681,NASA_COOLR,assam,2016-07-07,landslide,continuous_rain,point_00347
25.6623,94.1072,NASA_COOLR,assam,2010-10-10,landslide,downpour,point_00348
25.8877,94.7861,NASA_COOLR,assam,2010-07-06,mudslide,monsoon,point_00349
25.5114,90.215,NASA_COOLR,assam,2015-06-16,landslide,downpour,point_00350
24.808,93.117,NASA_COOLR,assam,2011-09-06,landslide,rain,point_00351
24.7979,92.9974,NASA_COOLR,assam,2015-07-22,landslide,continuous_rain,point_00352
25.1472,91.7483,NASA_COOLR,assam,2015-02-22,mudslide,mining,point_00353
25.6269,94.1139,NASA_COOLR,assam,2013-07-15,landslide,rain,point_00354
25.0821,91.7783,NASA_COOLR,assam,2015-11-16,landslide,unknown,point_00355
25.48,94.1383,NASA_COOLR,assam,2016-07-25,landslide,continuous_rain,point_00356
24.4638,92.4943,NASA_COOLR,assam,2016-05-18,landslide,continuous_rain,point_00357
26.1984,94.8158,NASA_COOLR,assam,2010-08-19,landslide,downpour,point_00358
25.203,90.5573,NASA_COOLR,assam,2016-07-19,translational_slide,continuous_rain,point_00359
24.5202,92.7239,NASA_COOLR,assam,2016-05-18,landslide,continuous_rain,point_00360
26.1147,94.3864,NASA_COOLR,assam,2013-07-01,landslide,downpour,point_00361
25.4538,93.9827,NASA_COOLR,assam,2015-07-22,landslide,continuous_rain,point_00362
24.19467,91.82932,NASA_COOLR,assam,2017-06-03,landslide,rain,point_00363
25.11957,94.36417,NASA_COOLR,assam,2017-06-12,mudslide,continuous_rain,point_00364
24.32421,93.15021,NASA_COOLR,assam,2017-06-26,landslide,downpour,point_00365
25.67061,94.11844,NASA_COOLR,assam,2017-06-02,landslide,continuous_rain,point_00366
25.90723,91.88189,NASA_COOLR,assam,2017-05-26,landslide,rain,point_00367
24.30416,93.18182,NASA_COOLR,assam,2017-06-27,landslide,downpour,point_00368
25.15247,92.94671,NASA_COOLR,assam,2017-06-04,landslide,continuous_rain,point_00369
24.21989,93.20266,NASA_COOLR,assam,2017-06-26,landslide,downpour,point_00370
26.33125,94.55428,NASA_COOLR,assam,2017-07-01,landslide,downpour,point_00371
26.11614,94.24223,NASA_COOLR,assam,2017-07-01,landslide,continuous_rain,point_00372
26.10431,91.86228,NASA_COOLR,assam,2017-07-03,landslide,downpour,point_00373
26.10618,91.85159,NASA_COOLR,assam,2017-07-03,landslide,downpour,point_00374
26.22247,91.92053,NASA_COOLR,assam,2017-07-03,landslide,continuous_rain,point_00375
26.09249,94.25752,NASA_COOLR,assam,2016-09-05,landslide,rain,point_00376
25.49764,94.12901,NASA_COOLR,assam,2017-07-04,landslide,continuous_rain,point_00377
26.32472,94.51465,NASA_COOLR,assam,2016-09-05,landslide,rain,point_00378
26.2045,91.87203,NASA_COOLR,assam,2017-07-03,landslide,continuous_rain,point_00379
26.14454,94.24417,NASA_COOLR,assam,2017-07-01,landslide,downpour,point_00380
24.75,93.4333,NASA_COOLR,assam,2007-10-21,landslide,rain,point_00381
25.3179,94.0462,NASA_COOLR,assam,2010-10-09,landslide,downpour,point_00382
25.8833,91.2,NASA_COOLR,assam,2010-06-09,landslide,downpour,point_00383
25.5215,93.1645,NASA_COOLR,assam,2009-08-20,landslide,downpour,point_00384
25.4769,94.1351,NASA_COOLR,assam,2010-10-08,mudslide,downpour,point_00385
27.4373,90.4678,NASA_COOLR,assam,2015-08-14,landslide,mining,point_00386
25.03562,94.01442,NASA_COOLR,assam,2011-06-28,landslide,rain,point_00387
24.1293,92.6921,NASA_COOLR,assam,2007-09-29,landslide,rain,point_00388
26.1699,94.4922,NASA_COOLR,assam,2016-07-11,landslide,unknown,point_00389
24.1988,94.1016,NASA_COOLR,assam,2015-08-01,landslide,continuous_rain,point_00390
25.0672,93.4093,NASA_COOLR,assam,2011-05-22,landslide,downpour,point_00391
26.284,94.5808,NASA_COOLR,assam,2013-08-04,landslide,continuous_rain,point_00392
25.4477,94.0489,NASA_COOLR,assam,2015-07-22,landslide,continuous_rain,point_00393
24.7505,93.4221,NASA_COOLR,assam,2010-08-27,landslide,downpour,point_00394
24.3083,91.7333,NASA_COOLR,assam,2009-05-18,mudslide,downpour,point_00395
24.6869,93.9157,NASA_COOLR,assam,2011-07-25,landslide,downpour,point_00396
25.5242,92.9914,NASA_COOLR,assam,2010-10-09,landslide,downpour,point_00397
25.6682,94.1099,NASA_COOLR,assam,2011-06-28,landslide,downpour,point_00398
26.0319,94.5466,NASA_COOLR,assam,2015-06-24,landslide,continuous_rain,point_00399
26.1314,91.7548,NASA_COOLR,assam,2014-09-22,landslide,rain,point_00400
26.1985,91.7998,NASA_COOLR,assam,2014-09-22,landslide,rain,point_00401
24.9818,93.5142,NASA_COOLR,assam,2015-07-24,mudslide,monsoon,point_00402
26.09748,91.87443,NASA_COOLR,assam,2016-07-19,landslide,unknown,point_00403
25.5125,93.3613,NASA_COOLR,assam,2011-06-29,landslide,downpour,point_00404
24.9829,93.5063,NASA_COOLR,assam,2013-09-01,mudslide,continuous_rain,point_00405
25.1622,92.0104,NASA_COOLR,assam,2016-02-25,landslide,mining,point_00406
26.0977,94.7499,NASA_COOLR,assam,2013-06-07,landslide,unknown,point_00407
24.3527,94.3429,NASA_COOLR,assam,2011-07-22,landslide,downpour,point_00408
25.1175,92.8573,NASA_COOLR,assam,2012-06-03,landslide,downpour,point_00409
25.1553,93.028,NASA_COOLR,assam,2010-04-01,landslide,downpour,point_00410
24.7625,93.4341,NASA_COOLR,assam,2013-08-17,landslide,continuous_rain,point_00411
25.5728,91.885,NASA_COOLR,assam,2010-06-28,landslide,downpour,point_00412
26.1548,91.7351,NASA_COOLR,assam,2011-09-23,landslide,downpour,point_00413
25.38,91.88,NASA_COOLR,assam,2007-07-26,landslide,rain,point_00414
25.5145,90.2023,NASA_COOLR,assam,2015-08-18,landslide,continuous_rain,point_00415
25.9703,91.8584,NASA_COOLR,assam,2015-09-06,landslide,unknown,point_00416
24.4136,91.7561,NASA_COOLR,assam,2014-05-10,landslide,rain,point_00417
24.8286,93.5935,NASA_COOLR,assam,2011-05-31,landslide,downpour,point_00418
24.9925,93.5,NASA_COOLR,assam,2009-08-20,landslide,downpour,point_00419
25.31006,94.48265,NASA_COOLR,assam,2010-08-15,landslide,downpour,point_00420
25.0985,94.3619,NASA_COOLR,assam,2013-09-24,landslide,unknown,point_00421
24.1419,94.1078,NASA_COOLR,assam,2015-08-01,landslide,continuous_rain,point_00422
27.8122,89.9019,NASA_COOLR,assam,2010-07-22,landslide,downpour,point_00423
24.5784,91.7227,NASA_COOLR,assam,2014-05-10,landslide,rain,point_00424
24.76861,92.82118,NASA_COOLR,assam,2016-09-01,landslide,flooding,point_00425
25.06657,93.93109,NASA_COOLR,assam,2017-06-30,landslide,downpour,point_00426
25.66052,94.10493,NASA_COOLR,assam,2016-08-25,mudslide,rain,point_00427
25.616,94.1167,NASA_COOLR,assam,2013-07-12,landslide,downpour,point_00428
27.5,90.5034,NASA_COOLR,assam,2010-08-23,landslide,downpour,point_00429
26.14548,91.79365,NASA_COOLR,assam,2017-07-10,landslide,continuous_rain,point_00430
26.10036,91.87352,NASA_COOLR,assam,2017-07-03,landslide,downpour,point_00431
24.95178,94.2034,NASA_COOLR,assam,2017-07-01,landslide,rain,point_00432
25.7131,94.0885,NASA_COOLR,assam,2013-07-17,mudslide,rain,point_00433
25.7658,93.9413,NASA_COOLR,assam,2013-07-17,mudslide,rain,point_00434
25.30986,94.48215,NASA_COOLR,assam,2010-07-29,landslide,downpour,point_00435
23.82042,94.05057,NASA_COOLR,manipur,,landslide,unknown,point_00436
23.89408,93.66078,NASA_COOLR,manipur,,landslide,unknown,point_00437
23.89532,93.66982,NASA_COOLR,manipur,,landslide,unknown,point_00438
23.90468,93.65573,NASA_COOLR,manipur,,landslide,unknown,point_00439
23.803,93.69072,NASA_COOLR,manipur,,landslide,unknown,point_00440
23.9278,94.0906,NASA_COOLR,manipur,2015-08-01,landslide,rain,point_00441
23.9939,94.0573,NASA_COOLR,manipur,2015-08-01,landslide,continuous_rain,point_00442
23.8447,93.0514,NASA_COOLR,manipur,2015-08-26,mudslide,continuous_rain,point_00443
23.899,94.1434,NASA_COOLR,manipur,2015-08-01,landslide,rain,point_00444
24.004,93.9815,NASA_COOLR,manipur,2015-08-01,landslide,continuous_rain,point_00445
23.43819,91.12537,NASA_COOLR,tripura,2017-03-16,landslide,construction,point_00446
23.71702,91.61577,NASA_COOLR,tripura,2018-05-20,landslide,downpour,point_00447
23.7926,91.5309,NASA_COOLR,tripura,2018-05-20,landslide,downpour,point_00448
24.02515,91.49748,NASA_COOLR,tripura,2018-05-18,landslide,continuous_rain,point_00449
22.97759,91.80439,NASA_COOLR,tripura,2017-06-18,landslide,downpour,point_00450
24.0896,91.4663,NASA_COOLR,tripura,2013-05-08,landslide,rain,point_00451
23.8986,91.7599,NASA_COOLR,tripura,2010-06-03,landslide,downpour,point_00452
23.0137,91.7174,NASA_COOLR,tripura,2014-08-14,mudslide,downpour,point_00453
23.8647,91.89497,NASA_COOLR,tripura,2017-06-03,landslide,continuous_rain,point_00454
25.23908,90.63944,GSI_INVENTORY,Meghalaya,,Slide, ,point_00455
25.39466,90.69083,GSI_INVENTORY,Meghalaya,,Slide,Anthropogenic,point_00456
25.51261,90.65861,GSI_INVENTORY,Meghalaya,,Slide,Anthropogenic/a Rainfall,point_00457
25.50781,90.68,GSI_INVENTORY,Meghalaya,,Slide,Anthropogenic,point_00458
25.5014,90.68972,GSI_INVENTORY,Meghalaya,,Slide,Rainfall,point_00459
25.56,90.37,GSI_INVENTORY,Meghalaya,,Slide,Rainfall,point_00460
25.56,90.34,GSI_INVENTORY,Meghalaya,,Slide,Rainfall,point_00461
25.55,90.33,GSI_INVENTORY,Meghalaya,,Slide,Rainfall,point_00462
25.51,90.21,GSI_INVENTORY,Meghalaya,,Slide,Rainfall,point_00463
25.51028,90.21678,GSI_INVENTORY,Meghalaya,, , ,point_00464
25.5,90.21,GSI_INVENTORY,Meghalaya,,Slide,Rainfall,point_00465
25.5,90.22,GSI_INVENTORY,Meghalaya,,Slide,Rainfall,point_00466
25.25419,90.21486,GSI_INVENTORY,Meghalaya,,Slide, ,point_00467
25.53,89.98,GSI_INVENTORY,Meghalaya,,Slide,Rainfall,point_00468
25.57,89.98,GSI_INVENTORY,Meghalaya,,Slide,Rainfall,point_00469
25.58,89.99,GSI_INVENTORY,Meghalaya,,Slide,Rainfall,point_00470
25.6,90.03,GSI_INVENTORY,Meghalaya,,Slide,Rainfall,point_00471
25.67,90.18,GSI_INVENTORY,Meghalaya,,Slide,Rainfall,point_00472
25.6,90.29,GSI_INVENTORY,Meghalaya,,Slide,Rainfall,point_00473
25.61,90.29,GSI_INVENTORY,Meghalaya,,Slide,Rainfall,point_00474
25.61,90.3,GSI_INVENTORY,Meghalaya,,Slide,Rainfall,point_00475
25.61,90.31,GSI_INVENTORY,Meghalaya,,Slide,Rainfall,point_00476
25.62,90.33,GSI_INVENTORY,Meghalaya,,Slide,Rainfall,point_00477
25.63,90.33,GSI_INVENTORY,Meghalaya,,Slide,Anthropogenic,point_00478
25.65,90.38,GSI_INVENTORY,Meghalaya,,Slide,Rainfall,point_00479
25.79,90.44,GSI_INVENTORY,Meghalaya,,Slide,Rainfall,point_00480
26.006,90.595,GSI_INVENTORY,Assam,,Slide,1. Incessant rainfall,point_00481
26.061,90.605,GSI_INVENTORY,Assam,,Slide,Excessive slope cutting,point_00482
26.3848,90.5943,GSI_INVENTORY,Assam,,Slide,1. Incessant rainfall 2. Anthropogenic activity.,point_00483
26.3733,90.5499,GSI_INVENTORY,Assam,,Slide,1. Anthropogenic activity(Extensive slope cutting/Railway tunnel),point_00484
26.394,90.48,GSI_INVENTORY,Assam,,Slide,1. Incessant rainfall,point_00485
26.198,90.298,GSI_INVENTORY,Assam,,Slide,Anthropogenic,point_00486
26.76373,89.5161,GSI_INVENTORY,West Bengal,,Slide,Rainfall,point_00487
26.76458,89.51501,GSI_INVENTORY,West Bengal,,Slide,Rainfall,point_00488
26.76652,89.51872,GSI_INVENTORY,West Bengal,,Slide,Rainfall,point_00489
26.76263,89.53314,GSI_INVENTORY,West Bengal,,Slide,Rainfall,point_00490
26.75292,89.53155,GSI_INVENTORY,West Bengal,,Slide,Rainfall,point_00491
26.75451,89.53251,GSI_INVENTORY,West Bengal,,Slide,Rainfall,point_00492
26.75596,89.5324,GSI_INVENTORY,West Bengal,,Slide,Rainfall,point_00493
26.75651,89.53246,GSI_INVENTORY,West Bengal,,Slide,Rainfall,point_00494
26.75219,89.53051,GSI_INVENTORY,West Bengal,,Slide,Rainfall,point_00495
26.74404,89.54481,GSI_INVENTORY,West Bengal,,Slide,Rainfall,point_00496
26.73638,89.54876,GSI_INVENTORY,West Bengal,,Slide,Rainfall,point_00497
26.73753,89.54838,GSI_INVENTORY,West Bengal,,Slide,Rainfall,point_00498
26.74171,89.55106,GSI_INVENTORY,West Bengal,,Slide,Rainfall,point_00499
26.74136,89.55667,GSI_INVENTORY,West Bengal,,Slide,Rainfall,point_00500
26.74306,89.557,GSI_INVENTORY,West Bengal,,Slide,Rainfall,point_00501
26.74132,89.55948,GSI_INVENTORY,West Bengal,,Slide,Rainfall,point_00502
26.73782,89.58222,GSI_INVENTORY,West Bengal,,Slide,Rainfall,point_00503
26.73835,89.58033,GSI_INVENTORY,West Bengal,,Slide,Rainfall,point_00504
26.73957,89.58084,GSI_INVENTORY,West Bengal,,Slide,Rainfall,point_00505
26.73994,89.58199,GSI_INVENTORY,West Bengal,,Slide,Rainfall,point_00506
26.7411,89.58212,GSI_INVENTORY,West Bengal,,Slide,Rainfall,point_00507
26.74052,89.58132,GSI_INVENTORY,West Bengal,,Slide,Rainfall,point_00508
26.7418,89.58228,GSI_INVENTORY,West Bengal,,Slide,Rainfall,point_00509
26.73674,89.5596,GSI_INVENTORY,West Bengal,,Slide,Rainfall,point_00510
26.74395,89.56354,GSI_INVENTORY,West Bengal,,Slide,Rainfall,point_00511
26.74198,89.55965,GSI_INVENTORY,West Bengal,,Slide,Rainfall,point_00512
26.74457,89.5614,GSI_INVENTORY,West Bengal,,Slide,Rainfall,point_00513
26.74464,89.56365,GSI_INVENTORY,West Bengal,,Slide,Rainfall,point_00514
26.7493,89.56584,GSI_INVENTORY,West Bengal,,Slide,Rainfall,point_00515
26.74607,89.57295,GSI_INVENTORY,West Bengal,,Slide,Rainfall,point_00516
26.74819,89.57254,GSI_INVENTORY,West Bengal,,Slide,Rainfall,point_00517
26.7491,89.57165,GSI_INVENTORY,West Bengal,,Slide,Rainfall,point_00518
26.74685,89.57652,GSI_INVENTORY,West Bengal,,Slide,Rainfall,point_00519
26.7473,89.5749,GSI_INVENTORY,West Bengal,,Slide,Rainfall,point_00520
26.74558,89.57516,GSI_INVENTORY,West Bengal,,Slide,Rainfall,point_00521
26.74579,89.57599,GSI_INVENTORY,West Bengal,,Slide,Earthquake,point_00522
26.745,89.57644,GSI_INVENTORY,West Bengal,,Slide,Rainfall,point_00523
26.74497,89.57721,GSI_INVENTORY,West Bengal,,Slide,Rainfall,point_00524
26.74688,89.57881,GSI_INVENTORY,West Bengal,,Slide,Rainfall,point_00525
26.74777,89.57871,GSI_INVENTORY,West Bengal,,Slide,Rainfall,point_00526
26.75233,89.58255,GSI_INVENTORY,West Bengal,,Slide,Rainfall,point_00527
26.75506,89.57947,GSI_INVENTORY,West Bengal,,Slide,Rainfall,point_00528
26.7532,89.57555,GSI_INVENTORY,West Bengal,,Slide,Rainfall,point_00529
26.75185,89.57393,GSI_INVENTORY,West Bengal,,Slide,Rainfall,point_00530
26.75189,89.57319,GSI_INVENTORY,West Bengal,,Slide,Rainfall,point_00531
26.75601,89.5737,GSI_INVENTORY,West Bengal,,Slide,Rainfall,point_00532
26.76023,89.57299,GSI_INVENTORY,West Bengal,,Slide,Rainfall,point_00533
26.7585,89.57517,GSI_INVENTORY,West Bengal,,Slide,Rainfall,point_00534
26.76462,89.57573,GSI_INVENTORY,West Bengal,,Slide,Rainfall,point_00535
26.76481,89.57511,GSI_INVENTORY,West Bengal,,Slide,Rainfall,point_00536
26.76365,89.57447,GSI_INVENTORY,West Bengal,,Slide,Rainfall,point_00537
26.76436,89.54908,GSI_INVENTORY,West Bengal,,Slide,Rainfall,point_00538
26.76377,89.54806,GSI_INVENTORY,West Bengal,,Slide,Rainfall,point_00539
26.76116,89.55518,GSI_INVENTORY,West Bengal,,Slide,Rainfall,point_00540
26.74603,89.55211,GSI_INVENTORY,West Bengal,,Slide,Rainfall,point_00541
26.74869,89.54545,GSI_INVENTORY,West Bengal,,Slide,Rainfall,point_00542
26.74495,89.54569,GSI_INVENTORY,West Bengal,,Slide,Rainfall,point_00543
26.74577,89.54578,GSI_INVENTORY,West Bengal,,Slide,Rainfall,point_00544
26.74605,89.54529,GSI_INVENTORY,West Bengal,,Slide,Rainfall,point_00545
26.74665,89.54639,GSI_INVENTORY,West Bengal,,Slide,Rainfall,point_00546
26.74667,89.54467,GSI_INVENTORY,West Bengal,,Slide,Rainfall,point_00547
26.74742,89.54329,GSI_INVENTORY,West Bengal,,Slide,Rainfall,point_00548
26.74998,89.54288,GSI_INVENTORY,West Bengal,,Slide,Rainfall,point_00549
26.75165,89.53715,GSI_INVENTORY,West Bengal,,Slide,Rainfall,point_00550
26.75387,89.53894,GSI_INVENTORY,West Bengal,,Slide,Rainfall,point_00551
26.7513,89.5413,GSI_INVENTORY,West Bengal,,Slide,Rainfall,point_00552
26.75213,89.54079,GSI_INVENTORY,West Bengal,,Slide,Rainfall,point_00553
26.75291,89.54054,GSI_INVENTORY,West Bengal,,Slide,Rainfall,point_00554
26.75576,89.53743,GSI_INVENTORY,West Bengal,,Slide,Rainfall,point_00555
26.75761,89.53641,GSI_INVENTORY,West Bengal,,Slide,Rainfall,point_00556
26.75863,89.53741,GSI_INVENTORY,West Bengal,,Slide,Rainfall,point_00557
26.75886,89.53812,GSI_INVENTORY,West Bengal,,Slide,Rainfall,point_00558
26.76751,89.54068,GSI_INVENTORY,West Bengal,,Slide,Rainfall,point_00559
26.76771,89.53754,GSI_INVENTORY,West Bengal,,Slide,Rainfall,point_00560
26.79118,89.55258,GSI_INVENTORY,West Bengal,,Slide,Rainfall,point_00561
26.78792,89.55441,GSI_INVENTORY,West Bengal,,Slide,Rainfall,point_00562
26.80692,89.55587,GSI_INVENTORY,West Bengal,,Slide,Rainfall,point_00563
26.80204,89.54574,GSI_INVENTORY,West Bengal,,Slide,Rainfall,point_00564
26.81804,89.53242,GSI_INVENTORY,West Bengal,,Slide,Rainfall,point_00565
26.81654,89.52918,GSI_INVENTORY,West Bengal,,Slide,Rainfall,point_00566
26.81101,89.52065,GSI_INVENTORY,West Bengal,,Slide,Rainfall,point_00567
26.77599,89.5282,GSI_INVENTORY,West Bengal,,Slide,Rainfall,point_00568
26.7736,89.52872,GSI_INVENTORY,West Bengal,,Slide,Rainfall,point_00569
26.77182,89.52773,GSI_INVENTORY,West Bengal,,Slide,Rainfall,point_00570
26.77021,89.52371,GSI_INVENTORY,West Bengal,,Slide,Rainfall,point_00571
26.77113,89.52247,GSI_INVENTORY,West Bengal,,Slide,Rainfall,point_00572
26.77075,89.52095,GSI_INVENTORY,West Bengal,,Slide,Rainfall,point_00573
26.77436,89.51926,GSI_INVENTORY,West Bengal,,Slide,Rainfall,point_00574
26.77147,89.51847,GSI_INVENTORY,West Bengal,,Slide,Rainfall,point_00575
26.77066,89.51517,GSI_INVENTORY,West Bengal,,Slide,Rainfall,point_00576
26.77833,89.51885,GSI_INVENTORY,West Bengal,,Slide,Rainfall,point_00577
26.79177,89.52401,GSI_INVENTORY,West Bengal,,Slide,Rainfall,point_00578
26.79149,89.51009,GSI_INVENTORY,West Bengal,,Slide,Rainfall,point_00579
26.79204,89.50908,GSI_INVENTORY,West Bengal,,Slide,Rainfall,point_00580
26.79301,89.51035,GSI_INVENTORY,West Bengal,,Slide,Rainfall,point_00581
26.79458,89.50712,GSI_INVENTORY,West Bengal,,Slide,Rainfall,point_00582
26.78292,89.50797,GSI_INVENTORY,West Bengal,,Slide,Rainfall,point_00583
26.78483,89.51112,GSI_INVENTORY,West Bengal,,Slide,Rainfall,point_00584
26.77808,89.50375,GSI_INVENTORY,West Bengal,,Slide,Rainfall,point_00585
26.78001,89.50534,GSI_INVENTORY,West Bengal,,Slide,Rainfall,point_00586
26.81063,89.29571,GSI_INVENTORY,West Bengal,,Slide,Rainfall,point_00587
26.81308,89.28736,GSI_INVENTORY,West Bengal,,Slide,Rainfall,point_00588
26.82034,89.28679,GSI_INVENTORY,West Bengal,,Slide,Rainfall,point_00589
26.81955,89.28597,GSI_INVENTORY,West Bengal,,Slide,Rainfall,point_00590
26.81992,89.27377,GSI_INVENTORY,West Bengal,,Slide,Rainfall,point_00591
26.81995,89.27292,GSI_INVENTORY,West Bengal,,Slide,Rainfall,point_00592
26.81963,89.27179,GSI_INVENTORY,West Bengal,,Slide,Rainfall,point_00593
26.81062,89.26537,GSI_INVENTORY,West Bengal,,Slide,Rainfall,point_00594
26.81401,89.26899,GSI_INVENTORY,West Bengal,,Slide,Rainfall,point_00595
26.81525,89.25591,GSI_INVENTORY,West Bengal,,Slide,Rainfall,point_00596
26.81607,89.25606,GSI_INVENTORY,West Bengal,,Slide,Rainfall,point_00597
26.81289,89.25607,GSI_INVENTORY,West Bengal,,Slide,Rainfall,point_00598
26.8168,89.24193,GSI_INVENTORY,West Bengal,,Slide,Rainfall,point_00599
26.81514,89.23563,GSI_INVENTORY,West Bengal,,Slide,Rainfall,point_00600
26.8155,89.2409,GSI_INVENTORY,West Bengal,,Slide,Rainfall,point_00601
26.81164,89.24093,GSI_INVENTORY,West Bengal,,Slide,Rainfall,point_00602
26.81281,89.23756,GSI_INVENTORY,West Bengal,,Slide,Rainfall,point_00603
26.81261,89.23595,GSI_INVENTORY,West Bengal,,Slide,Rainfall,point_00604
26.8119,89.23626,GSI_INVENTORY,West Bengal,,Slide,Rainfall,point_00605
26.81092,89.24308,GSI_INVENTORY,West Bengal,,Slide,Rainfall,point_00606
26.81171,89.2418,GSI_INVENTORY,West Bengal,,Slide,Rainfall,point_00607
26.81138,89.24227,GSI_INVENTORY,West Bengal,,Slide,Rainfall,point_00608
26.81369,89.24221,GSI_INVENTORY,West Bengal,,Slide,Rainfall,point_00609
26.81346,89.24328,GSI_INVENTORY,West Bengal,,Slide,Rainfall,point_00610
26.81204,89.24551,GSI_INVENTORY,West Bengal,,Slide,Rainfall,point_00611
26.81351,89.24504,GSI_INVENTORY,West Bengal,,Slide,Rainfall,point_00612
26.81266,89.23477,GSI_INVENTORY,West Bengal,,Slide,Rainfall,point_00613
26.81715,89.2346,GSI_INVENTORY,West Bengal,,Slide,Rainfall,point_00614
26.81702,89.23282,GSI_INVENTORY,West Bengal,,Slide,Rainfall,point_00615
26.81817,89.2352,GSI_INVENTORY,West Bengal,,Slide,Rainfall,point_00616
26.81935,89.23509,GSI_INVENTORY,West Bengal,,Slide,Rainfall,point_00617
26.82638,89.2831,GSI_INVENTORY,West Bengal,,Slide,Rainfall,point_00618
26.82311,89.28756,GSI_INVENTORY,West Bengal,,Slide,Rainfall,point_00619
26.8274,89.28424,GSI_INVENTORY,West Bengal,,Slide,Rainfall,point_00620
26.72016,89.73242,GSI_INVENTORY,West Bengal,,Slide,Rainfall,point_00621
26.72098,89.71678,GSI_INVENTORY,West Bengal,,Slide,Rainfall,point_00622
26.73138,89.70656,GSI_INVENTORY,West Bengal,,Slide,Rainfall,point_00623
26.73067,89.70477,GSI_INVENTORY,West Bengal,,Slide,Rainfall,point_00624
26.72907,89.70688,GSI_INVENTORY,West Bengal,,Slide,Rainfall,point_00625
26.72743,89.70727,GSI_INVENTORY,West Bengal,,Slide,Rainfall,point_00626
26.721,89.70615,GSI_INVENTORY,West Bengal,,Slide,Rainfall,point_00627
26.72008,89.70683,GSI_INVENTORY,West Bengal,,Slide,Rainfall,point_00628
26.72316,89.70493,GSI_INVENTORY,West Bengal,,Slide,Rainfall,point_00629
26.72231,89.70396,GSI_INVENTORY,West Bengal,,Slide,Rainfall,point_00630
26.72148,89.70112,GSI_INVENTORY,West Bengal,,Slide,Rainfall,point_00631
26.72374,89.70094,GSI_INVENTORY,West Bengal,,Slide,Rainfall,point_00632
26.72514,89.70001,GSI_INVENTORY,West Bengal,,Slide,Rainfall,point_00633
26.7254,89.70289,GSI_INVENTORY,West Bengal,,Slide,Rainfall,point_00634
26.72902,89.70251,GSI_INVENTORY,West Bengal,,Slide,Rainfall,point_00635
26.73076,89.7039,GSI_INVENTORY,West Bengal,,Slide,Rainfall,point_00636
26.73065,89.70186,GSI_INVENTORY,West Bengal,,Slide,Rainfall,point_00637
26.73355,89.70416,GSI_INVENTORY,West Bengal,,Slide,Rainfall,point_00638
26.73342,89.70278,GSI_INVENTORY,West Bengal,,Slide,Rainfall,point_00639
26.73416,89.70493,GSI_INVENTORY,West Bengal,,Slide,Rainfall,point_00640
26.73171,89.70566,GSI_INVENTORY,West Bengal,,Slide,Rainfall,point_00641
26.72873,89.69689,GSI_INVENTORY,West Bengal,,Slide,Rainfall,point_00642
26.72538,89.69561,GSI_INVENTORY,West Bengal,,Slide,Rainfall,point_00643
26.72533,89.69692,GSI_INVENTORY,West Bengal,,Slide,Rainfall,point_00644
26.72614,89.69776,GSI_INVENTORY,West Bengal,,Slide,Rainfall,point_00645
26.7218,89.69592,GSI_INVENTORY,West Bengal,,Slide,Rainfall,point_00646
26.7268,89.6903,GSI_INVENTORY,West Bengal,,Slide,Rainfall,point_00647
26.72613,89.6902,GSI_INVENTORY,West Bengal,,Slide,Rainfall,point_00648
26.72831,89.67837,GSI_INVENTORY,West Bengal,,Slide,Rainfall,point_00649
26.73628,89.6844,GSI_INVENTORY,West Bengal,,Slide,Rainfall,point_00650
26.77229,89.63931,GSI_INVENTORY,West Bengal,,Slide,Rainfall,point_00651
26.7699,89.63949,GSI_INVENTORY,West Bengal,,Slide,Rainfall,point_00652
26.7719,89.63837,GSI_INVENTORY,West Bengal,,Slide,Rainfall,point_00653
26.78389,89.59747,GSI_INVENTORY,West Bengal,,Slide,Rainfall,point_00654
26.77388,89.58872,GSI_INVENTORY,West Bengal,,Slide,Rainfall,point_00655
26.77774,89.59835,GSI_INVENTORY,West Bengal,,Slide,Rainfall,point_00656
26.77029,89.60564,GSI_INVENTORY,West Bengal,,Slide,Rainfall,point_00657
26.77071,89.61099,GSI_INVENTORY,West Bengal,,Slide,Rainfall,point_00658
26.77512,89.62691,GSI_INVENTORY,West Bengal,,Slide,Rainfall,point_00659
26.7476,89.62895,GSI_INVENTORY,West Bengal,,Slide,Rainfall,point_00660
26.74731,89.61278,GSI_INVENTORY,West Bengal,,Slide,Rainfall,point_00661
26.75004,89.61377,GSI_INVENTORY,West Bengal,,Slide,Rainfall,point_00662
26.75053,89.61,GSI_INVENTORY,West Bengal,,Slide,Rainfall,point_00663
26.75073,89.60886,GSI_INVENTORY,West Bengal,,Slide,Rainfall,point_00664
26.74931,89.60821,GSI_INVENTORY,West Bengal,,Slide,Rainfall,point_00665
26.76633,89.5899,GSI_INVENTORY,West Bengal,,Slide,Rainfall,point_00666
26.76696,89.59132,GSI_INVENTORY,West Bengal,,Slide,Rainfall,point_00667
26.75181,89.58681,GSI_INVENTORY,West Bengal,,Slide,Rainfall,point_00668
26.7506,89.58534,GSI_INVENTORY,West Bengal,,Slide,Rainfall,point_00669
26.74563,89.58373,GSI_INVENTORY,West Bengal,,Slide,Rainfall,point_00670
26.74437,89.59416,GSI_INVENTORY,West Bengal,,Slide,Rainfall,point_00671
26.75475,89.5955,GSI_INVENTORY,West Bengal,,Slide,Rainfall,point_00672
26.75437,89.60089,GSI_INVENTORY,West Bengal,,Slide,Rainfall,point_00673
26.74376,89.5921,GSI_INVENTORY,West Bengal,,Slide,Rainfall,point_00674
26.73839,89.59001,GSI_INVENTORY,West Bengal,,Slide,Rainfall,point_00675
26.73946,89.58927,GSI_INVENTORY,West Bengal,,Slide,Rainfall,point_00676
26.74373,89.59118,GSI_INVENTORY,West Bengal,,Slide,Rainfall,point_00677
26.74226,89.58371,GSI_INVENTORY,West Bengal,,Slide,Rainfall,point_00678
26.74048,89.5828,GSI_INVENTORY,West Bengal,,Slide,Rainfall,point_00679
26.7384,89.58795,GSI_INVENTORY,West Bengal,,Slide,Rainfall,point_00680
26.7388,89.5883,GSI_INVENTORY,West Bengal,,Slide,Rainfall,point_00681
26.73488,89.58807,GSI_INVENTORY,West Bengal,,Slide,Rainfall,point_00682
26.73651,89.58438,GSI_INVENTORY,West Bengal,,Slide,Rainfall,point_00683
26.73245,89.59412,GSI_INVENTORY,West Bengal,,Slide,Rainfall,point_00684
26.73099,89.59158,GSI_INVENTORY,West Bengal,,Slide,Rainfall,point_00685
26.73123,89.59459,GSI_INVENTORY,West Bengal,,Slide,Rainfall,point_00686
26.7301,89.59653,GSI_INVENTORY,West Bengal,,Slide,Rainfall,point_00687
26.72887,89.59808,GSI_INVENTORY,West Bengal,,Slide,Rainfall,point_00688
26.72496,89.60554,GSI_INVENTORY,West Bengal,,Slide,Rainfall,point_00689
26.72307,89.6038,GSI_INVENTORY,West Bengal,,Slide,Rainfall,point_00690
26.7231,89.60205,GSI_INVENTORY,West Bengal,,Slide,Rainfall,point_00691
26.72291,89.60286,GSI_INVENTORY,West Bengal,,Slide,Rainfall,point_00692
26.72141,89.60227,GSI_INVENTORY,West Bengal,,Slide,Rainfall,point_00693
26.72041,89.60133,GSI_INVENTORY,West Bengal,,Slide,Rainfall,point_00694
26.72186,89.60371,GSI_INVENTORY,West Bengal,,Slide,Rainfall,point_00695
26.73361,89.60749,GSI_INVENTORY,West Bengal,,Slide,Rainfall,point_00696
26.73207,89.60751,GSI_INVENTORY,West Bengal,,Slide,Rainfall,point_00697
26.73751,89.6214,GSI_INVENTORY,West Bengal,,Slide,Rainfall,point_00698
26.73532,89.61936,GSI_INVENTORY,West Bengal,,Slide,Rainfall,point_00699
26.74127,89.62014,GSI_INVENTORY,West Bengal,,Slide,Rainfall,point_00700
26.71904,89.62236,GSI_INVENTORY,West Bengal,,Slide,Rainfall,point_00701
26.71905,89.62327,GSI_INVENTORY,West Bengal,,Slide,Rainfall,point_00702
26.72046,89.62585,GSI_INVENTORY,West Bengal,,Slide,Rainfall,point_00703
26.72111,89.62753,GSI_INVENTORY,West Bengal,,Slide,Rainfall,point_00704
26.7197,89.62658,GSI_INVENTORY,West Bengal,,Slide,Rainfall,point_00705
26.72085,89.63104,GSI_INVENTORY,West Bengal,,Slide,Rainfall,point_00706
26.71906,89.63219,GSI_INVENTORY,West Bengal,,Slide,Rainfall,point_00707
26.71892,89.63361,GSI_INVENTORY,West Bengal,,Slide,Rainfall,point_00708
26.71938,89.6413,GSI_INVENTORY,West Bengal,,Slide,Rainfall,point_00709
26.71993,89.64541,GSI_INVENTORY,West Bengal,,Slide,Rainfall,point_00710
26.756,89.63729,GSI_INVENTORY,West Bengal,,Slide,Rainfall,point_00711
26.76956,89.63951,GSI_INVENTORY,West Bengal,,Slide,Rainfall,point_00712
26.7651,89.65904,GSI_INVENTORY,West Bengal,,Slide,Rainfall,point_00713
26.76897,89.65906,GSI_INVENTORY,West Bengal,,Slide,Rainfall,point_00714
26.72203,89.66895,GSI_INVENTORY,West Bengal,,Slide,Rainfall,point_00715
26.72283,89.66925,GSI_INVENTORY,West Bengal,,Slide,Rainfall,point_00716
26.71975,89.67517,GSI_INVENTORY,West Bengal,,Slide,Rainfall,point_00717
26.71283,89.67318,GSI_INVENTORY,West Bengal,,Slide,Rainfall,point_00718
26.7085,89.66839,GSI_INVENTORY,West Bengal,,Slide,Rainfall,point_00719
26.70946,89.65298,GSI_INVENTORY,West Bengal,,Slide,Rainfall,point_00720
26.70685,89.65221,GSI_INVENTORY,West Bengal,,Slide,Rainfall,point_00721
26.70963,89.65986,GSI_INVENTORY,West Bengal,,Slide,Rainfall,point_00722
26.70131,89.65941,GSI_INVENTORY,West Bengal,,Slide,Rainfall,point_00723
26.70125,89.65804,GSI_INVENTORY,West Bengal,,Slide,Rainfall,point_00724
26.70235,89.65918,GSI_INVENTORY,West Bengal,,Slide,Rainfall,point_00725
26.70435,89.65824,GSI_INVENTORY,West Bengal,,Slide,Rainfall,point_00726
26.70322,89.65885,GSI_INVENTORY,West Bengal,,Slide,Rainfall,point_00727
26.70484,89.6596,GSI_INVENTORY,West Bengal,,Slide,Rainfall,point_00728
26.70208,89.6522,GSI_INVENTORY,West Bengal,,Slide,Rainfall,point_00729
26.69936,89.65436,GSI_INVENTORY,West Bengal,,Slide,Rainfall,point_00730
26.69934,89.65304,GSI_INVENTORY,West Bengal,,Slide,Rainfall,point_00731
26.69499,89.66613,GSI_INVENTORY,West Bengal,,Slide,Rainfall,point_00732
26.69688,89.66714,GSI_INVENTORY,West Bengal,,Slide,Rainfall,point_00733
26.69811,89.66729,GSI_INVENTORY,West Bengal,,Slide,Rainfall,point_00734
26.6976,89.66882,GSI_INVENTORY,West Bengal,,Slide,Rainfall,point_00735
26.70129,89.66388,GSI_INVENTORY,West Bengal,,Slide,Rainfall,point_00736
26.70247,89.67181,GSI_INVENTORY,West Bengal,,Slide,Rainfall,point_00737
26.70122,89.67506,GSI_INVENTORY,West Bengal,,Slide,Rainfall,point_00738
26.69779,89.6746,GSI_INVENTORY,West Bengal,,Slide,Rainfall,point_00739
26.69747,89.67428,GSI_INVENTORY,West Bengal,,Slide,Rainfall,point_00740
26.69832,89.67049,GSI_INVENTORY,West Bengal,,Slide,Rainfall,point_00741
26.697,89.67145,GSI_INVENTORY,West Bengal,,Slide,Rainfall,point_00742
26.69518,89.67016,GSI_INVENTORY,West Bengal,,Slide,Rainfall,point_00743
26.69376,89.67029,GSI_INVENTORY,West Bengal,,Slide,Rainfall,point_00744
26.69165,89.66842,GSI_INVENTORY,West Bengal,,Slide,Rainfall,point_00745
26.69858,89.65143,GSI_INVENTORY,West Bengal,,Slide,Rainfall,point_00746
26.7,89.64851,GSI_INVENTORY,West Bengal,,Slide,Rainfall,point_00747
26.70144,89.65007,GSI_INVENTORY,West Bengal,,Slide,Rainfall,point_00748
26.7031,89.65071,GSI_INVENTORY,West Bengal,,Slide,Rainfall,point_00749
26.70478,89.65185,GSI_INVENTORY,West Bengal,,Slide,Rainfall,point_00750
26.70608,89.6503,GSI_INVENTORY,West Bengal,,Slide,Rainfall,point_00751
26.70396,89.6491,GSI_INVENTORY,West Bengal,,Slide,Rainfall,point_00752
26.71284,89.65023,GSI_INVENTORY,West Bengal,,Slide,Rainfall,point_00753
26.71663,89.64641,GSI_INVENTORY,West Bengal,,Slide,Rainfall,point_00754
26.71801,89.63656,GSI_INVENTORY,West Bengal,,Slide,Rainfall,point_00755
26.70822,89.63229,GSI_INVENTORY,West Bengal,,Slide,Rainfall,point_00756
26.71474,89.62959,GSI_INVENTORY,West Bengal,,Slide,Rainfall,point_00757
26.71365,89.63072,GSI_INVENTORY,West Bengal,,Slide,Rainfall,point_00758
26.71331,89.6313,GSI_INVENTORY,West Bengal,,Slide,Rainfall,point_00759
26.71728,89.63413,GSI_INVENTORY,West Bengal,,Slide,Rainfall,point_00760
26.71817,89.63318,GSI_INVENTORY,West Bengal,,Slide,Rainfall,point_00761
26.71789,89.63243,GSI_INVENTORY,West Bengal,,Slide,Rainfall,point_00762
26.71832,89.6313,GSI_INVENTORY,West Bengal,,Slide,Rainfall,point_00763
26.71629,89.6309,GSI_INVENTORY,West Bengal,,Slide,Rainfall,point_00764
26.71665,89.62946,GSI_INVENTORY,West Bengal,,Slide,Rainfall,point_00765
26.718,89.63008,GSI_INVENTORY,West Bengal,,Slide,Rainfall,point_00766
26.71469,89.62745,GSI_INVENTORY,West Bengal,,Slide,Rainfall,point_00767
26.71827,89.62224,GSI_INVENTORY,West Bengal,,Slide,Rainfall,point_00768
26.71621,89.61803,GSI_INVENTORY,West Bengal,,Slide,Rainfall,point_00769
26.71655,89.61951,GSI_INVENTORY,West Bengal,,Slide,Rainfall,point_00770
26.70104,89.67846,GSI_INVENTORY,West Bengal,,Slide,Rainfall,point_00771
26.70231,89.67852,GSI_INVENTORY,West Bengal,,Slide,Rainfall,point_00772
26.70289,89.67705,GSI_INVENTORY,West Bengal,,Slide,Rainfall,point_00773
26.70182,89.67545,GSI_INVENTORY,West Bengal,,Slide,Rainfall,point_00774
26.71038,89.67737,GSI_INVENTORY,West Bengal,,Slide,Rainfall,point_00775
26.71014,89.69226,GSI_INVENTORY,West Bengal,,Slide,Rainfall,point_00776
26.71502,89.69525,GSI_INVENTORY,West Bengal,,Slide,Rainfall,point_00777
26.71572,89.6938,GSI_INVENTORY,West Bengal,,Slide,Rainfall,point_00778
26.71243,89.69687,GSI_INVENTORY,West Bengal,,Slide,Rainfall,point_00779
26.71003,89.69392,GSI_INVENTORY,West Bengal,,Slide,Rainfall,point_00780
26.71849,89.70478,GSI_INVENTORY,West Bengal,,Slide,Rainfall,point_00781
26.71875,89.70504,GSI_INVENTORY,West Bengal,,Slide,Rainfall,point_00782
26.71808,89.70596,GSI_INVENTORY,West Bengal,,Slide,Rainfall,point_00783
26.71728,89.71688,GSI_INVENTORY,West Bengal,,Slide,Rainfall,point_00784
26.71856,89.71952,GSI_INVENTORY,West Bengal,,Slide,Rainfall,point_00785
26.71707,89.73091,GSI_INVENTORY,West Bengal,,Slide,Rainfall,point_00786
27.74911,88.54297,GSI_INVENTORY,Sikkim,,Slide,Rainfall,point_00787
27.74519,88.54428,GSI_INVENTORY,Sikkim,,Slide,Rainfall,point_00788
27.74094,88.54536,GSI_INVENTORY,Sikkim,,Slide,Rainfall,point_00789
27.73528,88.54925,GSI_INVENTORY,Sikkim,,Slide,Rainfall,point_00790
27.72608,88.54975,GSI_INVENTORY,Sikkim,,Slide,Rainfall,point_00791
27.72847,88.55167,GSI_INVENTORY,Sikkim,,Slide,Rainfall,point_00792
27.72422,88.55286,GSI_INVENTORY,Sikkim,,Slide,Rainfall,point_00793
27.72361,88.55047,GSI_INVENTORY,Sikkim,,Slide,Rainfall,point_00794
27.71394,88.55736,GSI_INVENTORY,Sikkim,,Slide,Rainfall,point_00795
27.70431,88.56069,GSI_INVENTORY,Sikkim,,Slide,Rainfall,point_00796
27.70403,88.56175,GSI_INVENTORY,Sikkim,,Slide,Rainfall,point_00797
27.65286,88.607,GSI_INVENTORY,Sikkim,,Slide,Rainfall,point_00798
27.66244,88.60256,GSI_INVENTORY,Sikkim,,Slide,Rainfall,point_00799
27.67672,88.59719,GSI_INVENTORY,Sikkim,,Slide,Rainfall,point_00800
27.69714,88.57025,GSI_INVENTORY,Sikkim,,Slide,Rainfall,point_00801
27.70044,88.56608,GSI_INVENTORY,Sikkim,,Slide,Rainfall,point_00802
27.70133,88.56508,GSI_INVENTORY,Sikkim,,Slide,Rainfall,point_00803
27.64114,88.612,GSI_INVENTORY,Sikkim,,Slide,Rainfall,point_00804
27.63717,88.71203,GSI_INVENTORY,Sikkim,,Slide,Rainfall,point_00805
27.63869,88.71169,GSI_INVENTORY,Sikkim,,Slide,Rainfall,point_00806
27.67578,88.73342,GSI_INVENTORY,Sikkim,,Slide,Rainfall,point_00807
27.68639,88.73875,GSI_INVENTORY,Sikkim,,Slide,Rainfall,point_00808
27.6295,88.69278,GSI_INVENTORY,Sikkim,,Slide,Rainfall,point_00809
27.62936,88.69519,GSI_INVENTORY,Sikkim,,Slide,Rainfall,point_00810
27.62808,88.68531,GSI_INVENTORY,Sikkim,,Slide,Rainfall,point_00811
27.61344,88.65653,GSI_INVENTORY,Sikkim,,Slide,Rainfall,point_00812
27.61133,88.65522,GSI_INVENTORY,Sikkim,,Slide,Rainfall,point_00813
27.62994,88.61983,GSI_INVENTORY,Sikkim,,Slide,Rainfall,point_00814
27.61972,88.61886,GSI_INVENTORY,Sikkim,,Slide,Rainfall,point_00815
27.62181,88.61869,GSI_INVENTORY,Sikkim,,Slide,Rainfall,point_00816
27.61775,88.62364,GSI_INVENTORY,Sikkim,,Slide,Rainfall,point_00817
27.60906,88.65203,GSI_INVENTORY,Sikkim,,Slide,Rainfall,point_00818
27.57544,88.65142,GSI_INVENTORY,Sikkim,,Slide,Rainfall,point_00819
27.55489,88.65444,GSI_INVENTORY,Sikkim,,Slide,Rainfall,point_00820
27.55525,88.64756,GSI_INVENTORY,Sikkim,,Slide,Rainfall,point_00821
27.55092,88.64606,GSI_INVENTORY,Sikkim,,Slide,Rainfall,point_00822
27.55253,88.65353,GSI_INVENTORY,Sikkim,,Slide,Rainfall,point_00823
27.54569,88.636,GSI_INVENTORY,Sikkim,,Slide,Rainfall,point_00824
27.54842,88.64194,GSI_INVENTORY,Sikkim,,Slide,Rainfall,point_00825
27.54931,88.64489,GSI_INVENTORY,Sikkim,,Slide,Rainfall,point_00826
27.5435,88.62831,GSI_INVENTORY,Sikkim,,Slide,Rainfall,point_00827
27.55286,88.62231,GSI_INVENTORY,Sikkim,,Slide,Rainfall,point_00828
27.54711,88.60267,GSI_INVENTORY,Sikkim,,Slide,Rainfall,point_00829
27.53506,88.61019,GSI_INVENTORY,Sikkim,,Slide,Rainfall,point_00830
27.53372,88.60928,GSI_INVENTORY,Sikkim,,Slide,Rainfall,point_00831
27.55358,88.57719,GSI_INVENTORY,Sikkim,,Slide,Rainfall,point_00832
27.55356,88.58122,GSI_INVENTORY,Sikkim,,Slide,Rainfall,point_00833
27.54919,88.58356,GSI_INVENTORY,Sikkim,,Slide,Rainfall,point_00834
27.54633,88.58647,GSI_INVENTORY,Sikkim,,Slide,Rainfall,point_00835
27.54375,88.58475,GSI_INVENTORY,Sikkim,,Slide,Rainfall,point_00836
27.54586,88.58519,GSI_INVENTORY,Sikkim,,Slide,Rainfall,point_00837
27.53533,88.49797,GSI_INVENTORY,Sikkim,,Slide/Avalanche,Rainfall (effect of antecedent rainfall is more),point_00838
27.51731,88.54289,GSI_INVENTORY,Sikkim,,Slide,Rainfall,point_00839
27.502,88.5375,GSI_INVENTORY,Sikkim,,Slide,Rainfall,point_00840
27.48603,88.53269,GSI_INVENTORY,Sikkim,,Slide, ,point_00841
27.5091,88.53848,GSI_INVENTORY,Sikkim,,Slide, ,point_00842
27.51728,88.53967,GSI_INVENTORY,Sikkim,,Slide,Rainfall,point_00843
27.43839,88.51439,GSI_INVENTORY,Sikkim,,Slide,Rainfall,point_00844
27.44106,88.51369,GSI_INVENTORY,Sikkim,,Slide,Rainfall,point_00845
27.43308,88.51453,GSI_INVENTORY,Sikkim,,Slide,Rainfall,point_00846
27.43594,88.51517,GSI_INVENTORY,Sikkim,,Slide,Rainfall,point_00847
27.43878,88.52744,GSI_INVENTORY,Sikkim,,Slide,Rainfall,point_00848
27.43814,88.52703,GSI_INVENTORY,Sikkim,,Slide,Rainfall,point_00849
27.43656,88.52664,GSI_INVENTORY,Sikkim,,Slide,Rainfall,point_00850
27.44831,88.51967,GSI_INVENTORY,Sikkim,,Slide,Rainfall,point_00851
27.46169,88.52347,GSI_INVENTORY,Sikkim,,Slide,Rainfall,point_00852
27.48258,88.52875,GSI_INVENTORY,Sikkim,,Slide,Rainfall,point_00853
27.48258,88.52953,GSI_INVENTORY,Sikkim,,Slide,Rainfall,point_00854
27.4795,88.52847,GSI_INVENTORY,Sikkim,,Slide,Rainfall,point_00855
27.48047,88.53119,GSI_INVENTORY,Sikkim,,Slide,Rainfall,point_00856
27.48108,88.53067,GSI_INVENTORY,Sikkim,,Slide,Rainfall,point_00857
27.43789,88.60169,GSI_INVENTORY,Sikkim,,Slide,Rainfall,point_00858
27.51497,88.56547,GSI_INVENTORY,Sikkim,,Slide,Rainfall,point_00859
27.51644,88.58736,GSI_INVENTORY,Sikkim,,Slide,Rainfall,point_00860
27.52733,88.59078,GSI_INVENTORY,Sikkim,,Slide,Rainfall,point_00861
27.52964,88.59814,GSI_INVENTORY,Sikkim,,Slide,Rainfall,point_00862
27.52719,88.60322,GSI_INVENTORY,Sikkim,,Slide,Rainfall,point_00863
27.52872,88.60083,GSI_INVENTORY,Sikkim,,Slide,Rainfall,point_00864
27.52792,88.60225,GSI_INVENTORY,Sikkim,,Slide,Rainfall,point_00865
27.53167,88.60633,GSI_INVENTORY,Sikkim,,Slide,Rainfall,point_00866
27.52772,88.60797,GSI_INVENTORY,Sikkim,,Slide,Rainfall,point_00867
27.43744,88.61397,GSI_INVENTORY,Sikkim,,Slide,Rainfall,point_00868
27.42956,88.61167,GSI_INVENTORY,Sikkim,,Slide,Rainfall,point_00869
27.41744,88.62108,GSI_INVENTORY,Sikkim,,Slide,Rainfall,point_00870
27.41867,88.61678,GSI_INVENTORY,Sikkim,,Slide,Rainfall,point_00871
27.41847,88.61608,GSI_INVENTORY,Sikkim,,Slide,Rainfall,point_00872
27.41211,88.62708,GSI_INVENTORY,Sikkim,,Slide,Rainfall,point_00873
27.41731,88.62236,GSI_INVENTORY,Sikkim,,Slide,Rainfall,point_00874
27.41797,88.62336,GSI_INVENTORY,Sikkim,,Fall,Rainfall,point_00875
27.394,88.62525,GSI_INVENTORY,Sikkim,,Slide,Rainfall/ Earthquake,point_00876
27.39544,88.62358,GSI_INVENTORY,Sikkim,,Slide,Rainfall/ Earthquake,point_00877
27.3955,88.62356,GSI_INVENTORY,Sikkim,,Slide,Rainfall,point_00878
27.39808,88.61458,GSI_INVENTORY,Sikkim,,Slide,Rainfall,point_00879
27.39564,88.62167,GSI_INVENTORY,Sikkim,,Slide,Rainfall,point_00880
27.38381,88.63308,GSI_INVENTORY,Sikkim,,Fall,Rainfall/ Earthquake,point_00881
27.38128,88.63261,GSI_INVENTORY,Sikkim,,Fall,Rainfall/ Earthquake,point_00882
27.38444,88.63961,GSI_INVENTORY,Sikkim,,Slide,Rainfall,point_00883
27.38108,88.64063,GSI_INVENTORY,Sikkim,,Slide,Rainfall,point_00884
27.38192,88.64033,GSI_INVENTORY,Sikkim,,Fall,Rainfall/ Earthquake,point_00885
27.39306,88.63528,GSI_INVENTORY,Sikkim,,Slide,Rainfall.,point_00886
27.36506,88.65517,GSI_INVENTORY,Sikkim,,Slide,Rainfall,point_00887
27.34092,88.62839,GSI_INVENTORY,Sikkim,,Slide,Rainfall,point_00888
27.34144,88.62619,GSI_INVENTORY,Sikkim,,Slide,Rainfall,point_00889
27.33719,88.62183,GSI_INVENTORY,Sikkim,,Slide,Rainfall/ Earthquake,point_00890
27.37631,88.62958,GSI_INVENTORY,Sikkim,,Fall,Rainfall/ Earthquake,point_00891
27.37861,88.63108,GSI_INVENTORY,Sikkim,,Fall,Rainfall/ Earthquake,point_00892
27.37581,88.62528,GSI_INVENTORY,Sikkim,,Fall,Rainfall/ Earthquake,point_00893
27.37233,88.61756,GSI_INVENTORY,Sikkim,,Fall,Rainfall/ Earthquake,point_00894
27.34872,88.60056,GSI_INVENTORY,Sikkim,,Slide,Rainfall,point_00895
27.33825,88.60911,GSI_INVENTORY,Sikkim,,Subsidence,Rainfall,point_00896
27.42636,88.58303,GSI_INVENTORY,Sikkim,,Slide,Rainfall,point_00897
27.40825,88.57117,GSI_INVENTORY,Sikkim,,Slide,Rainfall/ Earthquake,point_00898
27.4097,88.54371,GSI_INVENTORY,Sikkim,,Fall, ,point_00899
27.39708,88.51917,GSI_INVENTORY,Sikkim,,Slide,Rainfall,point_00900
27.426,88.514,GSI_INVENTORY,Sikkim,,Slide,Rainfall,point_00901
27.42003,88.51594,GSI_INVENTORY,Sikkim,,Fall,Rainfall,point_00902
27.41131,88.51661,GSI_INVENTORY,Sikkim,,Slide,Rainfall,point_00903
27.39556,88.51753,GSI_INVENTORY,Sikkim,,Slide,Rainfall,point_00904
27.33078,88.49225,GSI_INVENTORY,Sikkim,,Slide,Rainfall,point_00905
27.37519,88.54275,GSI_INVENTORY,Sikkim,,Fall,Rainfall/ Earthquake,point_00906
27.37458,88.54233,GSI_INVENTORY,Sikkim,,Slide,Rainfall/ Earthquake,point_00907
27.37844,88.54167,GSI_INVENTORY,Sikkim,,Fall,Rainfall,point_00908
27.31503,88.55861,GSI_INVENTORY,Sikkim,,Slide,Rainfall,point_00909
27.31503,88.55814,GSI_INVENTORY,Sikkim,,Fall,Rainfall,point_00910
27.31392,88.55758,GSI_INVENTORY,Sikkim,,Slide,Rainfall,point_00911
27.31694,88.56006,GSI_INVENTORY,Sikkim,,Fall,Rainfall,point_00912
27.316,88.55989,GSI_INVENTORY,Sikkim,,Slide,Rainfall,point_00913
27.28408,88.54611,GSI_INVENTORY,Sikkim,,Slide,Rainfall,point_00914
27.31508,88.50606,GSI_INVENTORY,Sikkim,,Slide,Rainfall,point_00915
27.24086,88.48628,GSI_INVENTORY,Sikkim,,Slide,Rainfall,point_00916
27.24056,88.48025,GSI_INVENTORY,Sikkim,,Slide,Rainfall/ Earthquake,point_00917
27.23924,88.48416,GSI_INVENTORY,Sikkim,,Slide, ,point_00918
27.24019,88.48628,GSI_INVENTORY,Sikkim,,Slide,Rainfall,point_00919
27.22856,88.49389,GSI_INVENTORY,Sikkim,,Slide,Rainfall,point_00920
27.23339,88.5015,GSI_INVENTORY,Sikkim,,Slide,Rainfall,point_00921
27.23575,88.50647,GSI_INVENTORY,Sikkim,,Slide,Rainfall,point_00922
27.23772,88.51384,GSI_INVENTORY,Sikkim,,Slide, ,point_00923
27.23636,88.50875,GSI_INVENTORY,Sikkim,,Slide,Rainfall,point_00924
27.23575,88.50797,GSI_INVENTORY,Sikkim,,Slide,Rainfall,point_00925
27.23658,88.50961,GSI_INVENTORY,Sikkim,,Slide,Rainfall,point_00926
27.25056,88.53325,GSI_INVENTORY,Sikkim,,Slide,Rainfall,point_00927
27.25164,88.53136,GSI_INVENTORY,Sikkim,,Slide,Rainfall,point_00928
27.24503,88.52439,GSI_INVENTORY,Sikkim,,Slide,Rainfall,point_00929
27.26594,88.53456,GSI_INVENTORY,Sikkim,,Fall,Rainfall,point_00930
27.25478,88.54244,GSI_INVENTORY,Sikkim,,Slide,Rainfall,point_00931
27.25528,88.54361,GSI_INVENTORY,Sikkim,,Slide,Rainfall,point_00932
27.25969,88.55042,GSI_INVENTORY,Sikkim,,Slide,Rainfall,point_00933
27.25797,88.54886,GSI_INVENTORY,Sikkim,,Slide,Rainfall,point_00934
27.26258,88.56239,GSI_INVENTORY,Sikkim,,Slide,Rainfall,point_00935
27.26436,88.55839,GSI_INVENTORY,Sikkim,,Slide,Rainfall,point_00936
27.25677,88.55359,GSI_INVENTORY,Sikkim,,Slide, ,point_00937
27.23769,88.59881,GSI_INVENTORY,Sikkim,,Slide,Rainfall,point_00938
27.23569,88.6025,GSI_INVENTORY,Sikkim,,Slide,Rainfall,point_00939
27.23811,88.60153,GSI_INVENTORY,Sikkim,,Slide,Rainfall,point_00940
27.24144,88.60681,GSI_INVENTORY,Sikkim,,Fall and Slide,Heavy rainfall,point_00941
27.31583,88.60667,GSI_INVENTORY,Sikkim,,Slide,Rainfall.,point_00942
27.29294,88.58942,GSI_INVENTORY,Sikkim,,Slide,Rainfall,point_00943
27.28244,88.59892,GSI_INVENTORY,Sikkim,,Slide,Rainfall,point_00944
27.32947,88.64892,GSI_INVENTORY,Sikkim,,Slide,Rainfall,point_00945
27.29356,88.64206,GSI_INVENTORY,Sikkim,,Slide,Rainfall,point_00946
27.24619,88.62569,GSI_INVENTORY,Sikkim,,Fall,Rainfall,point_00947
27.22975,88.61936,GSI_INVENTORY,Sikkim,,Slide,Rainfall,point_00948
27.23342,88.63481,GSI_INVENTORY,Sikkim,,Slide,Rainfall,point_00949
27.23592,88.64517,GSI_INVENTORY,Sikkim,,Fall,Rainfall/ Earthquake,point_00950
27.25097,88.65983,GSI_INVENTORY,Sikkim,,Fall,Rainfall,point_00951
27.25708,88.65975,GSI_INVENTORY,Sikkim,,Slide,Rainfall,point_00952
27.25708,88.69658,GSI_INVENTORY,Sikkim,,Slide,Rainfall,point_00953
27.25714,88.69756,GSI_INVENTORY,Sikkim,,Slide,Rainfall,point_00954
27.25267,88.69419,GSI_INVENTORY,Sikkim,,Slide,Rainfall,point_00955
27.25089,88.71544,GSI_INVENTORY,Sikkim,,Slide,Rainfall,point_00956
27.25475,88.711,GSI_INVENTORY,Sikkim,,Slide,Rainfall,point_00957
27.25983,88.71172,GSI_INVENTORY,Sikkim,,Slide,Rainfall/ Earthquake,point_00958
27.256,88.70617,GSI_INVENTORY,Sikkim,,Slide,Rainfall,point_00959
27.25822,88.70478,GSI_INVENTORY,Sikkim,,Slide,Rainfall,point_00960
27.37867,88.69961,GSI_INVENTORY,Sikkim,,Topple,Rainfall/ Earthquake,point_00961
27.37842,88.69722,GSI_INVENTORY,Sikkim,,Slide,Rainfall,point_00962
27.37228,88.68894,GSI_INVENTORY,Sikkim,,Slide,Rainfall,point_00963
27.36931,88.69158,GSI_INVENTORY,Sikkim,,Slide,Rainfall,point_00964
27.37047,88.68642,GSI_INVENTORY,Sikkim,,Slide,Rainfall,point_00965
27.37086,88.68317,GSI_INVENTORY,Sikkim,,Slide,Rainfall,point_00966
27.37028,88.67361,GSI_INVENTORY,Sikkim,,Subsidence,Rainfall.,point_00967
27.37181,88.67717,GSI_INVENTORY,Sikkim,,Slide,Rainfall,point_00968
27.37008,88.67925,GSI_INVENTORY,Sikkim,,Slide,Rainfall,point_00969
27.37075,88.67944,GSI_INVENTORY,Sikkim,,Slide,Rainfall,point_00970
27.38131,88.69044,GSI_INVENTORY,Sikkim,,Slide,Rainfall,point_00971
27.38156,88.69181,GSI_INVENTORY,Sikkim,,Slide,Rainfall,point_00972
27.38336,88.70261,GSI_INVENTORY,Sikkim,,Slide,Rainfall,point_00973
27.37281,88.73914,GSI_INVENTORY,Sikkim,,Slide,Rainfall,point_00974
27.37347,88.73172,GSI_INVENTORY,Sikkim,,Slide,Rainfall,point_00975
27.37503,88.72828,GSI_INVENTORY,Sikkim,,Slide,Rainfall,point_00976
27.37583,88.72672,GSI_INVENTORY,Sikkim,,Slide,Rainfall,point_00977
27.38081,88.726,GSI_INVENTORY,Sikkim,,Slide,Rainfall,point_00978
27.37347,88.72194,GSI_INVENTORY,Sikkim,,Slide,Rainfall,point_00979
27.37308,88.72003,GSI_INVENTORY,Sikkim,,Slide,Rainfall,point_00980
27.36933,88.71492,GSI_INVENTORY,Sikkim,,Fall,Rainfall/ Earthquake,point_00981
27.37514,88.70803,GSI_INVENTORY,Sikkim,,Slide,Rainfall,point_00982
27.36819,88.71117,GSI_INVENTORY,Sikkim,,Fall,Rainfall/ Earthquake,point_00983
27.37097,88.71011,GSI_INVENTORY,Sikkim,,Fall,Rainfall/ Earthquake,point_00984
27.36711,88.77603,GSI_INVENTORY,Sikkim,,Slide,Rainfall,point_00985
27.36458,88.78733,GSI_INVENTORY,Sikkim,,Slide,Rainfall,point_00986
27.36892,88.79461,GSI_INVENTORY,Sikkim,,Slide,Rainfall,point_00987
27.37475,88.78289,GSI_INVENTORY,Sikkim,,Slide,Rainfall,point_00988
27.37831,88.77008,GSI_INVENTORY,Sikkim,,Slide,Rainfall,point_00989
27.37686,88.76617,GSI_INVENTORY,Sikkim,,Slide,Rainfall,point_00990
27.38375,88.80869,GSI_INVENTORY,Sikkim,,Slide,Rainfall,point_00991
27.38086,88.81236,GSI_INVENTORY,Sikkim,,Slide,Rainfall,point_00992
27.36158,88.83931,GSI_INVENTORY,Sikkim,,Slide,Rainfall,point_00993
27.35858,88.84019,GSI_INVENTORY,Sikkim,,Slide,Rainfall,point_00994
27.36472,88.83492,GSI_INVENTORY,Sikkim,,Slide,Rainfall,point_00995
27.37622,88.79967,GSI_INVENTORY,Sikkim,,Slide,Rainfall,point_00996
27.3145,88.8365,GSI_INVENTORY,Sikkim,,Slide,Rainfall,point_00997
27.29258,88.82042,GSI_INVENTORY,Sikkim,,Slide,Rainfall,point_00998
27.28867,88.81611,GSI_INVENTORY,Sikkim,,Slide,Rainfall,point_00999
27.27997,88.80428,GSI_INVENTORY,Sikkim,,Slide,Rainfall,point_01000
27.26469,88.79267,GSI_INVENTORY,Sikkim,,Slide,Rainfall,point_01001
27.2615,88.78878,GSI_INVENTORY,Sikkim,,Slide,Rainfall,point_01002
27.26525,88.78956,GSI_INVENTORY,Sikkim,,Slide,Rainfall,point_01003
27.26539,88.78828,GSI_INVENTORY,Sikkim,,Slide,Rainfall,point_01004
27.26328,88.78667,GSI_INVENTORY,Sikkim,,Slide,Rainfall,point_01005
27.25353,88.78611,GSI_INVENTORY,Sikkim,,Slide,Rainfall,point_01006
27.0927,88.8641,GSI_INVENTORY,West Bengal,,Flow,Rainfall,point_01007
27.08906,88.86402,GSI_INVENTORY,West Bengal,,Flow,Rainfall,point_01008
27.07656,88.86356,GSI_INVENTORY,West Bengal,,Slide,Rainfall,point_01009
27.07702,88.86285,GSI_INVENTORY,West Bengal,,Slide,Rainfall,point_01010
27.07797,88.87022,GSI_INVENTORY,West Bengal,,Slide,Rainfall,point_01011
27.10017,88.86972,GSI_INVENTORY,West Bengal,,Flow,Rainfall,point_01012
27.05683,88.87748,GSI_INVENTORY,West Bengal,,Slide,Rainfall,point_01013
27.05891,88.87036,GSI_INVENTORY,West Bengal,,Slide,Rainfall,point_01014
27.06755,88.87023,GSI_INVENTORY,West Bengal,,Flow,Rainfall,point_01015
27.07118,88.86919,GSI_INVENTORY,West Bengal,,Subsidence,Rainfall,point_01016
27.02789,88.85381,GSI_INVENTORY,West Bengal,,Slide,Rainfall,point_01017
27.03354,88.85502,GSI_INVENTORY,West Bengal,,Slide,Rainfall,point_01018
27.04198,88.87516,GSI_INVENTORY,West Bengal,,Slide,Rainfall,point_01019
26.85554,89.10525,GSI_INVENTORY,West Bengal,,Slide,Rainfall,point_01020
26.85246,89.10482,GSI_INVENTORY,West Bengal,,Slide,Rainfall,point_01021
26.86865,89.09915,GSI_INVENTORY,West Bengal,,Slide,Rainfall,point_01022
26.91175,88.56217,GSI_INVENTORY,West Bengal,,Slide,Rainfall,point_01023
26.91644,88.56286,GSI_INVENTORY,West Bengal,,Slide,Rainfall,point_01024
26.92169,88.55839,GSI_INVENTORY,West Bengal,,Slide,Rainfall,point_01025
26.90147,88.53608,GSI_INVENTORY,West Bengal,,Slide,Rainfall,point_01026
26.89908,88.53212,GSI_INVENTORY,West Bengal,,Slide,Rainfall,point_01027
26.91239,88.50389,GSI_INVENTORY,West Bengal,,Slide,Rainfall,point_01028
26.90001,88.49991,GSI_INVENTORY,West Bengal,,Slide,Rainfall,point_01029
26.90033,88.50427,GSI_INVENTORY,West Bengal,,Slide,Rainfall,point_01030
26.90238,88.51158,GSI_INVENTORY,West Bengal,,Slide,Rainfall,point_01031
26.90335,88.51143,GSI_INVENTORY,West Bengal,,Slide,Rainfall,point_01032
26.90439,88.51642,GSI_INVENTORY,West Bengal,,Slide,Rainfall,point_01033
26.90274,88.51373,GSI_INVENTORY,West Bengal,,Slide,Rainfall,point_01034
26.89558,88.50202,GSI_INVENTORY,West Bengal,,Slide,Rainfall,point_01035
26.88915,88.477,GSI_INVENTORY,West Bengal,,Slide,Rainfall,point_01036
26.88678,88.47747,GSI_INVENTORY,West Bengal,,Slide,Rainfall,point_01037
26.89788,88.47225,GSI_INVENTORY,West Bengal,,Slide,Rainfall,point_01038
26.90186,88.47693,GSI_INVENTORY,West Bengal,,Slide,Rainfall,point_01039
26.90122,88.47475,GSI_INVENTORY,West Bengal,,Slide,Rainfall,point_01040
26.90458,88.47511,GSI_INVENTORY,West Bengal,,Slide,Rainfall,point_01041
26.92014,88.49452,GSI_INVENTORY,West Bengal,,Slide,Rainfall,point_01042
26.92207,88.48011,GSI_INVENTORY,West Bengal,,Slide,Rainfall,point_01043
26.92911,88.48199,GSI_INVENTORY,West Bengal,,Slide,Rainfall,point_01044
26.93247,88.47804,GSI_INVENTORY,West Bengal,,Slide,Rainfall,point_01045
26.92494,88.49919,GSI_INVENTORY,West Bengal,,Slide,Rainfall,point_01046
26.93778,88.50747,GSI_INVENTORY,West Bengal,,Slide,Rainfall,point_01047
26.94092,88.51297,GSI_INVENTORY,West Bengal,,Slide,Rainfall,point_01048
26.94258,88.51278,GSI_INVENTORY,West Bengal,,Slide,Rainfall,point_01049
26.94339,88.511,GSI_INVENTORY,West Bengal,,Slide,Rainfall,point_01050
26.93661,88.5065,GSI_INVENTORY,West Bengal,,Slide,Rainfall,point_01051
26.947,88.49817,GSI_INVENTORY,West Bengal,,Slide,Rainfall,point_01052
26.95036,88.49539,GSI_INVENTORY,West Bengal,,Slide,Rainfall,point_01053
26.96438,88.5159,GSI_INVENTORY,West Bengal,,Slide,Rainfall,point_01054
26.94843,88.48874,GSI_INVENTORY,West Bengal,,Slide,Rainfall,point_01055
26.97699,88.47295,GSI_INVENTORY,West Bengal,,Slide,Rainfall,point_01056
26.98088,88.47488,GSI_INVENTORY,West Bengal,,Slide,Rainfall,point_01057
27.00293,88.47808,GSI_INVENTORY,West Bengal,,Slide,Rainfall,point_01058
27.01959,88.49381,GSI_INVENTORY,West Bengal,,Slide,Rainfall,point_01059
27.019,88.495,GSI_INVENTORY,West Bengal,,Slide,Heavy rainfall,point_01060
27.02006,88.49703,GSI_INVENTORY,West Bengal,,Slide,Rainfall,point_01061
26.98056,88.53247,GSI_INVENTORY,West Bengal,,Slide,Rainfall,point_01062
26.98842,88.54006,GSI_INVENTORY,West Bengal,,Fall,Rainfall,point_01063
26.99661,88.53697,GSI_INVENTORY,West Bengal,,Subsidence,Rainfall,point_01064
26.99825,88.52708,GSI_INVENTORY,West Bengal,,Fall,Rainfall,point_01065
27.00997,88.52028,GSI_INVENTORY,West Bengal,,Creep,Rainfall,point_01066
27.024,88.532,GSI_INVENTORY,West Bengal,,Slide,Rainfall,point_01067
27.02217,88.53553,GSI_INVENTORY,West Bengal,,Slide,Rainfall,point_01068
27.02119,88.53683,GSI_INVENTORY,West Bengal,,Slide,Rainfall,point_01069
27.02418,88.53679,GSI_INVENTORY,West Bengal,,Slide,Rainfall,point_01070
27.01444,88.54025,GSI_INVENTORY,West Bengal,,Slide,Rainfall,point_01071
27.01,88.53344,GSI_INVENTORY,West Bengal,,Subsidence,Rainfall,point_01072
27.01398,88.54265,GSI_INVENTORY,West Bengal,,Slide,Rainfall,point_01073
26.98653,88.56314,GSI_INVENTORY,West Bengal,,Slide,Rainfall,point_01074
26.98853,88.55756,GSI_INVENTORY,West Bengal,,Slide,Rainfall,point_01075
26.98759,88.55325,GSI_INVENTORY,West Bengal,,Slide,Rainfall,point_01076
26.99035,88.55437,GSI_INVENTORY,West Bengal,,Slide,Rainfall,point_01077
26.98911,88.54603,GSI_INVENTORY,West Bengal,,Slide,Rainfall,point_01078
26.99156,88.54883,GSI_INVENTORY,West Bengal,,Slide,Rainfall,point_01079
26.98351,88.55048,GSI_INVENTORY,West Bengal,,Slide,Rainfall,point_01080
26.9812,88.55258,GSI_INVENTORY,West Bengal,,Slide,Rainfall,point_01081
26.98092,88.55084,GSI_INVENTORY,West Bengal,,Slide,Rainfall,point_01082
26.98079,88.55379,GSI_INVENTORY,West Bengal,,Slide,Rainfall,point_01083
26.98456,88.56428,GSI_INVENTORY,West Bengal,,Slide,Rainfall,point_01084
26.96594,88.56236,GSI_INVENTORY,West Bengal,,Slide,Rainfall,point_01085
26.96364,88.56275,GSI_INVENTORY,West Bengal,,Slide,Rainfall,point_01086
26.96211,88.56161,GSI_INVENTORY,West Bengal,,Slide,Rainfall,point_01087
26.95172,88.557,GSI_INVENTORY,West Bengal,,Slide,Rainfall,point_01088
26.95849,88.54772,GSI_INVENTORY,West Bengal,,Slide,Rainfall,point_01089
26.95735,88.54878,GSI_INVENTORY,West Bengal,,Slide,Rainfall,point_01090
26.95056,88.5515,GSI_INVENTORY,West Bengal,,Slide,Rainfall,point_01091
26.95507,88.54243,GSI_INVENTORY,West Bengal,,Slide,Rainfall,point_01092
26.95643,88.54257,GSI_INVENTORY,West Bengal,,Slide,Rainfall,point_01093
26.95759,88.54601,GSI_INVENTORY,West Bengal,,Slide,Rainfall,point_01094
26.94598,88.54073,GSI_INVENTORY,West Bengal,,Slide,Rainfall,point_01095
26.94515,88.54126,GSI_INVENTORY,West Bengal,,Slide,Rainfall,point_01096
26.94584,88.53867,GSI_INVENTORY,West Bengal,,Slide,Rainfall,point_01097
26.93406,88.52742,GSI_INVENTORY,West Bengal,,Slide,Rainfall,point_01098
26.93202,88.51881,GSI_INVENTORY,West Bengal,,Slide,Rainfall,point_01099
26.93449,88.54091,GSI_INVENTORY,West Bengal,,Slide,Rainfall,point_01100
26.92915,88.54773,GSI_INVENTORY,West Bengal,,Slide,Rainfall,point_01101
26.93158,88.54743,GSI_INVENTORY,West Bengal,,Slide,Rainfall,point_01102
26.93303,88.55132,GSI_INVENTORY,West Bengal,,Slide,Rainfall,point_01103
26.94481,88.54219,GSI_INVENTORY,West Bengal,,Slide,Rainfall,point_01104
26.94681,88.54363,GSI_INVENTORY,West Bengal,,Slide,Rainfall,point_01105
26.94723,88.54741,GSI_INVENTORY,West Bengal,,Slide,Rainfall,point_01106
26.94531,88.55289,GSI_INVENTORY,West Bengal,,Slide,Rainfall,point_01107
26.92946,88.55924,GSI_INVENTORY,West Bengal,,Slide,Rainfall,point_01108
26.93305,88.55815,GSI_INVENTORY,West Bengal,,Slide,Rainfall,point_01109
26.93327,88.55498,GSI_INVENTORY,West Bengal,,Slide,Rainfall,point_01110
26.93648,88.56503,GSI_INVENTORY,West Bengal,,Slide,Rainfall,point_01111
26.937,88.56554,GSI_INVENTORY,West Bengal,,Slide,Rainfall,point_01112
26.93942,88.56717,GSI_INVENTORY,West Bengal,,Slide,Rainfall,point_01113
26.94354,88.56464,GSI_INVENTORY,West Bengal,,Slide,Rainfall,point_01114
26.94711,88.56901,GSI_INVENTORY,West Bengal,,Slide,Rainfall,point_01115
26.94354,88.56942,GSI_INVENTORY,West Bengal,,Slide,Rainfall,point_01116
26.94114,88.57144,GSI_INVENTORY,West Bengal,,Slide,Rainfall,point_01117
26.95383,88.59091,GSI_INVENTORY,West Bengal,,Slide,Rainfall,point_01118
26.95902,88.58822,GSI_INVENTORY,West Bengal,,Slide,Rainfall,point_01119
26.94991,88.60348,GSI_INVENTORY,West Bengal,,Slide,Rainfall,point_01120
26.94832,88.60441,GSI_INVENTORY,West Bengal,,Slide,Rainfall,point_01121
26.95476,88.60281,GSI_INVENTORY,West Bengal,,Slide,Rainfall,point_01122
26.96306,88.59968,GSI_INVENTORY,West Bengal,,Slide,Rainfall,point_01123
26.96277,88.57867,GSI_INVENTORY,West Bengal,,Slide,Rainfall,point_01124
26.94846,88.56864,GSI_INVENTORY,West Bengal,,Slide,Rainfall,point_01125
26.97108,88.57522,GSI_INVENTORY,West Bengal,,Slide,Rainfall,point_01126
26.96844,88.56473,GSI_INVENTORY,West Bengal,,Slide,Rainfall,point_01127
26.97661,88.56656,GSI_INVENTORY,West Bengal,,Subsidence,Rainfall,point_01128
26.98436,88.56619,GSI_INVENTORY,West Bengal,,Slide,Rainfall,point_01129
26.97847,88.58499,GSI_INVENTORY,West Bengal,,Slide,Rainfall,point_01130
26.98472,88.58473,GSI_INVENTORY,West Bengal,,Slide,Rainfall,point_01131
26.98131,88.57624,GSI_INVENTORY,West Bengal,,Slide,Rainfall,point_01132
26.98629,88.57953,GSI_INVENTORY,West Bengal,,Slide,Rainfall,point_01133
26.98892,88.58286,GSI_INVENTORY,West Bengal,,Slide,Rainfall,point_01134
26.99272,88.5825,GSI_INVENTORY,West Bengal,,Slide,Rainfall,point_01135
26.99394,88.58267,GSI_INVENTORY,West Bengal,,Slide,Rainfall,point_01136
26.9886,88.5735,GSI_INVENTORY,West Bengal,,Slide,Rainfall,point_01137
26.98636,88.56864,GSI_INVENTORY,West Bengal,,Slide,Rainfall,point_01138
27.01054,88.5874,GSI_INVENTORY,West Bengal,,Slide,Rainfall,point_01139
27.00826,88.58288,GSI_INVENTORY,West Bengal,,Slide,Rainfall,point_01140
27.00535,88.5765,GSI_INVENTORY,West Bengal,,Slide,Rainfall,point_01141
27.00349,88.59585,GSI_INVENTORY,West Bengal,,Slide,Rainfall,point_01142
27.00751,88.58945,GSI_INVENTORY,West Bengal,,Slide,Rainfall,point_01143
27.00771,88.58956,GSI_INVENTORY,West Bengal,,Slide,Rainfall,point_01144
27.01433,88.59694,GSI_INVENTORY,West Bengal,,Subsidence,Rainfall,point_01145
27.01196,88.59827,GSI_INVENTORY,West Bengal,,Subsidence,Rainfall,point_01146
27.00669,88.60189,GSI_INVENTORY,West Bengal,,Slide,Rainfall,point_01147
27.00363,88.59972,GSI_INVENTORY,West Bengal,,Slide,Rainfall,point_01148
26.99303,88.59227,GSI_INVENTORY,West Bengal,,Slide,Rainfall,point_01149
26.98978,88.58974,GSI_INVENTORY,West Bengal,,Slide,Rainfall,point_01150
26.97733,88.5889,GSI_INVENTORY,West Bengal,,Slide,Rainfall,point_01151
26.9767,88.59601,GSI_INVENTORY,West Bengal,,Slide,Rainfall,point_01152
26.97725,88.59854,GSI_INVENTORY,West Bengal,,Slide,Rainfall,point_01153
26.97596,88.59693,GSI_INVENTORY,West Bengal,,Slide,Rainfall,point_01154
26.97363,88.60035,GSI_INVENTORY,West Bengal,,Slide,Rainfall,point_01155
27.00237,88.61972,GSI_INVENTORY,West Bengal,,Slide,Rainfall,point_01156
27.02078,88.61601,GSI_INVENTORY,West Bengal,,Slide,Rainfall,point_01157
27.00549,88.64013,GSI_INVENTORY,West Bengal,,Slide,Rainfall,point_01158
27.01051,88.65634,GSI_INVENTORY,West Bengal,,Slide,Rainfall,point_01159
26.98422,88.64456,GSI_INVENTORY,West Bengal,,Slide,Rainfall,point_01160
27.00475,88.80835,GSI_INVENTORY,West Bengal,,Slide,Rainfall,point_01161
27.00436,88.80814,GSI_INVENTORY,West Bengal,,Slide,Rainfall,point_01162
27.0155,88.7438,GSI_INVENTORY,West Bengal,,Slide,Rainfall,point_01163
27.01762,88.72842,GSI_INVENTORY,West Bengal,,Slide,Rainfall,point_01164
27.02161,88.73507,GSI_INVENTORY,West Bengal,,Slide,Rainfall,point_01165
27.01773,88.7236,GSI_INVENTORY,West Bengal,,Slide,Rainfall,point_01166
27.01422,88.71999,GSI_INVENTORY,West Bengal,,Slide,Rainfall,point_01167
27.00446,88.7258,GSI_INVENTORY,West Bengal,,Slide,Rainfall,point_01168
26.99597,88.70377,GSI_INVENTORY,West Bengal,,Slide,Rainfall,point_01169
26.97006,88.74011,GSI_INVENTORY,West Bengal,,Slide,Rainfall,point_01170
26.96959,88.73414,GSI_INVENTORY,West Bengal,,Slide,Rainfall,point_01171
26.9659,88.7028,GSI_INVENTORY,West Bengal,,Slide,Heavy rainfall,point_01172
26.963,88.70268,GSI_INVENTORY,West Bengal,,Slide,Rainfall,point_01173
26.98176,88.70209,GSI_INVENTORY,West Bengal,,Subsidence,Rainfall,point_01174
26.9852,88.70045,GSI_INVENTORY,West Bengal,,Slide,Rainfall,point_01175
26.98763,88.6994,GSI_INVENTORY,West Bengal,,Slide,Heavy rainfall,point_01176
26.99018,88.70225,GSI_INVENTORY,West Bengal,,Slide,Rainfall,point_01177
26.98966,88.69912,GSI_INVENTORY,West Bengal,,Slide,Rainfall,point_01178
26.9981,88.7007,GSI_INVENTORY,West Bengal,,Slide,Heavy rainfall,point_01179
26.99696,88.68614,GSI_INVENTORY,West Bengal,,Fall,Rainfall,point_01180
26.9994,88.68313,GSI_INVENTORY,West Bengal,,Slide,Rainfall,point_01181
27.00566,88.68835,GSI_INVENTORY,West Bengal,,Slide,Rainfall,point_01182
27.00722,88.69044,GSI_INVENTORY,West Bengal,,Slide,Rainfall,point_01183
26.99972,88.70007,GSI_INVENTORY,West Bengal,,Slide,Rainfall,point_01184
27.0015,88.7025,GSI_INVENTORY,West Bengal,,Subsidence,Heavy rainfall,point_01185
27.0219,88.6978,GSI_INVENTORY,West Bengal,,Slide,Heavy rainfall,point_01186
27.02364,88.69712,GSI_INVENTORY,West Bengal,,Slide,Rainfall,point_01187
27.01963,88.69566,GSI_INVENTORY,West Bengal,,Slide,Rainfall,point_01188
27.01412,88.67869,GSI_INVENTORY,West Bengal,,Slide,Rainfall,point_01189
27.01415,88.67793,GSI_INVENTORY,West Bengal,,Slide,Rainfall,point_01190
27.0131,88.6785,GSI_INVENTORY,West Bengal,,Slide,Rainfall,point_01191
27.01157,88.67598,GSI_INVENTORY,West Bengal,,Slide,Rainfall,point_01192
27.01162,88.65929,GSI_INVENTORY,West Bengal,,Slide,Rainfall,point_01193
27.02792,88.66004,GSI_INVENTORY,West Bengal,,Slide,Rainfall,point_01194
27.02955,88.66667,GSI_INVENTORY,West Bengal,,Slide,Rainfall,point_01195
27.03088,88.66714,GSI_INVENTORY,West Bengal,,Slide,Rainfall,point_01196
27.04678,88.66717,GSI_INVENTORY,West Bengal,,Slide,Rainfall,point_01197
27.04387,88.66841,GSI_INVENTORY,West Bengal,,Slide,Rainfall,point_01198
27.04049,88.67151,GSI_INVENTORY,West Bengal,,Slide,Rainfall,point_01199
27.04181,88.67038,GSI_INVENTORY,West Bengal,,Slide,Rainfall,point_01200
27.04374,88.66982,GSI_INVENTORY,West Bengal,,Slide,Rainfall,point_01201
27.04703,88.68,GSI_INVENTORY,West Bengal,,Slide,Rainfall,point_01202
27.03983,88.67589,GSI_INVENTORY,West Bengal,,Slide,Rainfall,point_01203
27.03069,88.67112,GSI_INVENTORY,West Bengal,,Slide,Cyclone Aila,point_01204
27.03071,88.66929,GSI_INVENTORY,West Bengal,,Slide,Rainfall,point_01205
27.0301,88.69681,GSI_INVENTORY,West Bengal,,Slide,Rainfall,point_01206
27.029,88.6966,GSI_INVENTORY,West Bengal,,Slide,Heavy rainfall,point_01207
27.02506,88.69547,GSI_INVENTORY,West Bengal,,Slide,Rainfall,point_01208
27.0273,88.6993,GSI_INVENTORY,West Bengal,,Slide,Heavy rainfall,point_01209
27.02825,88.70276,GSI_INVENTORY,West Bengal,,Subsidence,Rainfall,point_01210
27.03047,88.70231,GSI_INVENTORY,West Bengal,,Subsidence,Rainfall,point_01211
27.02762,88.69933,GSI_INVENTORY,West Bengal,,Slide,Rainfall,point_01212
27.0334,88.69994,GSI_INVENTORY,West Bengal,,Subsidence,Heavy rainfall,point_01213
27.03481,88.70107,GSI_INVENTORY,West Bengal,,Slide,Rainfall,point_01214
27.03597,88.69776,GSI_INVENTORY,West Bengal,,Slide,Rainfall,point_01215
27.0412,88.6931,GSI_INVENTORY,West Bengal,,Slide,Heavy rainfall,point_01216
27.0427,88.6934,GSI_INVENTORY,West Bengal,,Slide,Heavy rainfall,point_01217
27.04301,88.69405,GSI_INVENTORY,West Bengal,,Slide,Rainfall,point_01218
27.04127,88.69534,GSI_INVENTORY,West Bengal,,Subsidence,Rainfall,point_01219
27.04344,88.69564,GSI_INVENTORY,West Bengal,,Subsidence,Rainfall,point_01220
27.04108,88.69653,GSI_INVENTORY,West Bengal,,Slide,Earthquake,point_01221
27.04352,88.69597,GSI_INVENTORY,West Bengal,,Slide,Rainfall,point_01222
27.04855,88.68821,GSI_INVENTORY,West Bengal,,Slide,Rainfall,point_01223
27.0467,88.68877,GSI_INVENTORY,West Bengal,,Flow,Rainfall,point_01224
27.04613,88.68636,GSI_INVENTORY,West Bengal,,Slide,Rainfall,point_01225
27.04473,88.69006,GSI_INVENTORY,West Bengal,,Subsidence,Rainfall,point_01226
27.04422,88.69149,GSI_INVENTORY,West Bengal,,Subsidence,Rainfall,point_01227
27.04098,88.68725,GSI_INVENTORY,West Bengal,,Slide,Rainfall,point_01228
27.04121,88.68282,GSI_INVENTORY,West Bengal,,Slide,Rainfall,point_01229
27.04585,88.68263,GSI_INVENTORY,West Bengal,,Slide,Rainfall,point_01230
27.0455,88.6854,GSI_INVENTORY,West Bengal,,Slide,Heavy rainfall,point_01231
27.047,88.6828,GSI_INVENTORY,West Bengal,,Slide,Heavy rainfall,point_01232
27.0495,88.68093,GSI_INVENTORY,West Bengal,,Subsidence,Rainfall,point_01233
27.05913,88.68654,GSI_INVENTORY,West Bengal,,Slide,Rainfall,point_01234
27.06439,88.67058,GSI_INVENTORY,West Bengal,,Slide,Earthquake,point_01235
27.062,88.6754,GSI_INVENTORY,West Bengal,,Slide,Heavy rainfall,point_01236
27.06009,88.67406,GSI_INVENTORY,West Bengal,,Slide,Rainfall,point_01237
27.06807,88.66267,GSI_INVENTORY,West Bengal,,Slide,Rainfall,point_01238
27.06415,88.6615,GSI_INVENTORY,West Bengal,,Slide,Heavy rainfall,point_01239
27.06556,88.66758,GSI_INVENTORY,West Bengal,,Slide,Rainfall,point_01240
27.0676,88.6644,GSI_INVENTORY,West Bengal,,Slide,Heavy rainfall,point_01241
27.0855,88.66037,GSI_INVENTORY,West Bengal,,Subsidence,Rainfall,point_01242
27.0842,88.6613,GSI_INVENTORY,West Bengal,,Slide,Heavy rainfall,point_01243
27.08672,88.66414,GSI_INVENTORY,West Bengal,,Slide,Rainfall,point_01244
27.08556,88.66436,GSI_INVENTORY,West Bengal,,Slide,Rainfall,point_01245
27.07929,88.66881,GSI_INVENTORY,West Bengal,,Slide,Rainfall,point_01246
27.09988,88.68001,GSI_INVENTORY,West Bengal,,Slide,Rainfall,point_01247
27.1105,88.66279,GSI_INVENTORY,West Bengal,,Slide,Cyclone Aila,point_01248
27.12197,88.67581,GSI_INVENTORY,West Bengal,,Slide,Rainfall,point_01249
27.11172,88.68261,GSI_INVENTORY,West Bengal,,Slide,Rainfall,point_01250
27.11458,88.68083,GSI_INVENTORY,West Bengal,,Slide,Rainfall,point_01251
27.09758,88.68114,GSI_INVENTORY,West Bengal,,Slide,Rainfall,point_01252
27.09592,88.68522,GSI_INVENTORY,West Bengal,,Slide,Rainfall,point_01253
27.05029,88.70855,GSI_INVENTORY,West Bengal,,Slide,Rainfall,point_01254
27.0292,88.7054,GSI_INVENTORY,West Bengal,,Slide,Heavy rainfall,point_01255
27.03671,88.80431,GSI_INVENTORY,West Bengal,,Slide,Rainfall,point_01256
27.03687,88.80287,GSI_INVENTORY,West Bengal,,Slide,Rainfall,point_01257
27.03866,88.80455,GSI_INVENTORY,West Bengal,,Slide,Rainfall,point_01258
27.11172,88.82388,GSI_INVENTORY,West Bengal,,Slide,Rainfall,point_01259
27.10258,88.83136,GSI_INVENTORY,West Bengal,,Slide,Rainfall,point_01260
27.10472,88.83475,GSI_INVENTORY,West Bengal,,Slide,Rainfall,point_01261
27.11522,88.81811,GSI_INVENTORY,West Bengal,,Slide,Rainfall,point_01262
27.115,88.81697,GSI_INVENTORY,West Bengal,,Slide,Rainfall,point_01263
27.12177,88.775,GSI_INVENTORY,West Bengal,,Slide,Rainfall,point_01264
27.1211,88.77627,GSI_INVENTORY,West Bengal,,Slide,Rainfall,point_01265
27.11844,88.77631,GSI_INVENTORY,West Bengal,,Slide,Rainfall,point_01266
27.16231,88.69092,GSI_INVENTORY,West Bengal,,Slide,Rainfall,point_01267
27.13319,88.68913,GSI_INVENTORY,West Bengal,,Slide,Cyclone Aila,point_01268
27.14192,88.66425,GSI_INVENTORY,West Bengal,,Slide,Rainfall,point_01269
27.14219,88.66525,GSI_INVENTORY,West Bengal,,Subsidence,Rainfall,point_01270
27.15125,88.66822,GSI_INVENTORY,West Bengal,,Slide,Cyclone Aila,point_01271
27.16256,88.66811,GSI_INVENTORY,West Bengal,,Subsidence,Rainfall,point_01272
27.15478,88.67392,GSI_INVENTORY,West Bengal,,Slide,Rainfall,point_01273
27.15867,88.67039,GSI_INVENTORY,West Bengal,,Slide,Rainfall,point_01274
27.17925,88.65875,GSI_INVENTORY,Sikkim,,Slide,Rainfall,point_01275
27.19893,88.66095,GSI_INVENTORY,Sikkim,,Slide,Rainfall,point_01276
27.19886,88.6605,GSI_INVENTORY,Sikkim,,Fall,Rainfall,point_01277
27.20128,88.66538,GSI_INVENTORY,Sikkim,,Slide,Rainfall,point_01278
27.20188,88.66728,GSI_INVENTORY,Sikkim,,Slide,Rainfall,point_01279
27.20505,88.68905,GSI_INVENTORY,Sikkim,,Slide,Rainfall/ Earthquake,point_01280
27.22075,88.69983,GSI_INVENTORY,Sikkim,,Slide,Rainfall,point_01281
27.20665,88.67995,GSI_INVENTORY,Sikkim,,Fall,Rainfall/ Earthquake,point_01282
27.20761,88.67605,GSI_INVENTORY,Sikkim,,Fall,Rainfall,point_01283
27.20726,88.67282,GSI_INVENTORY,Sikkim,,Slide,Rainfall,point_01284
27.20387,88.65833,GSI_INVENTORY,Sikkim,,Slide,Rainfall/ Earthquake,point_01285
27.22086,88.65711,GSI_INVENTORY,Sikkim,,Slide,Rainfall,point_01286
27.22089,88.65228,GSI_INVENTORY,Sikkim,,Slide,Rainfall,point_01287
27.20644,88.64336,GSI_INVENTORY,Sikkim,,Slide,Rainfall,point_01288
27.20456,88.64722,GSI_INVENTORY,Sikkim,,Slide,Rainfall,point_01289
27.20243,88.65671,GSI_INVENTORY,Sikkim,,Topple,Rainfall/ Earthquake,point_01290
27.19375,88.65056,GSI_INVENTORY,Sikkim,,Slide,Rainfall,point_01291
27.19564,88.63403,GSI_INVENTORY,Sikkim,,Slide,Rainfall,point_01292
27.19972,88.64163,GSI_INVENTORY,Sikkim,,Topple,Rainfall,point_01293
27.19886,88.63872,GSI_INVENTORY,Sikkim,,Slide,Rainfall,point_01294
27.1957,88.62544,GSI_INVENTORY,Sikkim,,Slide,Rainfall,point_01295
27.19508,88.63199,GSI_INVENTORY,Sikkim,,Slide,Rainfall,point_01296
27.21422,88.60836,GSI_INVENTORY,Sikkim,,Slide,Rainfall,point_01297
27.20319,88.60028,GSI_INVENTORY,Sikkim,,Slide,Rainfall,point_01298
27.205,88.59172,GSI_INVENTORY,Sikkim,,Fall,Rainfall,point_01299
27.20317,88.58867,GSI_INVENTORY,Sikkim,,Slide,Rainfall,point_01300
27.2115,88.58775,GSI_INVENTORY,Sikkim,,Slide,Rainfall,point_01301
27.21481,88.58808,GSI_INVENTORY,Sikkim,,Slide,Rainfall,point_01302
27.19133,88.58653,GSI_INVENTORY,Sikkim,,Slide,Rainfall,point_01303
27.19,88.56447,GSI_INVENTORY,Sikkim,,Fall,Rainfall,point_01304
27.18436,88.576,GSI_INVENTORY,West Bengal,,Slide,Rainfall,point_01305
27.18464,88.57028,GSI_INVENTORY,West Bengal,,Slide,Earthquake,point_01306
27.18926,88.59569,GSI_INVENTORY,Sikkim,,Slide,Rainfall,point_01307
27.19007,88.59648,GSI_INVENTORY,Sikkim,,Slide,Rainfall,point_01308
27.19083,88.59689,GSI_INVENTORY,Sikkim,,Slide,Rainfall,point_01309
27.19299,88.60308,GSI_INVENTORY,Sikkim,,Slide,Rainfall,point_01310
27.17011,88.60253,GSI_INVENTORY,West Bengal,,Slide,Rainfall,point_01311
27.16671,88.60407,GSI_INVENTORY,West Bengal,,Slide,Rainfall,point_01312
27.1733,88.5647,GSI_INVENTORY,West Bengal,,Slide,Heavy rainfall,point_01313
27.15296,88.56714,GSI_INVENTORY,West Bengal,,Slide,Rainfall,point_01314
27.154,88.57,GSI_INVENTORY,West Bengal,,Slide,Rainfall,point_01315
27.15885,88.58173,GSI_INVENTORY,West Bengal,,Subsidence,Rainfall,point_01316
27.158,88.584,GSI_INVENTORY,West Bengal,,Subsidence,Rainfall,point_01317
27.12782,88.59008,GSI_INVENTORY,West Bengal,,Slide,Rainfall,point_01318
27.16734,88.62354,GSI_INVENTORY,West Bengal,,Slide,Rainfall,point_01319
27.16647,88.62347,GSI_INVENTORY,West Bengal,,Slide,Rainfall,point_01320
27.16643,88.62375,GSI_INVENTORY,West Bengal,,Slide,Rainfall,point_01321
27.16514,88.62718,GSI_INVENTORY,West Bengal,,Slide,Rainfall,point_01322
27.16708,88.62611,GSI_INVENTORY,West Bengal,,Subsidence,Rainfall,point_01323
27.16505,88.63331,GSI_INVENTORY,West Bengal,,Slide,Rainfall,point_01324
27.15978,88.63378,GSI_INVENTORY,West Bengal,,Slide,Rainfall,point_01325
27.16051,88.62926,GSI_INVENTORY,West Bengal,,Subsidence,Rainfall,point_01326
27.16339,88.62274,GSI_INVENTORY,West Bengal,,Subsidence,Rainfall,point_01327
27.15767,88.63353,GSI_INVENTORY,West Bengal,,Subsidence,Rainfall,point_01328
27.15568,88.63863,GSI_INVENTORY,West Bengal,,Slide,Rainfall,point_01329
27.15925,88.63956,GSI_INVENTORY,West Bengal,,Slide,Rainfall,point_01330
27.16108,88.63581,GSI_INVENTORY,West Bengal,,Slide,Rainfall,point_01331
27.15989,88.636,GSI_INVENTORY,West Bengal,,Slide,Rainfall,point_01332
27.15814,88.63577,GSI_INVENTORY,West Bengal,,Slide,Rainfall,point_01333
27.15878,88.63406,GSI_INVENTORY,West Bengal,,Subsidence,Rainfall,point_01334
27.16192,88.63473,GSI_INVENTORY,West Bengal,,Slide,Rainfall,point_01335
27.10381,88.65477,GSI_INVENTORY,West Bengal,,Slide,Cyclone Aila,point_01336
27.10178,88.64063,GSI_INVENTORY,West Bengal,,Subsidence,Rainfall,point_01337
27.0998,88.6325,GSI_INVENTORY,West Bengal,,Subsidence,Heavy rainfall,point_01338
27.0998,88.63026,GSI_INVENTORY,West Bengal,,Slide,Rainfall,point_01339
27.09801,88.62699,GSI_INVENTORY,West Bengal,,Slide,Rainfall,point_01340
27.0953,88.6129,GSI_INVENTORY,West Bengal,,Slide,Heavy rainfall,point_01341
27.09734,88.6448,GSI_INVENTORY,West Bengal,,Slide,Rainfall,point_01342
27.0966,88.6436,GSI_INVENTORY,West Bengal,,Slide,Heavy rainfall,point_01343
27.09324,88.6492,GSI_INVENTORY,West Bengal,,Slide,Heavy rainfall,point_01344
27.09642,88.65548,GSI_INVENTORY,West Bengal,,Slide,Cyclone Aila,point_01345
27.0944,88.65586,GSI_INVENTORY,West Bengal,,Slide,Cyclone Aila,point_01346
27.0926,88.65626,GSI_INVENTORY,West Bengal,,Slide,Rainfall,point_01347
27.089,88.652,GSI_INVENTORY,West Bengal,,Slide,Rainfall,point_01348
27.0893,88.6556,GSI_INVENTORY,West Bengal,,Slide,Heavy rainfall,point_01349
27.0869,88.6569,GSI_INVENTORY,West Bengal,,Slide,Heavy rainfall,point_01350
27.08705,88.65441,GSI_INVENTORY,West Bengal,,Slide,Rainfall,point_01351
27.087,88.647,GSI_INVENTORY,West Bengal,,Slide,Rainfall,point_01352
27.06206,88.64861,GSI_INVENTORY,West Bengal,,Slide, ,point_01353
27.02859,88.63414,GSI_INVENTORY,West Bengal,,Slide,Rainfall,point_01354
27.02622,88.62542,GSI_INVENTORY,West Bengal,,Slide,Rainfall,point_01355
27.02742,88.62317,GSI_INVENTORY,West Bengal,,Slide,Rainfall,point_01356
27.02856,88.61642,GSI_INVENTORY,West Bengal,,Slide,Rainfall,point_01357
27.03264,88.61289,GSI_INVENTORY,West Bengal,,Slide,Rainfall,point_01358
27.06964,88.61717,GSI_INVENTORY,West Bengal,,Subsidence,Rainfall,point_01359
27.06406,88.61897,GSI_INVENTORY,West Bengal,,Subsidence,Rainfall,point_01360
27.07172,88.61224,GSI_INVENTORY,West Bengal,,Subsidence,Rainfall,point_01361
27.07422,88.60964,GSI_INVENTORY,West Bengal,,Subsidence,Rainfall,point_01362
27.07458,88.606,GSI_INVENTORY,West Bengal,,Slide,Rainfall,point_01363
27.07073,88.61067,GSI_INVENTORY,West Bengal,,Subsidence,Rainfall,point_01364
27.07034,88.61025,GSI_INVENTORY,West Bengal,,Slide,Rainfall,point_01365
27.06451,88.60623,GSI_INVENTORY,West Bengal,,Slide,Rainfall,point_01366
27.07075,88.59825,GSI_INVENTORY,West Bengal,,Slide,Rainfall,point_01367
27.05924,88.58928,GSI_INVENTORY,West Bengal,,Slide,Rainfall,point_01368
27.05042,88.60056,GSI_INVENTORY,West Bengal,,Slide,Rainfall,point_01369
27.05094,88.60217,GSI_INVENTORY,West Bengal,,Subsidence,Rainfall,point_01370
27.0483,88.58051,GSI_INVENTORY,West Bengal,,Slide,Rainfall,point_01371
27.05902,88.56517,GSI_INVENTORY,West Bengal,,Slide,Rainfall,point_01372
27.06164,88.56757,GSI_INVENTORY,West Bengal,,Slide,Rainfall,point_01373
27.05997,88.56884,GSI_INVENTORY,West Bengal,,Slide,Rainfall,point_01374
27.05847,88.57172,GSI_INVENTORY,West Bengal,,Slide,Rainfall,point_01375
27.05886,88.57058,GSI_INVENTORY,West Bengal,,Slide,Rainfall,point_01376
27.05408,88.57535,GSI_INVENTORY,West Bengal,,Slide,Rainfall,point_01377
27.05615,88.57306,GSI_INVENTORY,West Bengal,,Slide,Rainfall,point_01378
27.05497,88.57117,GSI_INVENTORY,West Bengal,,Slide,Rainfall,point_01379
27.05271,88.57459,GSI_INVENTORY,West Bengal,,Slide,Rainfall,point_01380
27.05136,88.58125,GSI_INVENTORY,West Bengal,,Slide,Rainfall,point_01381
27.05433,88.58628,GSI_INVENTORY,West Bengal,,Slide,Rainfall,point_01382
27.056,88.58333,GSI_INVENTORY,West Bengal,,Slide,Rainfall,point_01383
27.05638,88.5842,GSI_INVENTORY,West Bengal,,Slide,Rainfall,point_01384
27.06279,88.56543,GSI_INVENTORY,West Bengal,,Slide,Rainfall,point_01385
27.09722,88.60594,GSI_INVENTORY,West Bengal,,Slide,Rainfall,point_01386
27.09568,88.60771,GSI_INVENTORY,West Bengal,,Slide,Rainfall,point_01387
27.0945,88.61065,GSI_INVENTORY,West Bengal,,Subsidence,Rainfall,point_01388
27.0966,88.6082,GSI_INVENTORY,West Bengal,,Slide,Heavy rainfall,point_01389
27.09965,88.6021,GSI_INVENTORY,West Bengal,,Slide,Rainfall,point_01390
27.09828,88.60479,GSI_INVENTORY,West Bengal,,Slide,Rainfall,point_01391
27.0957,88.6019,GSI_INVENTORY,West Bengal,,Subsidence,Heavy rainfall,point_01392
27.0963,88.5997,GSI_INVENTORY,West Bengal,,Subsidence,Heavy rainfall,point_01393
27.1008,88.6016,GSI_INVENTORY,West Bengal,,Slide,Rainfall,point_01394
27.09678,88.5972,GSI_INVENTORY,West Bengal,,Subsidence,Rainfall,point_01395
27.10903,88.59531,GSI_INVENTORY,West Bengal,,Subsidence,Rainfall,point_01396
27.11017,88.59606,GSI_INVENTORY,West Bengal,,Subsidence,Rainfall,point_01397
27.1143,88.5897,GSI_INVENTORY,West Bengal,,Slide,Heavy rainfall,point_01398
27.12361,88.58772,GSI_INVENTORY,West Bengal,,Subsidence,Rainfall,point_01399
27.11714,88.58175,GSI_INVENTORY,West Bengal,,Slide,Rainfall,point_01400
27.11085,88.58605,GSI_INVENTORY,West Bengal,,Slide,Rainfall,point_01401
27.10429,88.57203,GSI_INVENTORY,West Bengal,,Slide,Rainfall,point_01402
27.11717,88.56831,GSI_INVENTORY,West Bengal,,Subsidence,Earthquake,point_01403
27.102,88.545,GSI_INVENTORY,West Bengal,,Slide,Rainfall,point_01404
27.101,88.542,GSI_INVENTORY,West Bengal,,Slide,Rainfall,point_01405
27.117,88.53,GSI_INVENTORY,West Bengal,,Slide,Rainfall,point_01406
27.12265,88.52889,GSI_INVENTORY,West Bengal,,Slide,Rainfall,point_01407
27.11939,88.52308,GSI_INVENTORY,West Bengal,,Subsidence,Earthquake,point_01408
27.09524,88.54131,GSI_INVENTORY,West Bengal,,Subsidence,Rainfall,point_01409
27.0907,88.5393,GSI_INVENTORY,West Bengal,,Slide,Heavy rainfall,point_01410
27.08874,88.5374,GSI_INVENTORY,West Bengal,,Subsidence,Rainfall,point_01411
27.08889,88.53758,GSI_INVENTORY,West Bengal,,Slide,Rainfall,point_01412
27.09148,88.53766,GSI_INVENTORY,West Bengal,,Slide,Rainfall,point_01413
27.0894,88.53319,GSI_INVENTORY,West Bengal,,Slide,Rainfall,point_01414
27.09007,88.53285,GSI_INVENTORY,West Bengal,,Slide,Rainfall,point_01415
27.09103,88.53244,GSI_INVENTORY,West Bengal,,Subsidence,Rainfall,point_01416
27.08976,88.53221,GSI_INVENTORY,West Bengal,,Slide,Rainfall,point_01417
27.08892,88.53075,GSI_INVENTORY,West Bengal,,Subsidence,Rainfall,point_01418
27.09643,88.53236,GSI_INVENTORY,West Bengal,,Subsidence,Rainfall,point_01419
27.08636,88.53525,GSI_INVENTORY,West Bengal,,Slide,Rainfall,point_01420
27.08429,88.53572,GSI_INVENTORY,West Bengal,,Slide,Rainfall,point_01421
27.08024,88.53794,GSI_INVENTORY,West Bengal,,Slide,Rainfall,point_01422
27.08129,88.53676,GSI_INVENTORY,West Bengal,,Slide,Rainfall,point_01423
27.08149,88.53587,GSI_INVENTORY,West Bengal,,Slide,Rainfall,point_01424
27.094,88.5435,GSI_INVENTORY,West Bengal,,Slide,Heavy rainfall,point_01425
27.094,88.5434,GSI_INVENTORY,West Bengal,,Slide,Heavy rainfall,point_01426
27.0955,88.5452,GSI_INVENTORY,West Bengal,,Subsidence,Heavy rainfall,point_01427
27.09912,88.54712,GSI_INVENTORY,West Bengal,,Slide,Rainfall,point_01428
27.08572,88.56317,GSI_INVENTORY,West Bengal,,Slide,Rainfall,point_01429
27.064,88.564,GSI_INVENTORY,West Bengal,,Slide,Rainfall,point_01430
27.063,88.55528,GSI_INVENTORY,West Bengal,,Slide,Earthquake,point_01431
27.064,88.554,GSI_INVENTORY,West Bengal,,Slide,Rainfall,point_01432
27.05225,88.5586,GSI_INVENTORY,West Bengal,,Slide,Rainfall,point_01433
27.04269,88.55936,GSI_INVENTORY,West Bengal,,Slide,Rainfall,point_01434
27.03453,88.54247,GSI_INVENTORY,West Bengal,,Slide,Rainfall,point_01435
27.0454,88.53638,GSI_INVENTORY,West Bengal,,Slide,Rainfall,point_01436
27.04542,88.53695,GSI_INVENTORY,West Bengal,,Slide,Rainfall,point_01437
27.04719,88.53058,GSI_INVENTORY,West Bengal,,Slide,Rainfall,point_01438
27.0439,88.53223,GSI_INVENTORY,West Bengal,,Slide,Rainfall,point_01439
27.04217,88.53279,GSI_INVENTORY,West Bengal,,Slide,Rainfall,point_01440
27.04072,88.52976,GSI_INVENTORY,West Bengal,,Slide,Rainfall,point_01441
27.04019,88.53742,GSI_INVENTORY,West Bengal,,Subsidence,Rainfall,point_01442
27.0425,88.53867,GSI_INVENTORY,West Bengal,,Subsidence,Rainfall,point_01443
27.03644,88.53831,GSI_INVENTORY,West Bengal,,Subsidence,Rainfall,point_01444
27.02475,88.53142,GSI_INVENTORY,West Bengal,,Slide,Rainfall,point_01445
27.03388,88.5331,GSI_INVENTORY,West Bengal,,Slide,Rainfall,point_01446
27.03628,88.53008,GSI_INVENTORY,West Bengal,,Subsidence,Rainfall,point_01447
27.0365,88.52872,GSI_INVENTORY,West Bengal,,Subsidence,Rainfall,point_01448
27.036,88.527,GSI_INVENTORY,West Bengal,,Subsidence,Rainfall,point_01449
27.03589,88.52367,GSI_INVENTORY,West Bengal,,Slide,Rainfall,point_01450
27.03601,88.52224,GSI_INVENTORY,West Bengal,,Subsidence,Rainfall,point_01451
27.03511,88.5205,GSI_INVENTORY,West Bengal,,Slide,Rainfall,point_01452
27.03862,88.52448,GSI_INVENTORY,West Bengal,,Slide,Rainfall,point_01453
27.03953,88.52492,GSI_INVENTORY,West Bengal,,Subsidence,Rainfall,point_01454
27.04239,88.52731,GSI_INVENTORY,West Bengal,,Subsidence,Rainfall,point_01455
27.057,88.521,GSI_INVENTORY,West Bengal,,Slide,Rainfall,point_01456
27.05225,88.53169,GSI_INVENTORY,West Bengal,,Slide,Rainfall,point_01457
27.053,88.538,GSI_INVENTORY,West Bengal,,Slide,Rainfall,point_01458
27.06461,88.52982,GSI_INVENTORY,West Bengal,,Slide,Rainfall,point_01459
27.06822,88.49667,GSI_INVENTORY,West Bengal,,Slide, ,point_01460
27.058,88.49836,GSI_INVENTORY,West Bengal,,Slide,Rainfall,point_01461
27.03883,88.51042,GSI_INVENTORY,West Bengal,,Slide,Rainfall,point_01462
27.02761,88.48476,GSI_INVENTORY,West Bengal,,Slide,Rainfall,point_01463
27.03319,88.48153,GSI_INVENTORY,West Bengal,,Slide,Rainfall,point_01464
27.02539,88.4803,GSI_INVENTORY,West Bengal,,Slide,Rainfall,point_01465
27.03164,88.47353,GSI_INVENTORY,West Bengal,,Slide,Rainfall,point_01466
27.037,88.477,GSI_INVENTORY,West Bengal,,Slide,Heavy antecedent rainfall,point_01467
27.03756,88.4825,GSI_INVENTORY,West Bengal,,Subsidence,Rainfall,point_01468
27.04344,88.48144,GSI_INVENTORY,West Bengal,,Slide,Rainfall,point_01469
27.05517,88.47481,GSI_INVENTORY,West Bengal,,Slide,Rainfall,point_01470
27.05506,88.47397,GSI_INVENTORY,West Bengal,,Slide,Rainfall,point_01471
27.06103,88.47775,GSI_INVENTORY,West Bengal,,Subsidence,Rainfall,point_01472
27.06078,88.48064,GSI_INVENTORY,West Bengal,,Subsidence,Rainfall,point_01473
27.0558,88.48136,GSI_INVENTORY,West Bengal,,Slide,Rainfall,point_01474
27.05638,88.49405,GSI_INVENTORY,West Bengal,,Slide,Rainfall,point_01475
27.06417,88.49338,GSI_INVENTORY,West Bengal,,Slide,Rainfall,point_01476
27.06615,88.49369,GSI_INVENTORY,West Bengal,,Slide,Rainfall,point_01477
27.068,88.493,GSI_INVENTORY,West Bengal,,Slide, ,point_01478
27.07142,88.48067,GSI_INVENTORY,West Bengal,,Subsidence,Rainfall,point_01479
27.06603,88.47647,GSI_INVENTORY,West Bengal,,Slide, ,point_01480
27.06622,88.47419,GSI_INVENTORY,West Bengal,,Slide,Rainfall,point_01481
27.077,88.472,GSI_INVENTORY,West Bengal,,Flow,Heavy antecedent rainfall,point_01482
27.08006,88.47467,GSI_INVENTORY,West Bengal,,Slide,Rainfall,point_01483
27.077,88.475,GSI_INVENTORY,West Bengal,,Slide,Heavy antecedent rainfall,point_01484
27.088,88.475,GSI_INVENTORY,West Bengal,,Slide, ,point_01485
27.08681,88.47421,GSI_INVENTORY,West Bengal,,Slide,Rainfall,point_01486
27.08685,88.47308,GSI_INVENTORY,West Bengal,,Slide,Rainfall,point_01487
27.089,88.476,GSI_INVENTORY,West Bengal,,Subsidence, ,point_01488
27.08948,88.47685,GSI_INVENTORY,West Bengal,,Subsidence,Rainfall,point_01489
27.096,88.477,GSI_INVENTORY,West Bengal,,Slide, ,point_01490
27.09558,88.4794,GSI_INVENTORY,West Bengal,,Slide,Rainfall,point_01491
27.08969,88.48017,GSI_INVENTORY,West Bengal,,Slide,Rainfall,point_01492
27.08938,88.48397,GSI_INVENTORY,West Bengal,,Slide,Rainfall,point_01493
27.09,88.486,GSI_INVENTORY,West Bengal,,Slide, ,point_01494
27.089,88.486,GSI_INVENTORY,West Bengal,,Slide, ,point_01495
27.09229,88.49043,GSI_INVENTORY,West Bengal,,Slide,Rainfall,point_01496
27.08461,88.49314,GSI_INVENTORY,West Bengal,,Slide,Rainfall,point_01497
27.08222,88.48983,GSI_INVENTORY,West Bengal,,Slide,Rainfall,point_01498
27.08506,88.49039,GSI_INVENTORY,West Bengal,,Slide,Rainfall,point_01499
27.08,88.489,GSI_INVENTORY,West Bengal,,Subsidence,Heavy rainfall,point_01500
27.07863,88.4872,GSI_INVENTORY,West Bengal,,Slide,Rainfall,point_01501
27.0772,88.4863,GSI_INVENTORY,West Bengal,,Slide,Heavy rainfall,point_01502
27.07756,88.48542,GSI_INVENTORY,West Bengal,,Slide,Rainfall,point_01503
27.07591,88.48412,GSI_INVENTORY,West Bengal,,Slide,Rainfall,point_01504
27.07825,88.4912,GSI_INVENTORY,West Bengal,,Subsidence,Heavy rainfall,point_01505
27.0775,88.49948,GSI_INVENTORY,West Bengal,,Slide,Rainfall,point_01506
27.0814,88.5072,GSI_INVENTORY,West Bengal,,Slide,Rainfall,point_01507
27.07626,88.51327,GSI_INVENTORY,West Bengal,,Slide,Rainfall,point_01508
27.0774,88.5162,GSI_INVENTORY,West Bengal,,Subsidence,Heavy rainfall,point_01509
27.09129,88.49675,GSI_INVENTORY,West Bengal,,Slide,Rainfall,point_01510
27.092,88.497,GSI_INVENTORY,West Bengal,,Slide, ,point_01511
27.11981,88.5074,GSI_INVENTORY,West Bengal,,Slide,Cyclone Aila,point_01512
27.12229,88.5016,GSI_INVENTORY,West Bengal,,Slide,Rainfall,point_01513
27.122,88.496,GSI_INVENTORY,West Bengal,,Slide, ,point_01514
27.12092,88.49922,GSI_INVENTORY,West Bengal,,Slide,Rainfall,point_01515
27.12298,88.49395,GSI_INVENTORY,West Bengal,,Flow,Earthquake,point_01516
27.12209,88.49134,GSI_INVENTORY,West Bengal,,Slide,Rainfall,point_01517
27.12433,88.49067,GSI_INVENTORY,West Bengal,,Flow,Rainfall,point_01518
27.12367,88.49026,GSI_INVENTORY,West Bengal,,Slide,Rainfall,point_01519
27.12343,88.49125,GSI_INVENTORY,West Bengal,,Slide,Earthquake,point_01520
27.12,88.486,GSI_INVENTORY,West Bengal,,Slide, ,point_01521
27.121,88.487,GSI_INVENTORY,West Bengal,,Slide, ,point_01522
27.12,88.489,GSI_INVENTORY,West Bengal,,Flow, ,point_01523
27.119,88.487,GSI_INVENTORY,West Bengal,,Slide, ,point_01524
27.11905,88.49013,GSI_INVENTORY,West Bengal,,Slide,Rainfall,point_01525
27.119,88.491,GSI_INVENTORY,West Bengal,,Flow, ,point_01526
27.11,88.495,GSI_INVENTORY,West Bengal,,Slide, ,point_01527
27.10858,88.47193,GSI_INVENTORY,West Bengal,,Slide,Rainfall,point_01528
27.11304,88.47321,GSI_INVENTORY,West Bengal,,Slide,Rainfall,point_01529
27.113,88.472,GSI_INVENTORY,West Bengal,,Slide, ,point_01530
27.118,88.477,GSI_INVENTORY,West Bengal,,Slide, ,point_01531
27.11603,88.47785,GSI_INVENTORY,West Bengal,,Slide,Rainfall,point_01532
27.16559,88.48851,GSI_INVENTORY,Sikkim,,Slide,Rainfall,point_01533
27.16903,88.48633,GSI_INVENTORY,Sikkim,,Slide,Rainfall,point_01534
27.15811,88.49172,GSI_INVENTORY,Sikkim,,Slide,Rainfall,point_01535
27.16211,88.49144,GSI_INVENTORY,Sikkim,,Fall,Rainfall,point_01536
27.16278,88.48486,GSI_INVENTORY,Sikkim,,Slide,Rainfall,point_01537
27.15353,88.49439,GSI_INVENTORY,Sikkim,,Slide,Rainfall,point_01538
27.15489,88.49319,GSI_INVENTORY,Sikkim,,Slide,Rainfall,point_01539
27.15425,88.50033,GSI_INVENTORY,Sikkim,,Slide,Rainfall,point_01540
27.16072,88.50589,GSI_INVENTORY,Sikkim,,Slide,Rainfall,point_01541
27.16553,88.49656,GSI_INVENTORY,Sikkim,,Slide,Rainfall,point_01542
27.15897,88.51461,GSI_INVENTORY,Sikkim,,Fall,Rainfall,point_01543
27.15811,88.51247,GSI_INVENTORY,Sikkim,,Slide,Rainfall,point_01544
27.16044,88.51247,GSI_INVENTORY,Sikkim,,Fall,Rainfall,point_01545
27.16131,88.51294,GSI_INVENTORY,Sikkim,,Slide,Rainfall,point_01546
27.16219,88.51061,GSI_INVENTORY,Sikkim,,Slide,Rainfall,point_01547
27.16192,88.50964,GSI_INVENTORY,Sikkim,,Slide,Rainfall,point_01548
27.15706,88.51278,GSI_INVENTORY,Sikkim,,Slide,Rainfall,point_01549
27.13343,88.51239,GSI_INVENTORY,West Bengal,,Slide,Rainfall,point_01550
27.13807,88.51929,GSI_INVENTORY,West Bengal,,Subsidence,Rainfall,point_01551
27.14312,88.53604,GSI_INVENTORY,West Bengal,,Slide,Rainfall,point_01552
27.13498,88.54036,GSI_INVENTORY,West Bengal,,Slide,Rainfall,point_01553
27.13485,88.54347,GSI_INVENTORY,West Bengal,,Slide,Rainfall,point_01554
27.14193,88.56329,GSI_INVENTORY,West Bengal,,Slide,Rainfall,point_01555
27.14264,88.5609,GSI_INVENTORY,West Bengal,,Subsidence,Rainfall,point_01556
27.15146,88.55111,GSI_INVENTORY,West Bengal,,Slide,Rainfall,point_01557
27.159,88.543,GSI_INVENTORY,West Bengal,,Subsidence,Rainfall,point_01558
27.17401,88.56369,GSI_INVENTORY,West Bengal,,Slide,Rainfall,point_01559
27.175,88.56,GSI_INVENTORY,West Bengal,,Slide,Rainfall,point_01560
27.17631,88.54541,GSI_INVENTORY,West Bengal,,Subsidence,Rainfall,point_01561
27.1585,88.529,GSI_INVENTORY,Sikkim,,Slide,Rainfall,point_01562
27.15769,88.52219,GSI_INVENTORY,Sikkim,,Topple,Rainfall/ Earthquake,point_01563
27.15681,88.5225,GSI_INVENTORY,Sikkim,,Fall,Rainfall,point_01564
27.16386,88.52,GSI_INVENTORY,Sikkim,,Slide,Rainfall,point_01565
27.17964,88.51978,GSI_INVENTORY,Sikkim,,Slide,Rainfall,point_01566
27.18053,88.51861,GSI_INVENTORY,Sikkim,,Slide,Rainfall,point_01567
27.17906,88.53311,GSI_INVENTORY,Sikkim,,Slide,Rainfall,point_01568
27.18815,88.56208,GSI_INVENTORY,Sikkim,,Slide,Rainfall,point_01569
27.18042,88.51025,GSI_INVENTORY,Sikkim,,Slide,Rainfall,point_01570
27.18211,88.508,GSI_INVENTORY,Sikkim,,Slide,Rainfall,point_01571
27.18853,88.50119,GSI_INVENTORY,Sikkim,,Slide,Rainfall,point_01572
27.19742,88.4905,GSI_INVENTORY,Sikkim,,Slide,Rainfall,point_01573
27.22383,88.49183,GSI_INVENTORY,Sikkim,,Slide,Rainfall,point_01574
27.22575,88.49325,GSI_INVENTORY,Sikkim,,Slide,Rainfall,point_01575
27.17811,88.43056,GSI_INVENTORY,Sikkim,,Slide,Rainfall,point_01576
27.20661,88.44281,GSI_INVENTORY,Sikkim,,Slide,Rainfall/ Earthquake,point_01577
27.205,88.44212,GSI_INVENTORY,Sikkim,,Slide,Rainfall/ Earthquake,point_01578
27.20704,88.44667,GSI_INVENTORY,Sikkim,,Slide,Rainfall/ Earthquake,point_01579
27.22097,88.39764,GSI_INVENTORY,Sikkim,,Slide,Rainfall,point_01580
27.21664,88.39236,GSI_INVENTORY,Sikkim,,Slide,Rainfall,point_01581
27.21944,88.39111,GSI_INVENTORY,Sikkim,,Slide,Rainfall,point_01582
27.22178,88.39086,GSI_INVENTORY,Sikkim,,Slide,Rainfall,point_01583
27.22092,88.38508,GSI_INVENTORY,Sikkim,,Slide,Rainfall,point_01584
27.20825,88.38767,GSI_INVENTORY,Sikkim,,Slide,Rainfall,point_01585
27.21275,88.39144,GSI_INVENTORY,Sikkim,,Slide,Rainfall,point_01586
27.21464,88.39242,GSI_INVENTORY,Sikkim,,Slide,Rainfall,point_01587
27.21506,88.39331,GSI_INVENTORY,Sikkim,,Slide,Rainfall,point_01588
27.21258,88.39933,GSI_INVENTORY,Sikkim,,Slide,Rainfall,point_01589
27.21525,88.40228,GSI_INVENTORY,Sikkim,,Slide,Rainfall,point_01590
27.20242,88.39158,GSI_INVENTORY,Sikkim,,Slide,Rainfall,point_01591
27.19572,88.38747,GSI_INVENTORY,Sikkim,,Slide,Rainfall,point_01592
27.19433,88.38889,GSI_INVENTORY,Sikkim,,Slide,Rainfall,point_01593
27.18175,88.39578,GSI_INVENTORY,Sikkim,,Slide,Rainfall,point_01594
27.18922,88.39106,GSI_INVENTORY,Sikkim,,Slide,Rainfall,point_01595
27.16661,88.41753,GSI_INVENTORY,Sikkim,,Slide,Rainfall,point_01596
27.15842,88.42014,GSI_INVENTORY,Sikkim,,Slide,Rainfall,point_01597
27.16006,88.42303,GSI_INVENTORY,Sikkim,,Slide,Rainfall,point_01598
27.16019,88.41506,GSI_INVENTORY,Sikkim,,Slide,Rainfall,point_01599
27.16278,88.41322,GSI_INVENTORY,Sikkim,,Slide,Rainfall,point_01600
27.16144,88.41056,GSI_INVENTORY,Sikkim,,Slide,Rainfall,point_01601
27.15308,88.41206,GSI_INVENTORY,Sikkim,,Slide,Rainfall,point_01602
27.16375,88.40642,GSI_INVENTORY,Sikkim,,Slide,Rainfall,point_01603
27.17706,88.40261,GSI_INVENTORY,Sikkim,,Slide,Rainfall,point_01604
27.17694,88.40206,GSI_INVENTORY,Sikkim,,Slide,Rainfall,point_01605
27.17578,88.40242,GSI_INVENTORY,Sikkim,,Slide,Rainfall,point_01606
27.16653,88.40133,GSI_INVENTORY,Sikkim,,Slide,Rainfall,point_01607
27.17244,88.38697,GSI_INVENTORY,Sikkim,,Slide,Rainfall,point_01608
27.17392,88.38525,GSI_INVENTORY,Sikkim,,Slide,Rainfall,point_01609
27.175,88.38503,GSI_INVENTORY,Sikkim,,Slide,Rainfall,point_01610
27.17233,88.38144,GSI_INVENTORY,Sikkim,,Slide,Rainfall,point_01611
27.16817,88.38456,GSI_INVENTORY,Sikkim,,Slide,Rainfall,point_01612
27.16275,88.38331,GSI_INVENTORY,Sikkim,,Slide,Rainfall,point_01613
27.15531,88.39028,GSI_INVENTORY,Sikkim,,Slide,Rainfall,point_01614
27.15286,88.39036,GSI_INVENTORY,Sikkim,,Slide,Rainfall,point_01615
27.13372,88.39083,GSI_INVENTORY,Sikkim,,Slide,Rainfall,point_01616
27.13153,88.38442,GSI_INVENTORY,Sikkim,,Slide,Rainfall,point_01617
27.13144,88.386,GSI_INVENTORY,Sikkim,,Slide,Rainfall,point_01618
27.13583,88.39111,GSI_INVENTORY,Sikkim,,Slide,Rainfall,point_01619
27.13356,88.39475,GSI_INVENTORY,Sikkim,,Slide,Rainfall/ Earthquake,point_01620
27.13769,88.40156,GSI_INVENTORY,Sikkim,,Slide,Rainfall,point_01621
27.13006,88.41294,GSI_INVENTORY,Sikkim,,Slide,Rainfall,point_01622
27.13439,88.40425,GSI_INVENTORY,Sikkim,,Slide,Rainfall,point_01623
27.13358,88.40458,GSI_INVENTORY,Sikkim,,Fall,Rainfall,point_01624
27.12869,88.44278,GSI_INVENTORY,Sikkim,,Slide,Rainfall,point_01625
27.129,88.44136,GSI_INVENTORY,Sikkim,,Slide,Rainfall,point_01626
27.15078,88.4385,GSI_INVENTORY,Sikkim,,Slide,Rainfall,point_01627
27.15625,88.43072,GSI_INVENTORY,Sikkim,,Slide,Rainfall,point_01628
27.15894,88.42711,GSI_INVENTORY,Sikkim,,Slide,Rainfall,point_01629
27.176,88.42956,GSI_INVENTORY,Sikkim,,Slide,Rainfall,point_01630
27.16583,88.43667,GSI_INVENTORY,Sikkim,,Slide,Rainfall,point_01631
27.165,88.44444,GSI_INVENTORY,Sikkim,,Slide,Rainfall,point_01632
27.15919,88.44436,GSI_INVENTORY,Sikkim,,Slide,Rainfall,point_01633
27.15472,88.44306,GSI_INVENTORY,Sikkim,,Slide,Rainfall,point_01634
27.16356,88.45883,GSI_INVENTORY,Sikkim,,Slide,Rainfall,point_01635
27.17439,88.45203,GSI_INVENTORY,Sikkim,,Slide,Rainfall,point_01636
27.16958,88.46236,GSI_INVENTORY,Sikkim,,Slide,Rainfall,point_01637
27.15858,88.46631,GSI_INVENTORY,Sikkim,,Fall,Rainfall,point_01638
27.16386,88.46231,GSI_INVENTORY,Sikkim,,Slide,Rainfall,point_01639
27.11,88.47,GSI_INVENTORY,West Bengal,,Slide, ,point_01640
27.102,88.471,GSI_INVENTORY,West Bengal,,Slide, ,point_01641
27.101,88.47,GSI_INVENTORY,West Bengal,,Slide, ,point_01642
27.10214,88.4675,GSI_INVENTORY,West Bengal,,Fall,Rainfall,point_01643
27.102,88.45867,GSI_INVENTORY,Sikkim,,Slide,Rainfall,point_01644
27.10669,88.44939,GSI_INVENTORY,Sikkim,,Slide,Rainfall,point_01645
27.12478,88.44508,GSI_INVENTORY,Sikkim,,Slide,Rainfall,point_01646
27.10694,88.43375,GSI_INVENTORY,Sikkim,,Fall,Rainfall/ Earthquake,point_01647
27.10597,88.44456,GSI_INVENTORY,Sikkim,,Subsidence,Rainfall/ Earthquake,point_01648
27.09644,88.43337,GSI_INVENTORY,Sikkim,,Slide,Rainfall,point_01649
27.08275,88.43478,GSI_INVENTORY,Sikkim,,Slide,Rainfall,point_01650
27.076,88.432,GSI_INVENTORY,West Bengal,,Slide,Earthquake,point_01651
27.07958,88.44123,GSI_INVENTORY,West Bengal,,Subsidence,Earthquake,point_01652
27.08,88.442,GSI_INVENTORY,West Bengal,,Subsidence,Rainfall during 1969 monsoon,point_01653
27.08472,88.44383,GSI_INVENTORY,Sikkim,,Slide,Rainfall,point_01654
27.08422,88.44608,GSI_INVENTORY,Sikkim,,Slide,Rainfall,point_01655
27.08225,88.44603,GSI_INVENTORY,West Bengal,,Slide,Rainfall,point_01656
27.08087,88.44646,GSI_INVENTORY,West Bengal,,Slide,Rainfall,point_01657
27.08104,88.45146,GSI_INVENTORY,West Bengal,,Flow,Rainfall,point_01658
27.084,88.455,GSI_INVENTORY,West Bengal,,Flow, ,point_01659
27.08251,88.45644,GSI_INVENTORY,West Bengal,,Flow,Rainfall,point_01660
27.08567,88.45783,GSI_INVENTORY,West Bengal,,Slide,Rainfall,point_01661
27.088,88.459,GSI_INVENTORY,West Bengal,,Slide, ,point_01662
27.082,88.452,GSI_INVENTORY,West Bengal,,Flow, ,point_01663
27.08283,88.44964,GSI_INVENTORY,West Bengal,,Slide,Rainfall,point_01664
27.09328,88.45744,GSI_INVENTORY,Sikkim,,Slide,Rainfall,point_01665
27.089,88.463,GSI_INVENTORY,West Bengal,,Flow, ,point_01666
27.09029,88.46412,GSI_INVENTORY,West Bengal,,Flow,Rainfall,point_01667
27.09159,88.46517,GSI_INVENTORY,West Bengal,,Slide,Rainfall,point_01668
27.094,88.465,GSI_INVENTORY,West Bengal,,Slide, ,point_01669
27.09768,88.46822,GSI_INVENTORY,West Bengal,,Slide,Rainfall,point_01670
27.09981,88.47172,GSI_INVENTORY,West Bengal,,Slide,Rainfall,point_01671
27.09973,88.47143,GSI_INVENTORY,West Bengal,,Slide,Earthquake,point_01672
27.09255,88.46753,GSI_INVENTORY,West Bengal,,Slide,Rainfall,point_01673
27.08721,88.46098,GSI_INVENTORY,West Bengal,,Flow,Rainfall,point_01674
27.082,88.464,GSI_INVENTORY,West Bengal,,Flow,Rainfall,point_01675
27.07768,88.47104,GSI_INVENTORY,West Bengal,,Flow,Rainfall,point_01676
27.077,88.471,GSI_INVENTORY,West Bengal,,Slide,Rainfall induced,point_01677
27.067,88.467,GSI_INVENTORY,West Bengal,,Subsidence, ,point_01678
27.065,88.466,GSI_INVENTORY,West Bengal,,Slide, ,point_01679
27.072,88.456,GSI_INVENTORY,West Bengal,,Slide, ,point_01680
27.07297,88.45486,GSI_INVENTORY,West Bengal,,Slide,Rainfall,point_01681
27.07247,88.45721,GSI_INVENTORY,West Bengal,,Slide,Rainfall,point_01682
27.07258,88.45725,GSI_INVENTORY,West Bengal,,Slide,Rainfall,point_01683
27.07327,88.45211,GSI_INVENTORY,West Bengal,,Subsidence,Rainfall,point_01684
27.071,88.452,GSI_INVENTORY,West Bengal,,Subsidence, ,point_01685
27.07114,88.45272,GSI_INVENTORY,West Bengal,,Slide,Rainfall,point_01686
27.05913,88.45943,GSI_INVENTORY,West Bengal,,Slide,Rainfall,point_01687
27.05792,88.45778,GSI_INVENTORY,West Bengal,,Slide,Rainfall,point_01688
27.05181,88.45072,GSI_INVENTORY,West Bengal,,Slide,Rainfall,point_01689
27.05258,88.45275,GSI_INVENTORY,West Bengal,,Subsidence,Rainfall,point_01690
27.05089,88.45408,GSI_INVENTORY,West Bengal,,Slide,Rainfall,point_01691
27.05115,88.45348,GSI_INVENTORY,West Bengal,,Slide,Rainfall,point_01692
27.05087,88.45467,GSI_INVENTORY,West Bengal,,Slide,Rainfall,point_01693
27.05058,88.45675,GSI_INVENTORY,West Bengal,,Subsidence,Rainfall,point_01694
27.05275,88.45567,GSI_INVENTORY,West Bengal,,Subsidence,Rainfall,point_01695
27.05259,88.45533,GSI_INVENTORY,West Bengal,,Slide,Rainfall,point_01696
27.05544,88.45833,GSI_INVENTORY,West Bengal,,Subsidence,Rainfall,point_01697
27.053,88.459,GSI_INVENTORY,West Bengal,,Slide,Heavy antecedent rainfall,point_01698
27.05,88.461,GSI_INVENTORY,West Bengal,,Slide,Heavy antecedent rainfall,point_01699
27.05,88.462,GSI_INVENTORY,West Bengal,,Slide,Rainfall,point_01700
27.057,88.461,GSI_INVENTORY,West Bengal,,Subsidence,Heavy antecedent rainfall,point_01701
27.06,88.47,GSI_INVENTORY,West Bengal,,Slide,Rainfall,point_01702
27.055,88.46692,GSI_INVENTORY,West Bengal,,Subsidence,Rainfall,point_01703
27.0497,88.46359,GSI_INVENTORY,West Bengal,,Slide,Rainfall,point_01704
27.02536,88.4514,GSI_INVENTORY,West Bengal,,Slide,Rainfall,point_01705
27.02552,88.45081,GSI_INVENTORY,West Bengal,,Slide,Rainfall,point_01706
27.04625,88.45539,GSI_INVENTORY,West Bengal,,Flow,Rainfall,point_01707
27.04388,88.46017,GSI_INVENTORY,West Bengal,,Slide,Rainfall,point_01708
27.04545,88.45966,GSI_INVENTORY,West Bengal,,Slide,Rainfall,point_01709
27.04637,88.45936,GSI_INVENTORY,West Bengal,,Subsidence,Rainfall,point_01710
27.04789,88.45991,GSI_INVENTORY,West Bengal,,Slide,Rainfall,point_01711
27.04866,88.46002,GSI_INVENTORY,West Bengal,,Slide,Rainfall,point_01712
27.04948,88.45812,GSI_INVENTORY,West Bengal,,Slide,Rainfall,point_01713
27.04746,88.45504,GSI_INVENTORY,West Bengal,,Slide,Rainfall,point_01714
27.04773,88.44991,GSI_INVENTORY,West Bengal,,Slide,Rainfall,point_01715
27.04751,88.45131,GSI_INVENTORY,West Bengal,,Slide,Rainfall,point_01716
27.049,88.44,GSI_INVENTORY,West Bengal,,Slide, ,point_01717
27.02481,88.43214,GSI_INVENTORY,West Bengal,,Slide,Rainfall,point_01718
27.028,88.432,GSI_INVENTORY,West Bengal,,Slide,Rainfall,point_01719
27.029,88.427,GSI_INVENTORY,West Bengal,,Slide,Earthquake,point_01720
27.03018,88.42833,GSI_INVENTORY,West Bengal,,Slide,Rainfall,point_01721
27.03497,88.42861,GSI_INVENTORY,West Bengal,,Subsidence,Rainfall,point_01722
27.03816,88.42602,GSI_INVENTORY,West Bengal,,Flow,Rainfall,point_01723
27.039,88.427,GSI_INVENTORY,West Bengal,,Slide, ,point_01724
27.03979,88.42592,GSI_INVENTORY,West Bengal,,Slide,Rainfall,point_01725
27.04152,88.42701,GSI_INVENTORY,West Bengal,,Slide,Rainfall,point_01726
27.04194,88.42819,GSI_INVENTORY,West Bengal,,Subsidence,Rainfall,point_01727
27.04036,88.42728,GSI_INVENTORY,West Bengal,,Slide,Rainfall,point_01728
27.038,88.43,GSI_INVENTORY,West Bengal,,Flow, ,point_01729
27.045,88.43,GSI_INVENTORY,West Bengal,,Slide, ,point_01730
27.046,88.429,GSI_INVENTORY,West Bengal,,Slide, ,point_01731
27.04554,88.42724,GSI_INVENTORY,West Bengal,,Slide,Rainfall,point_01732
27.053,88.431,GSI_INVENTORY,West Bengal,,Slide, ,point_01733
27.05394,88.43611,GSI_INVENTORY,West Bengal,,Slide,Rainfall,point_01734
27.05507,88.43551,GSI_INVENTORY,West Bengal,,Slide,Rainfall,point_01735
27.05429,88.43417,GSI_INVENTORY,West Bengal,,Slide,Rainfall,point_01736
27.05317,88.4338,GSI_INVENTORY,West Bengal,,Slide,Rainfall,point_01737
27.05167,88.44167,GSI_INVENTORY,West Bengal,,Slide,Rainfall,point_01738
27.05106,88.44655,GSI_INVENTORY,West Bengal,,Slide,Rainfall,point_01739
27.0613,88.4439,GSI_INVENTORY,West Bengal,,Slide,Heavy rainfall,point_01740
27.07396,88.43625,GSI_INVENTORY,West Bengal,,Slide,Rainfall,point_01741
27.07,88.432,GSI_INVENTORY,West Bengal,,Flow, ,point_01742
27.066,88.432,GSI_INVENTORY,West Bengal,,Subsidence,Rainfall of 1968,point_01743
27.067,88.433,GSI_INVENTORY,West Bengal,,Slide, ,point_01744
27.068,88.433,GSI_INVENTORY,West Bengal,,Slide,Rainfall,point_01745
27.06794,88.43003,GSI_INVENTORY,West Bengal,,Slide,Rainfall,point_01746
27.06641,88.4291,GSI_INVENTORY,West Bengal,,Slide,Rainfall,point_01747
27.06505,88.42813,GSI_INVENTORY,West Bengal,,Subsidence,Rainfall,point_01748
27.06676,88.42661,GSI_INVENTORY,West Bengal,,Subsidence,Rainfall,point_01749
27.0665,88.42833,GSI_INVENTORY,West Bengal,,Slide, ,point_01750
27.07033,88.42606,GSI_INVENTORY,West Bengal,,Subsidence,Rainfall,point_01751
27.0694,88.42985,GSI_INVENTORY,West Bengal,,Flow,Rainfall,point_01752
27.06969,88.42997,GSI_INVENTORY,West Bengal,,Fall,Rainfall,point_01753
27.05656,88.40932,GSI_INVENTORY,West Bengal,,Slide,Rainfall,point_01754
27.05403,88.42475,GSI_INVENTORY,West Bengal,,Slide,Rainfall,point_01755
27.04497,88.39492,GSI_INVENTORY,West Bengal,,Slide,Rainfall,point_01756
27.04247,88.39542,GSI_INVENTORY,West Bengal,,Subsidence,Rainfall,point_01757
27.06858,88.39106,GSI_INVENTORY,West Bengal,,Slide,Rainfall,point_01758
27.08889,88.3888,GSI_INVENTORY,West Bengal,,Slide,Rainfall,point_01759
27.09842,88.40017,GSI_INVENTORY,Sikkim,,Slide,Rainfall,point_01760
27.08767,88.41653,GSI_INVENTORY,Sikkim,,Slide,Rainfall,point_01761
27.09008,88.41314,GSI_INVENTORY,Sikkim,,Slide,Rainfall,point_01762
27.09094,88.40683,GSI_INVENTORY,Sikkim,,Slide,Rainfall,point_01763
27.10111,88.40333,GSI_INVENTORY,Sikkim,,Slide,Rainfall,point_01764
27.10311,88.40272,GSI_INVENTORY,Sikkim,,Slide,Rainfall,point_01765
27.10294,88.40467,GSI_INVENTORY,Sikkim,,Subsidence,Rainfall/ Earthquake,point_01766
27.10108,88.40042,GSI_INVENTORY,Sikkim,,Slide,Rainfall,point_01767
27.1025,88.40078,GSI_INVENTORY,Sikkim,,Slide,Rainfall,point_01768
27.10119,88.39461,GSI_INVENTORY,Sikkim,,Slide,Rainfall,point_01769
27.10264,88.39464,GSI_INVENTORY,Sikkim,,Slide,Rainfall,point_01770
27.12553,88.38456,GSI_INVENTORY,Sikkim,,Fall,Rainfall,point_01771
27.10742,88.36314,GSI_INVENTORY,Sikkim,,Slide,Rainfall,point_01772
27.10108,88.3615,GSI_INVENTORY,Sikkim,,Slide,Rainfall,point_01773
27.12261,88.34339,GSI_INVENTORY,Sikkim,,Slide,Rainfall,point_01774
27.12319,88.34025,GSI_INVENTORY,Sikkim,,Slide,Rainfall,point_01775
27.11058,88.34047,GSI_INVENTORY,Sikkim,,Slide,Rainfall,point_01776
27.08013,88.33319,GSI_INVENTORY,West Bengal,,Slide,Rainfall,point_01777
27.08,88.335,GSI_INVENTORY,West Bengal,,Slide, ,point_01778
27.078,88.351,GSI_INVENTORY,West Bengal,,Flow, ,point_01779
27.09783,88.3785,GSI_INVENTORY,Sikkim,,Slide,Rainfall,point_01780
27.05958,88.35811,GSI_INVENTORY,West Bengal,,Slide,Rainfall,point_01781
27.02793,88.36884,GSI_INVENTORY,West Bengal,,Slide,Rainfall,point_01782
27.037,88.35369,GSI_INVENTORY,West Bengal,,Subsidence,Rainfall,point_01783
27.06871,88.35201,GSI_INVENTORY,West Bengal,,Flow,Rainfall,point_01784
27.06181,88.31283,GSI_INVENTORY,West Bengal,,Slide,Rainfall,point_01785
27.049,88.287,GSI_INVENTORY,West Bengal,,Flow,Rainfall,point_01786
27.06272,88.29892,GSI_INVENTORY,West Bengal,,Slide,Rainfall,point_01787
27.06546,88.29307,GSI_INVENTORY,West Bengal,,Slide,Rainfall,point_01788
27.08253,88.29128,GSI_INVENTORY,West Bengal,,Slide,Rainfall,point_01789
27.09239,88.30831,GSI_INVENTORY,West Bengal,,Subsidence,Rainfall,point_01790
27.10067,88.31956,GSI_INVENTORY,West Bengal,,Slide,Rainfall,point_01791
27.11283,88.31372,GSI_INVENTORY,West Bengal,,Slide,Rainfall,point_01792
27.11756,88.32367,GSI_INVENTORY,Sikkim,,Slide,Rainfall,point_01793
27.12389,88.31978,GSI_INVENTORY,Sikkim,,Slide,Rainfall,point_01794
27.1124,88.30903,GSI_INVENTORY,West Bengal,,Slide,Rainfall,point_01795
27.10844,88.29831,GSI_INVENTORY,West Bengal,,Slide,Rainfall,point_01796
27.12825,88.29219,GSI_INVENTORY,Sikkim,,Slide,Rainfall,point_01797
27.12719,88.30831,GSI_INVENTORY,Sikkim,,Slide,Rainfall,point_01798
27.14544,88.30569,GSI_INVENTORY,Sikkim,,Slide,Rainfall,point_01799
27.15103,88.30989,GSI_INVENTORY,Sikkim,,Slide,Rainfall,point_01800
27.15947,88.30003,GSI_INVENTORY,Sikkim,,Slide,Rainfall,point_01801
27.15769,88.30681,GSI_INVENTORY,Sikkim,,Slide,Rainfall,point_01802
27.15331,88.3135,GSI_INVENTORY,Sikkim,,Slide,Rainfall,point_01803
27.15503,88.31956,GSI_INVENTORY,Sikkim,,Slide,Rainfall,point_01804
27.15964,88.31889,GSI_INVENTORY,Sikkim,,Subsidence,Rainfall/ Earthquake,point_01805
27.14417,88.31108,GSI_INVENTORY,Sikkim,,Fall,Rainfall,point_01806
27.12647,88.31675,GSI_INVENTORY,Sikkim,,Slide,Rainfall,point_01807
27.12644,88.34044,GSI_INVENTORY,Sikkim,,Slide,Rainfall,point_01808
27.13044,88.34022,GSI_INVENTORY,Sikkim,,Slide,Rainfall,point_01809
27.13381,88.34278,GSI_INVENTORY,Sikkim,,Slide,Rainfall,point_01810
27.13767,88.34269,GSI_INVENTORY,Sikkim,,Slide,Rainfall,point_01811
27.14972,88.34833,GSI_INVENTORY,Sikkim,,Slide,Rainfall,point_01812
27.12631,88.37867,GSI_INVENTORY,Sikkim,,Slide,Rainfall,point_01813
27.13431,88.37053,GSI_INVENTORY,Sikkim,,Slide,Rainfall,point_01814
27.13994,88.36817,GSI_INVENTORY,Sikkim,,Slide,Rainfall,point_01815
27.14089,88.36822,GSI_INVENTORY,Sikkim,,Slide,Rainfall,point_01816
27.14506,88.37078,GSI_INVENTORY,Sikkim,,Slide,Rainfall,point_01817
27.14356,88.37308,GSI_INVENTORY,Sikkim,,Slide,Rainfall,point_01818
27.15997,88.37908,GSI_INVENTORY,Sikkim,,Slide,Rainfall,point_01819
27.17223,88.372,GSI_INVENTORY,Sikkim,,Complex,Rainfall (heavy downpour),point_01820
27.17717,88.36961,GSI_INVENTORY,Sikkim,,Slide,Rainfall,point_01821
27.16947,88.36378,GSI_INVENTORY,Sikkim,,Slide,Rainfall,point_01822
27.17114,88.35461,GSI_INVENTORY,Sikkim,,Slide,Rainfall,point_01823
27.16453,88.34847,GSI_INVENTORY,Sikkim,,Slide,Rainfall,point_01824
27.16528,88.34853,GSI_INVENTORY,Sikkim,,Slide,Rainfall,point_01825
27.16761,88.34889,GSI_INVENTORY,Sikkim,,Slide,Rainfall,point_01826
27.158,88.34797,GSI_INVENTORY,Sikkim,,Slide,Rainfall,point_01827
27.15814,88.34481,GSI_INVENTORY,Sikkim,,Slide,Rainfall,point_01828
27.15822,88.34325,GSI_INVENTORY,Sikkim,,Slide,Rainfall,point_01829
27.20086,88.34086,GSI_INVENTORY,Sikkim,,Slide,Rainfall,point_01830
27.19903,88.35042,GSI_INVENTORY,Sikkim,,Slide,Rainfall,point_01831
27.20039,88.3545,GSI_INVENTORY,Sikkim,,Slide,Rainfall,point_01832
27.2215,88.37067,GSI_INVENTORY,Sikkim,,Slide,Rainfall,point_01833
27.22144,88.37617,GSI_INVENTORY,Sikkim,,Slide,Rainfall,point_01834
27.22508,88.37333,GSI_INVENTORY,Sikkim,,Slide,Rainfall,point_01835
27.22478,88.37208,GSI_INVENTORY,Sikkim,,Slide,Rainfall,point_01836
27.21794,88.31808,GSI_INVENTORY,Sikkim,,Slide,Rainfall,point_01837
27.20469,88.32375,GSI_INVENTORY,Sikkim,,Slide,Rainfall,point_01838
27.20692,88.32328,GSI_INVENTORY,Sikkim,,Slide,Rainfall,point_01839
27.21356,88.32183,GSI_INVENTORY,Sikkim,,Slide,Rainfall,point_01840
27.19164,88.32586,GSI_INVENTORY,Sikkim,,Slide,Rainfall,point_01841
27.18481,88.31683,GSI_INVENTORY,Sikkim,,Slide,Rainfall,point_01842
27.18636,88.32042,GSI_INVENTORY,Sikkim,,Slide,Rainfall,point_01843
27.18122,88.30953,GSI_INVENTORY,Sikkim,,Slide,Rainfall,point_01844
27.19192,88.2885,GSI_INVENTORY,Sikkim,,Slide,Rainfall,point_01845
27.22656,88.30886,GSI_INVENTORY,Sikkim,,Slide,Rainfall,point_01846
27.22292,88.28197,GSI_INVENTORY,Sikkim,,Slide,Rainfall,point_01847
27.22078,88.27992,GSI_INVENTORY,Sikkim,,Slide,Rainfall,point_01848
27.21992,88.27631,GSI_INVENTORY,Sikkim,,Slide,Rainfall,point_01849
27.22047,88.28103,GSI_INVENTORY,Sikkim,,Slide,Rainfall,point_01850
27.21672,88.27464,GSI_INVENTORY,Sikkim,,Slide,Rainfall,point_01851
27.22031,88.26186,GSI_INVENTORY,Sikkim,,Slide,Rainfall,point_01852
27.20175,88.26819,GSI_INVENTORY,Sikkim,,Slide,Rainfall,point_01853
27.1545,88.27567,GSI_INVENTORY,Sikkim,,Slide,Rainfall,point_01854
27.12767,88.27286,GSI_INVENTORY,West Bengal,,Slide,Rainfall,point_01855
27.12642,88.27125,GSI_INVENTORY,West Bengal,,Subsidence,Rainfall,point_01856
27.12986,88.26622,GSI_INVENTORY,Sikkim,,Slide,Rainfall,point_01857
27.12897,88.26211,GSI_INVENTORY,Sikkim,,Slide,Rainfall,point_01858
27.17108,88.24542,GSI_INVENTORY,Sikkim,,Slide,Rainfall,point_01859
27.16797,88.22478,GSI_INVENTORY,Sikkim,,Slide,Rainfall,point_01860
27.1645,88.22844,GSI_INVENTORY,Sikkim,,Slide,Rainfall,point_01861
27.15694,88.23078,GSI_INVENTORY,Sikkim,,Slide,Rainfall,point_01862
27.15781,88.23031,GSI_INVENTORY,Sikkim,,Slide,Rainfall,point_01863
27.141,88.21119,GSI_INVENTORY,Sikkim,,Slide,Rainfall,point_01864
27.16447,88.21389,GSI_INVENTORY,Sikkim,,Slide,Rainfall,point_01865
27.18594,88.19794,GSI_INVENTORY,Sikkim,,Slide,Rainfall,point_01866
27.19711,88.20872,GSI_INVENTORY,Sikkim,,Slide,Rainfall,point_01867
27.18661,88.20628,GSI_INVENTORY,Sikkim,,Slide,Rainfall,point_01868
27.18597,88.20583,GSI_INVENTORY,Sikkim,,Slide,Rainfall,point_01869
27.21944,88.23436,GSI_INVENTORY,Sikkim,,Slide,Rainfall,point_01870
27.21767,88.23464,GSI_INVENTORY,Sikkim,,Slide,Rainfall,point_01871
27.21767,88.23347,GSI_INVENTORY,Sikkim,,Slide,Rainfall,point_01872
27.21828,88.23247,GSI_INVENTORY,Sikkim,,Slide,Rainfall,point_01873
27.21728,88.23694,GSI_INVENTORY,Sikkim,,Slide,Rainfall,point_01874
27.22081,88.23736,GSI_INVENTORY,Sikkim,,Slide,Rainfall,point_01875
27.22556,88.24033,GSI_INVENTORY,Sikkim,,Slide,Rainfall,point_01876
27.2275,88.22028,GSI_INVENTORY,Sikkim,,Slide,Rainfall,point_01877
27.2195,88.21022,GSI_INVENTORY,Sikkim,,Slide,Rainfall,point_01878
27.21636,88.19967,GSI_INVENTORY,Sikkim,,Slide,Rainfall,point_01879
27.18117,88.19203,GSI_INVENTORY,Sikkim,,Slide,Rainfall,point_01880
27.17928,88.19097,GSI_INVENTORY,Sikkim,,Slide,Rainfall,point_01881
27.16628,88.14433,GSI_INVENTORY,Sikkim,,Slide,Rainfall,point_01882
27.16347,88.14308,GSI_INVENTORY,Sikkim,,Slide,Rainfall,point_01883
27.15806,88.14153,GSI_INVENTORY,Sikkim,,Slide,Rainfall,point_01884
27.16386,88.14136,GSI_INVENTORY,Sikkim,,Slide,Rainfall,point_01885
27.14406,88.12736,GSI_INVENTORY,Sikkim,,Slide,Rainfall,point_01886
27.12869,88.14164,GSI_INVENTORY,Sikkim,,Slide,Rainfall,point_01887
27.12833,88.14883,GSI_INVENTORY,Sikkim,,Slide,Rainfall,point_01888
27.17164,88.15933,GSI_INVENTORY,Sikkim,,Slide,Rainfall,point_01889
27.16533,88.16203,GSI_INVENTORY,Sikkim,,Slide,Rainfall,point_01890
27.17183,88.16086,GSI_INVENTORY,Sikkim,,Slide,Rainfall,point_01891
27.15736,88.17167,GSI_INVENTORY,Sikkim,,Slide,Rainfall,point_01892
27.15272,88.19083,GSI_INVENTORY,Sikkim,,Slide,Rainfall,point_01893
27.14997,88.18422,GSI_INVENTORY,Sikkim,,Slide,Rainfall,point_01894
27.14203,88.17214,GSI_INVENTORY,Sikkim,,Slide,Rainfall,point_01895
27.14194,88.18022,GSI_INVENTORY,Sikkim,,Slide,Rainfall,point_01896
27.12172,88.18903,GSI_INVENTORY,West Bengal,,Slide,Rainfall,point_01897
27.11911,88.18733,GSI_INVENTORY,West Bengal,,Slide,Rainfall,point_01898
27.11592,88.18639,GSI_INVENTORY,West Bengal,,Slide,Rainfall,point_01899
27.08919,88.1925,GSI_INVENTORY,West Bengal,,Slide,Rainfall,point_01900
27.08256,88.18475,GSI_INVENTORY,West Bengal,,Slide,Rainfall,point_01901
27.07925,88.18058,GSI_INVENTORY,West Bengal,,Subsidence,Rainfall,point_01902
27.09731,88.17325,GSI_INVENTORY,West Bengal,,Slide,Rainfall,point_01903
27.09556,88.16622,GSI_INVENTORY,West Bengal,,Subsidence,Rainfall,point_01904
27.08881,88.16456,GSI_INVENTORY,West Bengal,,Slide,Rainfall,point_01905
27.1205,88.15272,GSI_INVENTORY,Sikkim,,Slide,Rainfall,point_01906
27.12144,88.15342,GSI_INVENTORY,Sikkim,,Slide,Rainfall,point_01907
27.12161,88.14553,GSI_INVENTORY,Sikkim,,Slide,Rainfall,point_01908
27.1215,88.14222,GSI_INVENTORY,Sikkim,,Slide,Rainfall,point_01909
27.12586,88.14275,GSI_INVENTORY,Sikkim,,Slide,Rainfall,point_01910
27.12456,88.13978,GSI_INVENTORY,Sikkim,,Slide,Rainfall,point_01911
27.122,88.13989,GSI_INVENTORY,Sikkim,,Slide,Rainfall,point_01912
27.12192,88.13947,GSI_INVENTORY,Sikkim,,Slide,Rainfall,point_01913
27.11226,88.13076,GSI_INVENTORY,West Bengal,,Subsidence,Rainfall,point_01914
27.10589,88.13283,GSI_INVENTORY,West Bengal,,Slide,Rainfall,point_01915
27.10394,88.12967,GSI_INVENTORY,West Bengal,,Slide,Rainfall,point_01916
27.11703,88.12672,GSI_INVENTORY,West Bengal,,Slide,Rainfall,point_01917
27.11547,88.13348,GSI_INVENTORY,West Bengal,,Slide,Rainfall,point_01918
27.12,88.12,GSI_INVENTORY,West Bengal,,Slide, ,point_01919
27.11864,88.12191,GSI_INVENTORY,West Bengal,,Slide,Rainfall,point_01920
27.11683,88.12122,GSI_INVENTORY,West Bengal,,Slide,Rainfall,point_01921
27.11932,88.11971,GSI_INVENTORY,West Bengal,,Slide,Rainfall,point_01922
27.125,88.117,GSI_INVENTORY,West Bengal,,Slide, ,point_01923
27.12169,88.10483,GSI_INVENTORY,West Bengal,,Subsidence,Rainfall,point_01924
27.101,88.107,GSI_INVENTORY,West Bengal,,Slide, ,point_01925
27.10577,88.10942,GSI_INVENTORY,West Bengal,,Slide,Rainfall,point_01926
27.10517,88.12323,GSI_INVENTORY,West Bengal,,Slide,Rainfall,point_01927
27.09462,88.10196,GSI_INVENTORY,West Bengal,,Slide,Earthquake,point_01928
27.09506,88.1035,GSI_INVENTORY,West Bengal,,Slide,Rainfall,point_01929
27.094,88.102,GSI_INVENTORY,West Bengal,,Slide, ,point_01930
27.03767,88.14764,GSI_INVENTORY,West Bengal,,Slide,Rainfall,point_01931
27.02583,88.15086,GSI_INVENTORY,West Bengal,,Slide,Rainfall,point_01932
27.03672,88.15492,GSI_INVENTORY,West Bengal,,Slide,Rainfall,point_01933
27.04978,88.16994,GSI_INVENTORY,West Bengal,,Slide,Rainfall,point_01934
27.04131,88.15708,GSI_INVENTORY,West Bengal,,Slide,Rainfall,point_01935
27.03792,88.15578,GSI_INVENTORY,West Bengal,,Slide,Rainfall,point_01936
27.04039,88.15642,GSI_INVENTORY,West Bengal,,Slide,Rainfall,point_01937
27.03939,88.15336,GSI_INVENTORY,West Bengal,,Slide,Rainfall,point_01938
27.03975,88.15061,GSI_INVENTORY,West Bengal,,Slide,Rainfall,point_01939
27.04006,88.14897,GSI_INVENTORY,West Bengal,,Slide,Rainfall,point_01940
27.06128,88.14906,GSI_INVENTORY,West Bengal,,Slide,Rainfall,point_01941
27.06189,88.148,GSI_INVENTORY,West Bengal,,Slide,Rainfall,point_01942
27.06275,88.15542,GSI_INVENTORY,West Bengal,,Subsidence,Rainfall,point_01943
27.06667,88.16186,GSI_INVENTORY,West Bengal,,Subsidence,Rainfall,point_01944
27.07253,88.16614,GSI_INVENTORY,West Bengal,,Slide,Rainfall,point_01945
27.05125,88.17206,GSI_INVENTORY,West Bengal,,Slide,Rainfall,point_01946
27.07089,88.18633,GSI_INVENTORY,West Bengal,,Slide,Rainfall,point_01947
27.067,88.18948,GSI_INVENTORY,West Bengal,,Slide,Rainfall,point_01948
27.028,88.194,GSI_INVENTORY,West Bengal,,Slide,Earthquake,point_01949
27.02872,88.20208,GSI_INVENTORY,West Bengal,,Slide,Rainfall,point_01950
27.03608,88.19733,GSI_INVENTORY,West Bengal,,Subsidence,Rainfall,point_01951
27.03475,88.19744,GSI_INVENTORY,West Bengal,,Subsidence,Rainfall,point_01952
27.03122,88.19669,GSI_INVENTORY,West Bengal,,Slide,Rainfall,point_01953
27.0394,88.1968,GSI_INVENTORY,West Bengal,,Slide,Rainfall,point_01954
27.043,88.199,GSI_INVENTORY,West Bengal,,Slide,Earthquake,point_01955
27.0427,88.1985,GSI_INVENTORY,West Bengal,,Slide,Rainfall,point_01956
27.04778,88.20625,GSI_INVENTORY,West Bengal,,Slide,Rainfall,point_01957
27.04406,88.21136,GSI_INVENTORY,West Bengal,,Slide,Rainfall,point_01958
27.04697,88.21297,GSI_INVENTORY,West Bengal,,Slide,Rainfall,point_01959
27.02489,88.20681,GSI_INVENTORY,West Bengal,,Slide,Rainfall,point_01960
27.03408,88.22242,GSI_INVENTORY,West Bengal,,Slide,Rainfall,point_01961
27.025,88.24,GSI_INVENTORY,West Bengal,,Fall,Rainfall,point_01962
27.02708,88.23844,GSI_INVENTORY,West Bengal,,Subsidence,Rainfall,point_01963
27.035,88.23,GSI_INVENTORY,West Bengal,,Slide,Rainfall,point_01964
27.04953,88.21883,GSI_INVENTORY,West Bengal,,Slide,Rainfall,point_01965
27.06626,88.23964,GSI_INVENTORY,West Bengal,,Slide,Rainfall,point_01966
27.05,88.208,GSI_INVENTORY,West Bengal,,Subsidence,Rainfall,point_01967
27.05572,88.20653,GSI_INVENTORY,West Bengal,,Slide,Rainfall,point_01968
27.05172,88.20269,GSI_INVENTORY,West Bengal,,Slide,Rainfall,point_01969
27.055,88.20174,GSI_INVENTORY,West Bengal,,Slide,Rainfall,point_01970
27.05006,88.19914,GSI_INVENTORY,West Bengal,,Subsidence,Rainfall,point_01971
27.05131,88.19453,GSI_INVENTORY,West Bengal,,Slide,Rainfall,point_01972
27.071,88.201,GSI_INVENTORY,West Bengal,,Subsidence,Earthquake,point_01973
27.08008,88.20883,GSI_INVENTORY,West Bengal,,Slide,Rainfall,point_01974
27.11172,88.20433,GSI_INVENTORY,West Bengal,,Slide,Rainfall,point_01975
27.11553,88.20658,GSI_INVENTORY,West Bengal,,Slide,Rainfall,point_01976
27.12081,88.20978,GSI_INVENTORY,West Bengal,,Slide,Rainfall,point_01977
27.12048,88.21043,GSI_INVENTORY,West Bengal,,Slide,Earthquake,point_01978
27.11898,88.21465,GSI_INVENTORY,West Bengal,,Slide,Cyclone Aila,point_01979
27.10817,88.21492,GSI_INVENTORY,West Bengal,,Slide,Rainfall,point_01980
27.11247,88.21439,GSI_INVENTORY,West Bengal,,Subsidence,Rainfall,point_01981
27.11556,88.21883,GSI_INVENTORY,West Bengal,,Slide,Rainfall,point_01982
27.11589,88.22011,GSI_INVENTORY,West Bengal,,Slide,Rainfall,point_01983
27.118,88.22128,GSI_INVENTORY,West Bengal,,Slide,Rainfall,point_01984
27.12383,88.22533,GSI_INVENTORY,Sikkim,,Slide,Rainfall,point_01985
27.12247,88.22761,GSI_INVENTORY,Sikkim,,Slide,Rainfall,point_01986
27.12161,88.237,GSI_INVENTORY,Sikkim,,Slide,Rainfall,point_01987
27.112,88.24,GSI_INVENTORY,West Bengal,,Slide, ,point_01988
27.112,88.238,GSI_INVENTORY,West Bengal,,Slide,Earthquake,point_01989
27.10869,88.23789,GSI_INVENTORY,West Bengal,,Slide,Rainfall,point_01990
27.10742,88.23486,GSI_INVENTORY,West Bengal,,Slide,Rainfall,point_01991
27.10722,88.23364,GSI_INVENTORY,West Bengal,,Slide,Rainfall,point_01992
27.10472,88.23311,GSI_INVENTORY,West Bengal,,Slide,Rainfall,point_01993
27.10592,88.23289,GSI_INVENTORY,West Bengal,,Slide,Rainfall,point_01994
27.10339,88.23103,GSI_INVENTORY,West Bengal,,Slide,Rainfall,point_01995
27.10316,88.2303,GSI_INVENTORY,West Bengal,,Subsidence,Rainfall,point_01996
27.10109,88.23039,GSI_INVENTORY,West Bengal,,Slide,Rainfall,point_01997
27.101,88.231,GSI_INVENTORY,West Bengal,,Slide,Earthquake,point_01998
27.10314,88.23219,GSI_INVENTORY,West Bengal,,Slide,Rainfall,point_01999
27.10394,88.23483,GSI_INVENTORY,West Bengal,,Slide,Rainfall,point_02000
27.10614,88.23558,GSI_INVENTORY,West Bengal,,Subsidence,Rainfall,point_02001
27.09858,88.23186,GSI_INVENTORY,West Bengal,,Slide,Rainfall,point_02002
27.10046,88.2295,GSI_INVENTORY,West Bengal,,Slide,Rainfall,point_02003
27.10056,88.22939,GSI_INVENTORY,West Bengal,,Slide,Rainfall,point_02004
27.09578,88.22628,GSI_INVENTORY,West Bengal,,Slide,Rainfall,point_02005
27.09189,88.22486,GSI_INVENTORY,West Bengal,,Subsidence,Rainfall,point_02006
27.07817,88.23425,GSI_INVENTORY,West Bengal,,Slide,Rainfall,point_02007
27.08411,88.23686,GSI_INVENTORY,West Bengal,,Subsidence,Rainfall,point_02008
27.097,88.25314,GSI_INVENTORY,West Bengal,,Slide,Rainfall,point_02009
27.09914,88.24667,GSI_INVENTORY,West Bengal,,Slide,Rainfall,point_02010
27.09439,88.25074,GSI_INVENTORY,West Bengal,,Subsidence,Rainfall,point_02011
27.094,88.25,GSI_INVENTORY,West Bengal,,Subsidence, ,point_02012
27.09078,88.24997,GSI_INVENTORY,West Bengal,,Slide,Rainfall,point_02013
27.08875,88.24375,GSI_INVENTORY,West Bengal,,Slide,Earthquake,point_02014
27.10233,88.25042,GSI_INVENTORY,West Bengal,,Slide,Rainfall,point_02015
27.1167,88.26409,GSI_INVENTORY,West Bengal,,Slide,Rainfall,point_02016
27.10933,88.28217,GSI_INVENTORY,West Bengal,,Slide,Rainfall,point_02017
27.06583,88.28196,GSI_INVENTORY,West Bengal,,Slide,Rainfall,point_02018
27.05418,88.27976,GSI_INVENTORY,West Bengal,,Slide,Rainfall,point_02019
27.05322,88.26753,GSI_INVENTORY,West Bengal,,Slide,Rainfall,point_02020
27.05228,88.26831,GSI_INVENTORY,West Bengal,,Subsidence,Rainfall,point_02021
27.05,88.268,GSI_INVENTORY,West Bengal,,Slide,Rainfall,point_02022
27.06318,88.25625,GSI_INVENTORY,West Bengal,,Slide,Rainfall,point_02023
27.06335,88.25532,GSI_INVENTORY,West Bengal,,Slide,Rainfall,point_02024
27.06394,88.25564,GSI_INVENTORY,West Bengal,,Slide,Rainfall,point_02025
27.06403,88.25481,GSI_INVENTORY,West Bengal,,Slide,Rainfall,point_02026
27.0634,88.24509,GSI_INVENTORY,West Bengal,,Slide,Rainfall,point_02027
27.06127,88.2515,GSI_INVENTORY,West Bengal,,Slide,Rainfall,point_02028
27.05861,88.25246,GSI_INVENTORY,West Bengal,,Slide,Rainfall,point_02029
27.06238,88.2577,GSI_INVENTORY,West Bengal,,Slide,Rainfall,point_02030
27.05637,88.2605,GSI_INVENTORY,West Bengal,,Flow,Rainfall,point_02031
27.061,88.25847,GSI_INVENTORY,West Bengal,,Slide,Rainfall,point_02032
27.026,88.253,GSI_INVENTORY,West Bengal,,Slide,Rainfall,point_02033
27.02833,88.25675,GSI_INVENTORY,West Bengal,,Slide,Rainfall,point_02034
27.03703,88.25908,GSI_INVENTORY,West Bengal,,Slide,Rainfall,point_02035
27.02447,88.25961,GSI_INVENTORY,West Bengal,,Slide,Rainfall,point_02036
27.02863,88.27096,GSI_INVENTORY,West Bengal,,Subsidence,Rainfall,point_02037
27.0323,88.26462,GSI_INVENTORY,West Bengal,,Slide,Rainfall,point_02038
27.04439,88.27022,GSI_INVENTORY,West Bengal,,Slide,Rainfall,point_02039
27.04775,88.27361,GSI_INVENTORY,West Bengal,,Slide,Rainfall,point_02040
27.03794,88.27581,GSI_INVENTORY,West Bengal,,Subsidence,Rainfall,point_02041
27.04161,88.27908,GSI_INVENTORY,West Bengal,,Subsidence,Rainfall,point_02042
27.043,88.27928,GSI_INVENTORY,West Bengal,,Slide,Rainfall,point_02043
27.04956,88.27853,GSI_INVENTORY,West Bengal,,Slide,Rainfall,point_02044
27.03697,88.2782,GSI_INVENTORY,West Bengal,,Slide,Rainfall,point_02045
27.02505,88.27664,GSI_INVENTORY,West Bengal,,Slide,Rainfall,point_02046
27.0273,88.27963,GSI_INVENTORY,West Bengal,,Slide,Rainfall,point_02047
27.00484,88.27819,GSI_INVENTORY,West Bengal,,Slide,Rainfall,point_02048
27.02124,88.27161,GSI_INVENTORY,West Bengal,,Slide,Rainfall,point_02049
27.02429,88.26236,GSI_INVENTORY,West Bengal,,Slide,Rainfall,point_02050
27.00394,88.24325,GSI_INVENTORY,West Bengal,,Slide,Rainfall,point_02051
27.00453,88.241,GSI_INVENTORY,West Bengal,,Slide,Rainfall,point_02052
27.005,88.255,GSI_INVENTORY,West Bengal,,Slide,Cyclone Aila,point_02053
27.00411,88.25214,GSI_INVENTORY,West Bengal,,Slide,Rainfall,point_02054
27.00769,88.25832,GSI_INVENTORY,West Bengal,,Slide,Rainfall,point_02055
27.01014,88.25872,GSI_INVENTORY,West Bengal,,Slide, ,point_02056
26.998,88.263,GSI_INVENTORY,West Bengal,,Slide,Rainfall,point_02057
26.997,88.26,GSI_INVENTORY,West Bengal,,Slide,Rainfall,point_02058
26.98943,88.26309,GSI_INVENTORY,West Bengal,,Slide,Rainfall,point_02059
26.99367,88.26887,GSI_INVENTORY,West Bengal,,Slide,Rainfall,point_02060
26.984,88.277,GSI_INVENTORY,West Bengal,,Slide,Rainfall,point_02061
26.98457,88.27775,GSI_INVENTORY,West Bengal,,Slide,Rainfall,point_02062
27.01161,88.22761,GSI_INVENTORY,West Bengal,,Slide,Rainfall,point_02063
27.01822,88.20844,GSI_INVENTORY,West Bengal,,Slide,Rainfall,point_02064
27.02,88.203,GSI_INVENTORY,West Bengal,,Slide,Earthquake,point_02065
27.02317,88.20558,GSI_INVENTORY,West Bengal,,Slide,Rainfall,point_02066
27.021,88.199,GSI_INVENTORY,West Bengal,,Slide,Earthquake,point_02067
27.02039,88.17778,GSI_INVENTORY,West Bengal,,Slide,Rainfall,point_02068
27.01122,88.17742,GSI_INVENTORY,West Bengal,,Slide,Rainfall,point_02069
27.023,88.14825,GSI_INVENTORY,West Bengal,,Subsidence,Rainfall,point_02070
27.01233,88.13881,GSI_INVENTORY,West Bengal,,Slide,Rainfall,point_02071
27.018,88.145,GSI_INVENTORY,West Bengal,,Flow, ,point_02072
27.015,88.145,GSI_INVENTORY,West Bengal,,Slide, ,point_02073
27.008,88.132,GSI_INVENTORY,West Bengal,,Slide, ,point_02074
26.9921,88.14483,GSI_INVENTORY,West Bengal,,Slide,Rainfall,point_02075
26.99144,88.14475,GSI_INVENTORY,West Bengal,,Slide,Rainfall,point_02076
26.9823,88.14242,GSI_INVENTORY,West Bengal,,Slide,Rainfall,point_02077
26.92394,88.14432,GSI_INVENTORY,West Bengal,,Slide,Cyclone Aila,point_02078
26.89099,88.1916,GSI_INVENTORY,West Bengal,,Slide,Cyclone Aila,point_02079
26.89333,88.18528,GSI_INVENTORY,West Bengal,,Slide, ,point_02080
26.89331,88.18398,GSI_INVENTORY,West Bengal,,Slide,Cyclone Aila,point_02081
26.89103,88.18681,GSI_INVENTORY,West Bengal,,Slide, ,point_02082
26.89099,88.1881,GSI_INVENTORY,West Bengal,,Slide,Cyclone Aila,point_02083
26.88756,88.18926,GSI_INVENTORY,West Bengal,,Slide,Cyclone Aila,point_02084
26.88862,88.17477,GSI_INVENTORY,West Bengal,,Slide,Cyclone Aila,point_02085
26.88867,88.17422,GSI_INVENTORY,West Bengal,,Subsidence,Rainfall,point_02086
26.88936,88.17869,GSI_INVENTORY,West Bengal,,Slide, ,point_02087
26.88788,88.17893,GSI_INVENTORY,West Bengal,,Slide,Rainfall,point_02088
26.89173,88.17842,GSI_INVENTORY,West Bengal,,Slide,Rainfall,point_02089
26.89175,88.17878,GSI_INVENTORY,West Bengal,,Slide and flow,Rainfall,point_02090
26.89286,88.15992,GSI_INVENTORY,West Bengal,,Slide,Rainfall,point_02091
26.88131,88.16492,GSI_INVENTORY,West Bengal,,Slide,Rainfall,point_02092
26.88242,88.16517,GSI_INVENTORY,West Bengal,,Slide,Rainfall,point_02093
26.91372,88.15197,GSI_INVENTORY,West Bengal,,Slide,Rainfall,point_02094
26.86553,88.19272,GSI_INVENTORY,West Bengal,,Slide,Rainfall,point_02095
26.86492,88.193,GSI_INVENTORY,West Bengal,,Slide,Rainfall,point_02096
26.86381,88.1937,GSI_INVENTORY,West Bengal,,Slide,Rainfall,point_02097
26.86286,88.19308,GSI_INVENTORY,West Bengal,,Slide,Rainfall,point_02098
26.86472,88.19058,GSI_INVENTORY,West Bengal,,Slide,Rainfall,point_02099
26.86356,88.19017,GSI_INVENTORY,West Bengal,,Slide,Rainfall,point_02100
26.86111,88.19333,GSI_INVENTORY,West Bengal,,Slide, ,point_02101
26.855,88.18667,GSI_INVENTORY,West Bengal,,Slide, ,point_02102
26.85394,88.18756,GSI_INVENTORY,West Bengal,,Slide,Rainfall,point_02103
26.84681,88.1903,GSI_INVENTORY,West Bengal,,Slide,Rainfall,point_02104
26.84798,88.19029,GSI_INVENTORY,West Bengal,,Slide,Cyclone Aila,point_02105
26.85,88.192,GSI_INVENTORY,West Bengal,,Slide,Rainfall,point_02106
26.85147,88.19336,GSI_INVENTORY,West Bengal,,Slide,Rainfall,point_02107
26.8515,88.19333,GSI_INVENTORY,West Bengal,,Slide,Cyclone Aila,point_02108
26.85017,88.19347,GSI_INVENTORY,West Bengal,,Slide,Rainfall,point_02109
26.85014,88.1935,GSI_INVENTORY,West Bengal,,Flow,Rainfall,point_02110
26.84908,88.19411,GSI_INVENTORY,West Bengal,,Slide,Rainfall,point_02111
26.84936,88.19258,GSI_INVENTORY,West Bengal,,Flow,Rainfall,point_02112
26.84935,88.19221,GSI_INVENTORY,West Bengal,,Slide,Rainfall,point_02113
26.84757,88.19169,GSI_INVENTORY,West Bengal,,Slide,Rainfall,point_02114
26.84541,88.19188,GSI_INVENTORY,West Bengal,,Slide,Rainfall,point_02115
26.84553,88.19072,GSI_INVENTORY,West Bengal,,Slide,Rainfall,point_02116
26.83497,88.17925,GSI_INVENTORY,West Bengal,,Slide,Rainfall,point_02117
26.83522,88.17774,GSI_INVENTORY,West Bengal,,Slide,Rainfall,point_02118
26.82474,88.19005,GSI_INVENTORY,West Bengal,,Slide,Rainfall,point_02119
26.83736,88.20333,GSI_INVENTORY,West Bengal,,Subsidence,Rainfall,point_02120
26.83758,88.20318,GSI_INVENTORY,West Bengal,,Subsidence,Rainfall,point_02121
26.82592,88.2225,GSI_INVENTORY,West Bengal,,Slide,Rainfall,point_02122
26.82999,88.22255,GSI_INVENTORY,West Bengal,,Slide,Earthquake,point_02123
26.82616,88.22317,GSI_INVENTORY,West Bengal,,Slide,Rainfall,point_02124
26.82393,88.2345,GSI_INVENTORY,West Bengal,,Slide,Rainfall,point_02125
26.82634,88.23625,GSI_INVENTORY,West Bengal,,Slide,Rainfall,point_02126
26.8319,88.23829,GSI_INVENTORY,West Bengal,,Slide,Rainfall,point_02127
26.82968,88.23326,GSI_INVENTORY,West Bengal,,Subsidence,Rainfall,point_02128
26.82829,88.23324,GSI_INVENTORY,West Bengal,,Slide,Rainfall,point_02129
26.84273,88.23295,GSI_INVENTORY,West Bengal,,Flow,Rainfall,point_02130
26.84581,88.23039,GSI_INVENTORY,West Bengal,,Subsidence,Rainfall,point_02131
26.846,88.22417,GSI_INVENTORY,West Bengal,,Slide,Rainfall,point_02132
26.84972,88.21803,GSI_INVENTORY,West Bengal,,Slide,Rainfall,point_02133
26.84783,88.22425,GSI_INVENTORY,West Bengal,,Slide,Rainfall,point_02134
26.84736,88.22436,GSI_INVENTORY,West Bengal,,Slide,Rainfall,point_02135
26.85528,88.23397,GSI_INVENTORY,West Bengal,,Slide,Rainfall,point_02136
26.87167,88.21497,GSI_INVENTORY,West Bengal,,Slide,Rainfall,point_02137
26.84639,88.20611,GSI_INVENTORY,West Bengal,,Slide,Cyclone Aila,point_02138
26.85192,88.19422,GSI_INVENTORY,West Bengal,,Slide,Rainfall,point_02139
26.85281,88.19489,GSI_INVENTORY,West Bengal,,Flow,Rainfall,point_02140
26.86042,88.19658,GSI_INVENTORY,West Bengal,,Slide, ,point_02141
26.8615,88.19653,GSI_INVENTORY,West Bengal,,Slide, ,point_02142
26.86153,88.1965,GSI_INVENTORY,West Bengal,,Slide,Cyclone Aila,point_02143
26.88703,88.20094,GSI_INVENTORY,West Bengal,,Slide,Rainfall,point_02144
26.88767,88.20147,GSI_INVENTORY,West Bengal,,Slide,Rainfall,point_02145
26.88819,88.20217,GSI_INVENTORY,West Bengal,,Slide,Rainfall,point_02146
26.90436,88.222,GSI_INVENTORY,West Bengal,,Slide,Rainfall,point_02147
26.9101,88.23632,GSI_INVENTORY,West Bengal,,Slide,Rainfall,point_02148
26.87808,88.22461,GSI_INVENTORY,West Bengal,,Slide,Rainfall,point_02149
26.9115,88.24989,GSI_INVENTORY,West Bengal,,Slide,Rainfall,point_02150
26.91034,88.25157,GSI_INVENTORY,West Bengal,,Slide,Rainfall,point_02151
26.91275,88.25236,GSI_INVENTORY,West Bengal,,Slide, ,point_02152
26.915,88.2525,GSI_INVENTORY,West Bengal,,Slide,Rainfall,point_02153
26.90941,88.26235,GSI_INVENTORY,West Bengal,,Slide,Rainfall,point_02154
26.9077,88.26888,GSI_INVENTORY,West Bengal,,Slide,Rainfall,point_02155
26.91335,88.26876,GSI_INVENTORY,West Bengal,,Slide,Rainfall,point_02156
26.905,88.27806,GSI_INVENTORY,West Bengal,,Slide,Rainfall,point_02157
26.90201,88.27802,GSI_INVENTORY,West Bengal,,Slide,Rainfall,point_02158
26.89806,88.28664,GSI_INVENTORY,West Bengal,,Slide,Rainfall,point_02159
26.88905,88.28419,GSI_INVENTORY,West Bengal,,Slide,Rainfall,point_02160
26.88615,88.2783,GSI_INVENTORY,West Bengal,,Slide,Rainfall,point_02161
26.87187,88.26921,GSI_INVENTORY,West Bengal,,Subsidence,Rainfall,point_02162
26.8722,88.2715,GSI_INVENTORY,West Bengal,,Slide,Rainfall,point_02163
26.87374,88.27649,GSI_INVENTORY,West Bengal,,Subsidence,Rainfall,point_02164
26.87353,88.27721,GSI_INVENTORY,West Bengal,,Slide,Rainfall,point_02165
26.87462,88.27788,GSI_INVENTORY,West Bengal,,Slide,Rainfall,point_02166
26.87412,88.27978,GSI_INVENTORY,West Bengal,,Slide,Rainfall,point_02167
26.87741,88.28376,GSI_INVENTORY,West Bengal,,Slide,Rainfall,point_02168
26.87245,88.28494,GSI_INVENTORY,West Bengal,,Slide,Rainfall,point_02169
26.87256,88.28508,GSI_INVENTORY,West Bengal,,Slide, ,point_02170
26.86334,88.27715,GSI_INVENTORY,West Bengal,,Slide,Rainfall,point_02171
26.86062,88.27886,GSI_INVENTORY,West Bengal,,Slide,Rainfall,point_02172
26.86486,88.28617,GSI_INVENTORY,West Bengal,,Slide,Rainfall,point_02173
26.85858,88.286,GSI_INVENTORY,West Bengal,,Slide,Anthropogenic,point_02174
26.8554,88.2782,GSI_INVENTORY,West Bengal,,Slide,Rainfall,point_02175
26.84851,88.27361,GSI_INVENTORY,West Bengal,,Slide,Rainfall,point_02176
26.84719,88.264,GSI_INVENTORY,West Bengal,,Slide,Rainfall,point_02177
26.86042,88.27444,GSI_INVENTORY,West Bengal,,Slide,Rainfall,point_02178
26.862,88.275,GSI_INVENTORY,West Bengal,,Slide,Earthquake,point_02179
26.86997,88.27246,GSI_INVENTORY,West Bengal,,Slide,Rainfall,point_02180
26.86065,88.25977,GSI_INVENTORY,West Bengal,,Slide,Rainfall,point_02181
26.86086,88.25747,GSI_INVENTORY,West Bengal,,Slide,Rainfall,point_02182
26.8666,88.24308,GSI_INVENTORY,West Bengal,,Slide,Rainfall,point_02183
26.85941,88.25024,GSI_INVENTORY,West Bengal,,Slide,Rainfall,point_02184
26.85147,88.25886,GSI_INVENTORY,West Bengal,,Slide,Rainfall/Road cutting,point_02185
26.84786,88.26192,GSI_INVENTORY,West Bengal,,Subsidence,Rainfall,point_02186
26.84889,88.26244,GSI_INVENTORY,West Bengal,,Slide,Rainfall,point_02187
26.84861,88.26347,GSI_INVENTORY,West Bengal,,Subsidence,Rainfall/nala erosion,point_02188
26.83281,88.26583,GSI_INVENTORY,West Bengal,,Subsidence,Rainfall,point_02189
26.83286,88.26519,GSI_INVENTORY,West Bengal,,Slide,Rainfall,point_02190
26.83756,88.26914,GSI_INVENTORY,West Bengal,,Slide,Rainfall/Road cutting,point_02191
26.8406,88.2694,GSI_INVENTORY,West Bengal,,Slide,Rainfall,point_02192
26.84056,88.27071,GSI_INVENTORY,West Bengal,,Slide,Rainfall,point_02193
26.841,88.275,GSI_INVENTORY,West Bengal,,Slide,Rainfall,point_02194
26.83704,88.26953,GSI_INVENTORY,West Bengal,,Slide,Rainfall,point_02195
26.84373,88.2794,GSI_INVENTORY,West Bengal,,Slide,Rainfall,point_02196
26.83147,88.28493,GSI_INVENTORY,West Bengal,,Slide,Rainfall,point_02197
26.86964,88.29083,GSI_INVENTORY,West Bengal,,Slide,Rainfall,point_02198
26.87117,88.29752,GSI_INVENTORY,West Bengal,,Slide,Rainfall,point_02199
26.86775,88.29667,GSI_INVENTORY,West Bengal,,Slide,Rainfall,point_02200
26.8593,88.29351,GSI_INVENTORY,West Bengal,,Slide,Rainfall,point_02201
26.85956,88.29344,GSI_INVENTORY,West Bengal,,Slide,Rainfall,point_02202
26.8705,88.30153,GSI_INVENTORY,West Bengal,,Subsidence,Rainfall,point_02203
26.87122,88.30133,GSI_INVENTORY,West Bengal,,Subsidence,Rainfall,point_02204
26.87119,88.30192,GSI_INVENTORY,West Bengal,,Subsidence,Rainfall,point_02205
26.867,88.305,GSI_INVENTORY,West Bengal,,Slide,Rainfall,point_02206
26.871,88.305,GSI_INVENTORY,West Bengal,,Slide,Rainfall,point_02207
26.87101,88.30868,GSI_INVENTORY,West Bengal,,Slide,Rainfall,point_02208
26.857,88.31361,GSI_INVENTORY,West Bengal,,Slide,Rainfall,point_02209
26.83968,88.33224,GSI_INVENTORY,West Bengal,,Slide,Rainfall,point_02210
26.82675,88.34108,GSI_INVENTORY,West Bengal,,Slide,Rainfall,point_02211
26.82648,88.34064,GSI_INVENTORY,West Bengal,,Slide,Rainfall,point_02212
26.82461,88.34145,GSI_INVENTORY,West Bengal,,Slide,Rainfall,point_02213
26.82433,88.34131,GSI_INVENTORY,West Bengal,,Slide,Rainfall,point_02214
26.825,88.339,GSI_INVENTORY,West Bengal,,Slide,Rainfall,point_02215
26.84411,88.33867,GSI_INVENTORY,West Bengal,,Subsidence,Rainfall,point_02216
26.84336,88.33919,GSI_INVENTORY,West Bengal,,Subsidence,Rainfall,point_02217
26.84098,88.35264,GSI_INVENTORY,West Bengal,,Slide,Rainfall,point_02218
26.8405,88.35465,GSI_INVENTORY,West Bengal,,Slide,Rainfall,point_02219
26.848,88.357,GSI_INVENTORY,West Bengal,,Slide,Rainfall,point_02220
26.86589,88.36148,GSI_INVENTORY,West Bengal,,Slide,Rainfall,point_02221
26.84897,88.3553,GSI_INVENTORY,West Bengal,,Slide,Rainfall,point_02222
26.84736,88.33861,GSI_INVENTORY,West Bengal,,Slide,Rainfall,point_02223
26.84689,88.33819,GSI_INVENTORY,West Bengal,,Slide,Rainfall,point_02224
26.84946,88.33315,GSI_INVENTORY,West Bengal,,Slide,Rainfall,point_02225
26.84946,88.3356,GSI_INVENTORY,West Bengal,,Subsidence,Rainfall,point_02226
26.85355,88.33564,GSI_INVENTORY,West Bengal,,Slide,Rainfall,point_02227
26.8541,88.33731,GSI_INVENTORY,West Bengal,,Slide,Rainfall,point_02228
26.855,88.337,GSI_INVENTORY,West Bengal,,Slide,Earthquake,point_02229
26.85806,88.33333,GSI_INVENTORY,West Bengal,,Slide,Rainfall,point_02230
26.89565,88.33461,GSI_INVENTORY,West Bengal,,Slide,Rainfall,point_02231
26.88583,88.34906,GSI_INVENTORY,West Bengal,,Slide,Rainfall,point_02232
26.88722,88.35569,GSI_INVENTORY,West Bengal,,Slide,Rainfall,point_02233
26.8783,88.34599,GSI_INVENTORY,West Bengal,,Slide,Rainfall,point_02234
26.87329,88.37526,GSI_INVENTORY,West Bengal,,Slide,Rainfall,point_02235
26.88539,88.36167,GSI_INVENTORY,West Bengal,,Slide,Rainfall,point_02236
26.90675,88.37172,GSI_INVENTORY,West Bengal,,Slide,Rainfall,point_02237
26.90675,88.37302,GSI_INVENTORY,West Bengal,,Slide,Rainfall,point_02238
26.92211,88.378,GSI_INVENTORY,West Bengal,,Slide,Rainfall,point_02239
26.91861,88.35194,GSI_INVENTORY,West Bengal,,Slide,Rainfall,point_02240
26.91367,88.34753,GSI_INVENTORY,West Bengal,,Slide,Rainfall,point_02241
26.90499,88.3513,GSI_INVENTORY,West Bengal,,Slide,Rainfall,point_02242
26.90485,88.34815,GSI_INVENTORY,West Bengal,,Slide,Rainfall,point_02243
26.90213,88.34278,GSI_INVENTORY,West Bengal,,Slide,Rainfall,point_02244
26.92136,88.34421,GSI_INVENTORY,West Bengal,,Slide,Rainfall,point_02245
26.92022,88.31537,GSI_INVENTORY,West Bengal,,Slide,Rainfall,point_02246
26.89822,88.31098,GSI_INVENTORY,West Bengal,,Slide,Rainfall,point_02247
26.90301,88.32798,GSI_INVENTORY,West Bengal,,Slide,Rainfall,point_02248
26.87727,88.31368,GSI_INVENTORY,West Bengal,,Slide,Rainfall,point_02249
26.87754,88.3106,GSI_INVENTORY,West Bengal,,Slide,Rainfall,point_02250
26.88958,88.30142,GSI_INVENTORY,West Bengal,,Subsidence,Rainfall,point_02251
26.879,88.308,GSI_INVENTORY,West Bengal,,Subsidence,Rainfall,point_02252
26.87981,88.30814,GSI_INVENTORY,West Bengal,,Subsidence,Rainfall,point_02253
26.878,88.308,GSI_INVENTORY,West Bengal,,Subsidence,Rainfall,point_02254
26.87253,88.30636,GSI_INVENTORY,West Bengal,,Slide,Rainfall,point_02255
26.87589,88.30331,GSI_INVENTORY,West Bengal,,Subsidence,Rainfall,point_02256
26.878,88.3,GSI_INVENTORY,West Bengal,,Slide,Rainfall,point_02257
26.87913,88.30086,GSI_INVENTORY,West Bengal,,Slide,Rainfall,point_02258
26.87942,88.30386,GSI_INVENTORY,West Bengal,,Subsidence,Rainfall,point_02259
26.87978,88.30356,GSI_INVENTORY,West Bengal,,Subsidence,Rainfall,point_02260
26.87214,88.29624,GSI_INVENTORY,West Bengal,,Fall,Rainfall,point_02261
26.88886,88.29539,GSI_INVENTORY,West Bengal,,Slide,Rainfall,point_02262
26.89765,88.28888,GSI_INVENTORY,West Bengal,,Flow,Rainfall,point_02263
26.90128,88.28801,GSI_INVENTORY,West Bengal,,Slide,Rainfall,point_02264
26.90417,88.28744,GSI_INVENTORY,West Bengal,,Slide,Rainfall,point_02265
26.90376,88.28957,GSI_INVENTORY,West Bengal,,Slide,Rainfall,point_02266
26.90975,88.28802,GSI_INVENTORY,West Bengal,,Slide,Rainfall,point_02267
26.90883,88.28986,GSI_INVENTORY,West Bengal,,Slide,Rainfall,point_02268
26.90706,88.29122,GSI_INVENTORY,West Bengal,,Slide,Rainfall,point_02269
26.90547,88.29194,GSI_INVENTORY,West Bengal,,Subsidence,Rainfall,point_02270
26.90633,88.29144,GSI_INVENTORY,West Bengal,,Subsidence,Rainfall,point_02271
26.90464,88.29266,GSI_INVENTORY,West Bengal,,Subsidence,Rainfall,point_02272
26.90066,88.30746,GSI_INVENTORY,West Bengal,,Slide,Rainfall,point_02273
26.90086,88.30767,GSI_INVENTORY,West Bengal,,Slide,Rainfall,point_02274
26.912,88.298,GSI_INVENTORY,West Bengal,,Slide,Rainfall,point_02275
26.92136,88.28803,GSI_INVENTORY,West Bengal,,Slide,Rainfall,point_02276
26.93867,88.30461,GSI_INVENTORY,West Bengal,,Slide,Rainfall,point_02277
26.92781,88.30037,GSI_INVENTORY,West Bengal,,Slide,Rainfall,point_02278
26.94403,88.31161,GSI_INVENTORY,West Bengal,,Slide,Rainfall,point_02279
26.94768,88.31116,GSI_INVENTORY,West Bengal,,Slide,Rainfall,point_02280
26.95938,88.32503,GSI_INVENTORY,West Bengal,,Slide,Rainfall,point_02281
26.96084,88.32042,GSI_INVENTORY,West Bengal,,Slide,Rainfall,point_02282
26.96117,88.31394,GSI_INVENTORY,West Bengal,,Slide,Rainfall,point_02283
26.9553,88.29726,GSI_INVENTORY,West Bengal,,Slide,Rainfall,point_02284
26.95344,88.28981,GSI_INVENTORY,West Bengal,,Slide,Rainfall,point_02285
26.955,88.289,GSI_INVENTORY,West Bengal,,Slide,Rainfall,point_02286
26.99769,88.30214,GSI_INVENTORY,West Bengal,,Slide,Rainfall,point_02287
27.00867,88.29539,GSI_INVENTORY,West Bengal,,Slide,Rainfall,point_02288
26.99428,88.31404,GSI_INVENTORY,West Bengal,,Slide,Rainfall,point_02289
26.99307,88.31429,GSI_INVENTORY,West Bengal,,Subsidence,Rainfall,point_02290
26.98857,88.31738,GSI_INVENTORY,West Bengal,,Slide,Rainfall,point_02291
26.9803,88.31758,GSI_INVENTORY,West Bengal,,Slide,Rainfall,point_02292
26.99109,88.34692,GSI_INVENTORY,West Bengal,,Subsidence,Rainfall,point_02293
26.99028,88.34078,GSI_INVENTORY,West Bengal,,Slide,Rainfall,point_02294
27.00483,88.34956,GSI_INVENTORY,West Bengal,,Subsidence,Rainfall,point_02295
26.97733,88.37842,GSI_INVENTORY,West Bengal,,Slide,Rainfall,point_02296
26.95468,88.36508,GSI_INVENTORY,West Bengal,,Slide,Rainfall,point_02297
26.97059,88.36424,GSI_INVENTORY,West Bengal,,Slide,Rainfall,point_02298
26.97181,88.34814,GSI_INVENTORY,West Bengal,,Slide,Rainfall,point_02299
26.95168,88.35613,GSI_INVENTORY,West Bengal,,Slide,Rainfall,point_02300
26.94392,88.35062,GSI_INVENTORY,West Bengal,,Slide,Rainfall,point_02301
26.93428,88.36674,GSI_INVENTORY,West Bengal,,Slide,Rainfall,point_02302
26.934,88.366,GSI_INVENTORY,West Bengal,,Slide,Rainfall,point_02303
26.93594,88.36361,GSI_INVENTORY,West Bengal,,Slide,Rainfall,point_02304
26.93494,88.37214,GSI_INVENTORY,West Bengal,,Slide,Rainfall,point_02305
26.92356,88.378,GSI_INVENTORY,West Bengal,,Slide,Rainfall,point_02306
26.92788,88.38998,GSI_INVENTORY,West Bengal,,Slide,Rainfall,point_02307
26.93156,88.39803,GSI_INVENTORY,West Bengal,,Slide,Rainfall,point_02308
26.935,88.39244,GSI_INVENTORY,West Bengal,,Slide,Rainfall,point_02309
26.92549,88.4015,GSI_INVENTORY,West Bengal,,Slide,Rainfall,point_02310
26.92477,88.4091,GSI_INVENTORY,West Bengal,,Slide,Rainfall,point_02311
26.925,88.425,GSI_INVENTORY,West Bengal,,Slide,Rainfall,point_02312
26.92576,88.42503,GSI_INVENTORY,West Bengal,,Slide,Rainfall,point_02313
26.92637,88.42077,GSI_INVENTORY,West Bengal,,Slide,Rainfall,point_02314
26.93834,88.42162,GSI_INVENTORY,West Bengal,,Slide,Rainfall,point_02315
26.94394,88.41308,GSI_INVENTORY,West Bengal,,Slide,Rainfall,point_02316
26.95382,88.42041,GSI_INVENTORY,West Bengal,,Slide,Rainfall,point_02317
26.95708,88.42439,GSI_INVENTORY,West Bengal,,Slide,Rainfall,point_02318
26.96965,88.42552,GSI_INVENTORY,West Bengal,,Slide,Rainfall,point_02319
26.97137,88.42466,GSI_INVENTORY,West Bengal,,Slide,Rainfall,point_02320
26.97039,88.4172,GSI_INVENTORY,West Bengal,,Slide,Rainfall,point_02321
26.96386,88.41354,GSI_INVENTORY,West Bengal,,Slide,Rainfall,point_02322
26.96363,88.41212,GSI_INVENTORY,West Bengal,,Slide,Rainfall,point_02323
26.97017,88.40294,GSI_INVENTORY,West Bengal,,Slide,Rainfall,point_02324
26.95237,88.40138,GSI_INVENTORY,West Bengal,,Slide,Rainfall,point_02325
26.95,88.40011,GSI_INVENTORY,West Bengal,,Slide,Rainfall,point_02326
26.94853,88.38208,GSI_INVENTORY,West Bengal,,Slide,Rainfall,point_02327
26.96287,88.381,GSI_INVENTORY,West Bengal,,Slide,Rainfall,point_02328
26.98359,88.4012,GSI_INVENTORY,West Bengal,,Slide,Rainfall,point_02329
27.01167,88.42514,GSI_INVENTORY,West Bengal,,Slide,Rainfall,point_02330
26.99127,88.42342,GSI_INVENTORY,West Bengal,,Slide,Rainfall,point_02331
26.99069,88.42036,GSI_INVENTORY,West Bengal,,Slide,Rainfall,point_02332
26.98917,88.41858,GSI_INVENTORY,West Bengal,,Slide,Rainfall,point_02333
26.9757,88.41898,GSI_INVENTORY,West Bengal,,Slide,Rainfall,point_02334
26.9753,88.4188,GSI_INVENTORY,West Bengal,,Slide,Rainfall,point_02335
26.97528,88.42392,GSI_INVENTORY,West Bengal,,Slide,Rainfall,point_02336
26.99881,88.43158,GSI_INVENTORY,West Bengal,,Slide, ,point_02337
26.99087,88.42978,GSI_INVENTORY,West Bengal,,Slide,Rainfall,point_02338
26.99367,88.42594,GSI_INVENTORY,West Bengal,,Slide,Rainfall,point_02339
26.99712,88.42953,GSI_INVENTORY,West Bengal,,Slide,Rainfall,point_02340
26.99667,88.42731,GSI_INVENTORY,West Bengal,,Slide,Rainfall,point_02341
26.99644,88.42672,GSI_INVENTORY,West Bengal,,Slide,Rainfall,point_02342
27.002,88.4303,GSI_INVENTORY,West Bengal,,Slide,Rainfall,point_02343
26.99959,88.43134,GSI_INVENTORY,West Bengal,,Slide,Rainfall,point_02344
27.02354,88.43302,GSI_INVENTORY,West Bengal,,Slide,Rainfall,point_02345
27.024,88.434,GSI_INVENTORY,West Bengal,,Slide,Earthquake,point_02346
27.02344,88.43369,GSI_INVENTORY,West Bengal,,Slide,Rainfall,point_02347
27.01849,88.435,GSI_INVENTORY,West Bengal,,Slide,Rainfall,point_02348
27.01528,88.43567,GSI_INVENTORY,West Bengal,,Slide,Rainfall,point_02349
27.01714,88.43267,GSI_INVENTORY,West Bengal,,Slide,Rainfall,point_02350
27.01375,88.43572,GSI_INVENTORY,West Bengal,,Slide,Rainfall,point_02351
27.01374,88.43671,GSI_INVENTORY,West Bengal,,Slide,Rainfall,point_02352
27.02367,88.43778,GSI_INVENTORY,West Bengal,,Slide,Rainfall,point_02353
27.021,88.446,GSI_INVENTORY,West Bengal,,Slide, ,point_02354
27.00567,88.44231,GSI_INVENTORY,West Bengal,,Slide,Rainfall,point_02355
27.00294,88.44058,GSI_INVENTORY,West Bengal,,Slide,Earthquake,point_02356
27.004,88.441,GSI_INVENTORY,West Bengal,,Slide,Rainfall,point_02357
27.00392,88.44003,GSI_INVENTORY,West Bengal,,Slide,Rainfall,point_02358
27.00532,88.44317,GSI_INVENTORY,West Bengal,,Slide,Rainfall,point_02359
27.00036,88.45997,GSI_INVENTORY,West Bengal,,Subsidence,Rainfall,point_02360
27.01444,88.45251,GSI_INVENTORY,West Bengal,,Slide,Rainfall,point_02361
27.00261,88.47078,GSI_INVENTORY,West Bengal,,Slide,Rainfall,point_02362
26.99968,88.47092,GSI_INVENTORY,West Bengal,,Slide,Rainfall,point_02363
26.99202,88.47042,GSI_INVENTORY,West Bengal,,Slide,Rainfall,point_02364
26.99019,88.46635,GSI_INVENTORY,West Bengal,,Slide,Rainfall,point_02365
26.98662,88.46566,GSI_INVENTORY,West Bengal,,Slide,Rainfall,point_02366
26.99603,88.4638,GSI_INVENTORY,West Bengal,,Slide,Rainfall,point_02367
26.99329,88.45762,GSI_INVENTORY,West Bengal,,Slide,Rainfall,point_02368
26.99344,88.4568,GSI_INVENTORY,West Bengal,,Slide,Rainfall,point_02369
26.99317,88.45516,GSI_INVENTORY,West Bengal,,Slide,Rainfall,point_02370
26.98719,88.45522,GSI_INVENTORY,West Bengal,,Slide,Rainfall,point_02371
26.98794,88.45581,GSI_INVENTORY,West Bengal,,Slide,Rainfall,point_02372
26.9895,88.45704,GSI_INVENTORY,West Bengal,,Slide,Rainfall,point_02373
26.99188,88.45968,GSI_INVENTORY,West Bengal,,Slide,Rainfall,point_02374
26.98984,88.45966,GSI_INVENTORY,West Bengal,,Slide,Rainfall,point_02375
26.98318,88.45969,GSI_INVENTORY,West Bengal,,Slide,Rainfall,point_02376
26.98612,88.45502,GSI_INVENTORY,West Bengal,,Slide,Rainfall,point_02377
26.9794,88.45165,GSI_INVENTORY,West Bengal,,Slide,Rainfall,point_02378
26.98393,88.46184,GSI_INVENTORY,West Bengal,,Slide,Rainfall,point_02379
26.985,88.46528,GSI_INVENTORY,West Bengal,,Slide,Rainfall,point_02380
26.9682,88.4663,GSI_INVENTORY,West Bengal,,Slide,Rainfall,point_02381
26.95786,88.4698,GSI_INVENTORY,West Bengal,,Slide,Rainfall,point_02382
26.94829,88.45185,GSI_INVENTORY,West Bengal,,Slide,Rainfall,point_02383
26.97161,88.44664,GSI_INVENTORY,West Bengal,,Slide,Rainfall,point_02384
26.96955,88.42715,GSI_INVENTORY,West Bengal,,Slide,Rainfall,point_02385
26.96627,88.42895,GSI_INVENTORY,West Bengal,,Slide,Rainfall,point_02386
26.95086,88.43953,GSI_INVENTORY,West Bengal,,Slide,Rainfall,point_02387
26.94866,88.44125,GSI_INVENTORY,West Bengal,,Slide,Rainfall,point_02388
26.93789,88.44172,GSI_INVENTORY,West Bengal,,Slide,Rainfall,point_02389
26.9373,88.44161,GSI_INVENTORY,West Bengal,,Slide,Rainfall,point_02390
26.93673,88.44258,GSI_INVENTORY,West Bengal,,Fall,Rainfall,point_02391
26.947,88.441,GSI_INVENTORY,West Bengal,,Fall,Rainfall,point_02392
26.93822,88.42603,GSI_INVENTORY,West Bengal,,Slide,Rainfall,point_02393
26.93461,88.43698,GSI_INVENTORY,West Bengal,,Slide,Rainfall,point_02394
26.93224,88.4336,GSI_INVENTORY,West Bengal,,Slide,Rainfall,point_02395
26.93006,88.42689,GSI_INVENTORY,West Bengal,,Slide,Rainfall,point_02396
26.92871,88.43029,GSI_INVENTORY,West Bengal,,Slide,Rainfall,point_02397
26.928,88.427,GSI_INVENTORY,West Bengal,,Slide,Rainfall,point_02398
26.92889,88.4423,GSI_INVENTORY,West Bengal,,Slide,Rainfall,point_02399
26.92939,88.44719,GSI_INVENTORY,West Bengal,,Slide,Rainfall,point_02400
26.92407,88.45462,GSI_INVENTORY,West Bengal,,Slide,Rainfall,point_02401
26.94659,88.4508,GSI_INVENTORY,West Bengal,,Slide,Rainfall,point_02402
26.9416,88.45977,GSI_INVENTORY,West Bengal,,Slide,Rainfall,point_02403
26.94159,88.4652,GSI_INVENTORY,West Bengal,,Slide,Rainfall,point_02404
26.94111,88.46094,GSI_INVENTORY,West Bengal,,Slide,Rainfall,point_02405
26.93678,88.46717,GSI_INVENTORY,West Bengal,,Slide,Rainfall,point_02406
26.92278,88.46339,GSI_INVENTORY,West Bengal,,Slide,Rainfall,point_02407
26.913,88.469,GSI_INVENTORY,West Bengal,,Subsidence,Rainfall,point_02408
26.91029,88.46723,GSI_INVENTORY,West Bengal,,Slide,Rainfall,point_02409
26.91408,88.4645,GSI_INVENTORY,West Bengal,,Slide,Rainfall,point_02410
26.91392,88.46611,GSI_INVENTORY,West Bengal,,Subsidence,Rainfall,point_02411
26.91946,88.46585,GSI_INVENTORY,West Bengal,,Slide,Rainfall,point_02412
26.91554,88.45221,GSI_INVENTORY,West Bengal,,Slide,Rainfall,point_02413
26.90856,88.46856,GSI_INVENTORY,West Bengal,,Slide,Rainfall,point_02414
26.90776,88.46896,GSI_INVENTORY,West Bengal,,Slide,Rainfall,point_02415
26.90628,88.47167,GSI_INVENTORY,West Bengal,,Slide,Rainfall,point_02416
26.90591,88.47133,GSI_INVENTORY,West Bengal,,Slide,Rainfall,point_02417
26.9045,88.47052,GSI_INVENTORY,West Bengal,,Slide,Rainfall,point_02418
26.90444,88.47172,GSI_INVENTORY,West Bengal,,Slide,Rainfall,point_02419
26.90122,88.47167,GSI_INVENTORY,West Bengal,,Slide,Rainfall,point_02420
26.90145,88.47085,GSI_INVENTORY,West Bengal,,Slide,Rainfall,point_02421
26.8922,88.47133,GSI_INVENTORY,West Bengal,,Slide,Rainfall,point_02422
26.89604,88.46551,GSI_INVENTORY,West Bengal,,Slide,Rainfall,point_02423
26.89653,88.46156,GSI_INVENTORY,West Bengal,,Slide,Rainfall,point_02424
26.88685,88.46231,GSI_INVENTORY,West Bengal,,Slide,Rainfall,point_02425
26.89237,88.44443,GSI_INVENTORY,West Bengal,,Slide,Rainfall,point_02426
26.8913,88.4437,GSI_INVENTORY,West Bengal,,Slide,Rainfall,point_02427
26.88618,88.43913,GSI_INVENTORY,West Bengal,,Slide,Rainfall,point_02428
26.88625,88.43833,GSI_INVENTORY,West Bengal,,Slide,Rainfall,point_02429
26.88083,88.4409,GSI_INVENTORY,West Bengal,,Slide,Rainfall,point_02430
26.90045,88.42736,GSI_INVENTORY,West Bengal,,Slide,Rainfall,point_02431
26.90173,88.43687,GSI_INVENTORY,West Bengal,,Slide,Rainfall,point_02432
26.89716,88.43934,GSI_INVENTORY,West Bengal,,Slide,Rainfall,point_02433
26.89826,88.44783,GSI_INVENTORY,West Bengal,,Slide,Rainfall,point_02434
26.89961,88.44861,GSI_INVENTORY,West Bengal,,Slide,Rainfall,point_02435
26.91053,88.44399,GSI_INVENTORY,West Bengal,,Slide,Rainfall,point_02436
26.91837,88.44137,GSI_INVENTORY,West Bengal,,Slide,Rainfall,point_02437
26.92085,88.43835,GSI_INVENTORY,West Bengal,,Slide,Rainfall,point_02438
26.91116,88.43643,GSI_INVENTORY,West Bengal,,Slide,Rainfall,point_02439
26.91458,88.42879,GSI_INVENTORY,West Bengal,,Slide,Rainfall,point_02440
26.91669,88.42558,GSI_INVENTORY,West Bengal,,Slide,Rainfall,point_02441
26.89894,88.42552,GSI_INVENTORY,West Bengal,,Slide,Rainfall,point_02442
26.8978,88.42238,GSI_INVENTORY,West Bengal,,Slide,Rainfall,point_02443
26.90389,88.41392,GSI_INVENTORY,West Bengal,,Slide,Rainfall,point_02444
26.88584,88.39556,GSI_INVENTORY,West Bengal,,Slide,Rainfall,point_02445
26.88814,88.38153,GSI_INVENTORY,West Bengal,,Slide,Rainfall,point_02446
26.8775,88.38378,GSI_INVENTORY,West Bengal,,Slide,Rainfall,point_02447
26.8722,88.3919,GSI_INVENTORY,West Bengal,,Slide,Rainfall,point_02448
26.8818,88.39842,GSI_INVENTORY,West Bengal,,Slide,Rainfall,point_02449
26.88139,88.40133,GSI_INVENTORY,West Bengal,,Slide,Rainfall,point_02450
26.87589,88.39852,GSI_INVENTORY,West Bengal,,Slide,Rainfall,point_02451
26.87451,88.40323,GSI_INVENTORY,West Bengal,,Slide,Rainfall,point_02452
26.87888,88.4107,GSI_INVENTORY,West Bengal,,Slide,Rainfall,point_02453
26.87536,88.41751,GSI_INVENTORY,West Bengal,,Slide,Rainfall,point_02454
26.87279,88.41754,GSI_INVENTORY,West Bengal,,Slide,Rainfall,point_02455
26.86922,88.41553,GSI_INVENTORY,West Bengal,,Slide,Rainfall,point_02456
26.87053,88.40095,GSI_INVENTORY,West Bengal,,Slide,Rainfall,point_02457
26.86693,88.39771,GSI_INVENTORY,West Bengal,,Slide,Rainfall,point_02458
26.86075,88.39942,GSI_INVENTORY,West Bengal,,Slide,Rainfall,point_02459
26.86352,88.39698,GSI_INVENTORY,West Bengal,,Slide,Rainfall,point_02460
26.86473,88.39517,GSI_INVENTORY,West Bengal,,Slide,Rainfall,point_02461
26.86547,88.38069,GSI_INVENTORY,West Bengal,,Slide,Rainfall,point_02462
26.85696,88.43831,GSI_INVENTORY,West Bengal,,Slide,Rainfall,point_02463
26.81838,88.3466,GSI_INVENTORY,West Bengal,,Slide,Rainfall,point_02464
26.82,88.345,GSI_INVENTORY,West Bengal,,Slide,Rainfall,point_02465
26.81989,88.34394,GSI_INVENTORY,West Bengal,,Slide,Rainfall,point_02466
26.81992,88.34308,GSI_INVENTORY,West Bengal,,Slide,Rainfall,point_02467
26.80381,88.29667,GSI_INVENTORY,West Bengal,, ,Rainfall,point_02468
26.81152,88.24314,GSI_INVENTORY,West Bengal,,Slide,Rainfall,point_02469
26.80984,88.25152,GSI_INVENTORY,West Bengal,,Slide,Rainfall,point_02470
26.8177,88.247,GSI_INVENTORY,West Bengal,,Slide,Rainfall,point_02471
26.812,88.22138,GSI_INVENTORY,West Bengal,,Slide,Rainfall,point_02472
26.80783,88.20853,GSI_INVENTORY,West Bengal,,Subsidence,Rainfall,point_02473
26.81997,88.21106,GSI_INVENTORY,West Bengal,,Slide,Rainfall,point_02474
27.0433,88.0687,GSI_INVENTORY,West Bengal,,Slide,Heavy rainfall,point_02475
27.02553,88.09872,GSI_INVENTORY,West Bengal,,Slide,Rainfall,point_02476
27.05836,88.09168,GSI_INVENTORY,West Bengal,,Slide,Rainfall,point_02477
27.09358,88.0777,GSI_INVENTORY,West Bengal,,Slide,Cyclone Aila,point_02478
27.09228,88.07718,GSI_INVENTORY,West Bengal,,Slide,Rainfall,point_02479
27.07606,88.09206,GSI_INVENTORY,West Bengal,,Slide,Rainfall,point_02480
27.0896,88.09992,GSI_INVENTORY,West Bengal,,Slide,Rainfall,point_02481
27.089,88.1,GSI_INVENTORY,West Bengal,,Subsidence, ,point_02482
27.09694,88.09408,GSI_INVENTORY,West Bengal,,Slide,Rainfall,point_02483
27.09976,88.0826,GSI_INVENTORY,West Bengal,,Subsidence,Earthquake,point_02484
27.09981,88.08236,GSI_INVENTORY,West Bengal,,Slide, ,point_02485
27.10458,88.07067,GSI_INVENTORY,West Bengal,,Slide, ,point_02486
27.13419,88.08178,GSI_INVENTORY,West Bengal,,Slide,Rainfall,point_02487
27.14989,88.09686,GSI_INVENTORY,Sikkim,,Slide,Rainfall,point_02488
27.15786,88.09019,GSI_INVENTORY,Sikkim,,Slide,Rainfall,point_02489
27.15769,88.09283,GSI_INVENTORY,Sikkim,,Slide,Rainfall,point_02490
27.15344,88.09564,GSI_INVENTORY,Sikkim,,Slide,Rainfall,point_02491
27.15822,88.10036,GSI_INVENTORY,Sikkim,,Slide,Rainfall,point_02492
27.161,88.09431,GSI_INVENTORY,Sikkim,,Slide,Rainfall,point_02493
27.16006,88.09181,GSI_INVENTORY,Sikkim,,Slide,Rainfall,point_02494
27.15936,88.09225,GSI_INVENTORY,Sikkim,,Slide,Rainfall,point_02495
27.15897,88.09094,GSI_INVENTORY,Sikkim,,Slide,Rainfall,point_02496
27.17386,88.09211,GSI_INVENTORY,Sikkim,,Slide,Rainfall,point_02497
27.17208,88.09033,GSI_INVENTORY,Sikkim,,Slide,Rainfall,point_02498
27.17083,88.08636,GSI_INVENTORY,Sikkim,,Slide,Rainfall,point_02499
27.18892,88.06047,GSI_INVENTORY,Sikkim,,Slide,Rainfall,point_02500
27.29544,88.09458,GSI_INVENTORY,Sikkim,,Slide,Rainfall,point_02501
27.29489,88.07994,GSI_INVENTORY,Sikkim,,Slide,Rainfall,point_02502
27.28986,88.08439,GSI_INVENTORY,Sikkim,,Slide,Rainfall,point_02503
27.28089,88.08433,GSI_INVENTORY,Sikkim,,Slide,Rainfall,point_02504
27.27575,88.08497,GSI_INVENTORY,Sikkim,,Slide,Rainfall,point_02505
27.26992,88.07711,GSI_INVENTORY,Sikkim,,Slide,Rainfall,point_02506
27.24858,88.11744,GSI_INVENTORY,Sikkim,,Slide,Rainfall,point_02507
27.27067,88.14206,GSI_INVENTORY,Sikkim,,Fall,Rainfall,point_02508
27.26956,88.13786,GSI_INVENTORY,Sikkim,,Slide,Rainfall,point_02509
27.26978,88.14428,GSI_INVENTORY,Sikkim,,Slide,Rainfall,point_02510
27.25889,88.14561,GSI_INVENTORY,Sikkim,,Fall,Rainfall,point_02511
27.25856,88.14703,GSI_INVENTORY,Sikkim,,Slide,Rainfall,point_02512
27.25439,88.14531,GSI_INVENTORY,Sikkim,,Slide,Rainfall,point_02513
27.24694,88.18483,GSI_INVENTORY,Sikkim,,Slide,Rainfall,point_02514
27.24597,88.18528,GSI_INVENTORY,Sikkim,,Slide,Rainfall,point_02515
27.25172,88.18297,GSI_INVENTORY,Sikkim,,Slide,Rainfall,point_02516
27.25214,88.17694,GSI_INVENTORY,Sikkim,,Slide,Rainfall,point_02517
27.26017,88.17189,GSI_INVENTORY,Sikkim,,Slide,Rainfall,point_02518
27.27,88.17994,GSI_INVENTORY,Sikkim,,Fall,Rainfall,point_02519
27.26986,88.17814,GSI_INVENTORY,Sikkim,,Slide,Rainfall,point_02520
27.27006,88.17444,GSI_INVENTORY,Sikkim,,Slide,Rainfall,point_02521
27.27075,88.16742,GSI_INVENTORY,Sikkim,,Slide,Rainfall,point_02522
27.25736,88.16533,GSI_INVENTORY,Sikkim,,Slide,Rainfall,point_02523
27.25586,88.15614,GSI_INVENTORY,Sikkim,,Slide,Rainfall,point_02524
27.25656,88.14872,GSI_INVENTORY,Sikkim,,Slide,Rainfall,point_02525
27.28144,88.18783,GSI_INVENTORY,Sikkim,,Slide,Rainfall,point_02526
27.27997,88.18692,GSI_INVENTORY,Sikkim,,Slide,Rainfall,point_02527
27.28067,88.19086,GSI_INVENTORY,Sikkim,,Slide,Rainfall,point_02528
27.28344,88.19264,GSI_INVENTORY,Sikkim,,Slide,Rainfall,point_02529
27.28364,88.18994,GSI_INVENTORY,Sikkim,,Slide,Rainfall,point_02530
27.28292,88.18956,GSI_INVENTORY,Sikkim,,Slide,Rainfall,point_02531
27.30403,88.17881,GSI_INVENTORY,Sikkim,,Slide,Rainfall,point_02532
27.31578,88.17894,GSI_INVENTORY,Sikkim,,Slide,Rainfall,point_02533
27.31708,88.17856,GSI_INVENTORY,Sikkim,,Slide,Rainfall,point_02534
27.31372,88.18992,GSI_INVENTORY,Sikkim,,Slide,Rainfall,point_02535
27.31742,88.18286,GSI_INVENTORY,Sikkim,,Slide,Rainfall,point_02536
27.32011,88.17783,GSI_INVENTORY,Sikkim,,Slide,Rainfall,point_02537
27.31892,88.16222,GSI_INVENTORY,Sikkim,,Flow,Rainfall,point_02538
27.28267,88.10828,GSI_INVENTORY,Sikkim,,Slide,Rainfall,point_02539
27.28475,88.10619,GSI_INVENTORY,Sikkim,,Fall,Rainfall,point_02540
27.28319,88.10667,GSI_INVENTORY,Sikkim,,Slide,Rainfall,point_02541
27.28844,88.10267,GSI_INVENTORY,Sikkim,,Fall,Rainfall,point_02542
27.28736,88.10261,GSI_INVENTORY,Sikkim,,Slide,Rainfall,point_02543
27.29525,88.10269,GSI_INVENTORY,Sikkim,,Slide,Rainfall,point_02544
27.29603,88.10175,GSI_INVENTORY,Sikkim,,Slide,Rainfall,point_02545
27.34728,88.19683,GSI_INVENTORY,Sikkim,,Slide,Rainfall,point_02546
27.335,88.20672,GSI_INVENTORY,Sikkim,,Slide,Rainfall,point_02547
27.33333,88.21297,GSI_INVENTORY,Sikkim,,Slide,Rainfall,point_02548
27.33325,88.21358,GSI_INVENTORY,Sikkim,,Slide,Rainfall,point_02549
27.3305,88.21564,GSI_INVENTORY,Sikkim,,Slide,Rainfall,point_02550
27.33075,88.21633,GSI_INVENTORY,Sikkim,,Slide,Rainfall,point_02551
27.342,88.22372,GSI_INVENTORY,Sikkim,,Slide,Rainfall,point_02552
27.33981,88.22736,GSI_INVENTORY,Sikkim,,Slide,Rainfall,point_02553
27.34503,88.24664,GSI_INVENTORY,Sikkim,,Slide,Rainfall,point_02554
27.3515,88.27303,GSI_INVENTORY,Sikkim,,Slide,Rainfall,point_02555
27.35119,88.27242,GSI_INVENTORY,Sikkim,,Fall,Rainfall/ Earthquake,point_02556
27.28103,88.26736,GSI_INVENTORY,Sikkim,,Subsidence,Rainfall,point_02557
27.28428,88.26519,GSI_INVENTORY,Sikkim,,Slide,Rainfall,point_02558
27.28536,88.24903,GSI_INVENTORY,Sikkim,,Subsidence,Rainfall,point_02559
27.29519,88.25003,GSI_INVENTORY,Sikkim,,Subsidence,Rainfall,point_02560
27.29833,88.24831,GSI_INVENTORY,Sikkim,,Slide,Rainfall,point_02561
27.32061,88.21961,GSI_INVENTORY,Sikkim,,Slide,Rainfall,point_02562
27.32644,88.219,GSI_INVENTORY,Sikkim,,Slide,Rainfall,point_02563
27.32494,88.21386,GSI_INVENTORY,Sikkim,,Slide,Rainfall,point_02564
27.30675,88.19908,GSI_INVENTORY,Sikkim,,Slide,Rainfall,point_02565
27.285,88.19758,GSI_INVENTORY,Sikkim,,Slide,Rainfall,point_02566
27.28453,88.19558,GSI_INVENTORY,Sikkim,,Slide,Rainfall,point_02567
27.28103,88.22767,GSI_INVENTORY,Sikkim,,Slide,Rainfall,point_02568
27.30197,88.21878,GSI_INVENTORY,Sikkim,,Slide,Rainfall,point_02569
27.28161,88.22956,GSI_INVENTORY,Sikkim,,Slide,Rainfall,point_02570
27.26086,88.23328,GSI_INVENTORY,Sikkim,,Slide,Rainfall,point_02571
27.26178,88.19719,GSI_INVENTORY,Sikkim,,Slide,Rainfall,point_02572
27.25878,88.20264,GSI_INVENTORY,Sikkim,,Slide,Rainfall,point_02573
27.25389,88.21003,GSI_INVENTORY,Sikkim,,Slide,Rainfall,point_02574
27.24503,88.22686,GSI_INVENTORY,Sikkim,,Slide,Rainfall,point_02575
27.24711,88.22522,GSI_INVENTORY,Sikkim,,Slide,Rainfall,point_02576
27.24133,88.23397,GSI_INVENTORY,Sikkim,,Slide,Rainfall,point_02577
27.23689,88.23592,GSI_INVENTORY,Sikkim,,Slide,Rainfall,point_02578
27.24039,88.23403,GSI_INVENTORY,Sikkim,,Slide,Rainfall,point_02579
27.23319,88.24636,GSI_INVENTORY,Sikkim,,Slide,Rainfall,point_02580
27.25831,88.24531,GSI_INVENTORY,Sikkim,,Slide,Rainfall,point_02581
27.25972,88.24897,GSI_INVENTORY,Sikkim,,Slide,Rainfall,point_02582
27.25839,88.24661,GSI_INVENTORY,Sikkim,,Slide,Rainfall,point_02583
27.27592,88.25428,GSI_INVENTORY,Sikkim,,Slide,Rainfall,point_02584
27.27631,88.25511,GSI_INVENTORY,Sikkim,,Subsidence,Rainfall,point_02585
27.27278,88.28,GSI_INVENTORY,Sikkim,,Subsidence,Rainfall,point_02586
27.26906,88.28472,GSI_INVENTORY,Sikkim,,Subsidence,Rainfall,point_02587
27.25217,88.27278,GSI_INVENTORY,Sikkim,,Fall,Rainfall,point_02588
27.24381,88.2725,GSI_INVENTORY,Sikkim,,Slide,Rainfall,point_02589
27.23758,88.29831,GSI_INVENTORY,Sikkim,,Slide,Rainfall,point_02590
27.25022,88.30194,GSI_INVENTORY,Sikkim,,Slide,Rainfall,point_02591
27.23792,88.30475,GSI_INVENTORY,Sikkim,,Slide,Rainfall,point_02592
27.24064,88.30606,GSI_INVENTORY,Sikkim,,Slide,Rainfall,point_02593
27.24069,88.29839,GSI_INVENTORY,Sikkim,,Slide,Rainfall,point_02594
27.23058,88.30606,GSI_INVENTORY,Sikkim,,Slide,Rainfall,point_02595
27.23997,88.33278,GSI_INVENTORY,Sikkim,,Slide,Rainfall,point_02596
27.24214,88.32739,GSI_INVENTORY,Sikkim,,Slide,Rainfall,point_02597
27.2755,88.30806,GSI_INVENTORY,Sikkim,,Slide,Rainfall,point_02598
27.27325,88.30342,GSI_INVENTORY,Sikkim,,Slide,Rainfall,point_02599
27.25719,88.30544,GSI_INVENTORY,Sikkim,,Slide,Rainfall,point_02600
27.25422,88.3005,GSI_INVENTORY,Sikkim,,Slide,Rainfall,point_02601
27.26019,88.30242,GSI_INVENTORY,Sikkim,,Slide,Rainfall,point_02602
27.26339,88.29267,GSI_INVENTORY,Sikkim,,Slide,Rainfall,point_02603
27.26175,88.2945,GSI_INVENTORY,Sikkim,,Slide,Rainfall,point_02604
27.26894,88.2875,GSI_INVENTORY,Sikkim,,Slide,Rainfall,point_02605
27.29342,88.29492,GSI_INVENTORY,Sikkim,,Slide,Rainfall,point_02606
27.30686,88.36844,GSI_INVENTORY,Sikkim,,Slide,Rainfall,point_02607
27.30681,88.37519,GSI_INVENTORY,Sikkim,,Slide,Rainfall,point_02608
27.30286,88.37394,GSI_INVENTORY,Sikkim,,Slide,Rainfall,point_02609
27.28425,88.37006,GSI_INVENTORY,Sikkim,,Slide,Rainfall,point_02610
27.28719,88.36944,GSI_INVENTORY,Sikkim,,Slide,Rainfall,point_02611
27.26319,88.37714,GSI_INVENTORY,Sikkim,,Slide,Rainfall,point_02612
27.24292,88.35442,GSI_INVENTORY,Sikkim,,Slide,Rainfall,point_02613
27.24447,88.35047,GSI_INVENTORY,Sikkim,,Fall,Rainfall,point_02614
27.24406,88.34806,GSI_INVENTORY,Sikkim,,Slide,Rainfall,point_02615
27.23367,88.34839,GSI_INVENTORY,Sikkim,,Slide,Rainfall,point_02616
27.23789,88.34644,GSI_INVENTORY,Sikkim,,Slide,Rainfall,point_02617
27.23264,88.37842,GSI_INVENTORY,Sikkim,,Slide,Rainfall,point_02618
27.22942,88.37844,GSI_INVENTORY,Sikkim,,Slide,Rainfall,point_02619
27.25142,88.3845,GSI_INVENTORY,Sikkim,,Slide,Rainfall,point_02620
27.25492,88.39089,GSI_INVENTORY,Sikkim,,Slide,Rainfall,point_02621
27.25539,88.38894,GSI_INVENTORY,Sikkim,,Slide,Rainfall,point_02622
27.26,88.38136,GSI_INVENTORY,Sikkim,,Slide,Rainfall,point_02623
27.27308,88.38953,GSI_INVENTORY,Sikkim,,Slide,Rainfall,point_02624
27.27206,88.39414,GSI_INVENTORY,Sikkim,,Slide,Rainfall,point_02625
27.27386,88.39872,GSI_INVENTORY,Sikkim,,Slide,Rainfall,point_02626
27.27617,88.39872,GSI_INVENTORY,Sikkim,,Slide,Rainfall,point_02627
27.25517,88.39694,GSI_INVENTORY,Sikkim,,Slide,Rainfall,point_02628
27.25742,88.41889,GSI_INVENTORY,Sikkim,,Slide,Rainfall,point_02629
27.25931,88.42303,GSI_INVENTORY,Sikkim,,Slide,Rainfall,point_02630
27.23586,88.43317,GSI_INVENTORY,Sikkim,,Slide,Rainfall,point_02631
27.26206,88.4305,GSI_INVENTORY,Sikkim,,Slide,Rainfall,point_02632
27.27158,88.43039,GSI_INVENTORY,Sikkim,,Slide,Rainfall,point_02633
27.27006,88.43014,GSI_INVENTORY,Sikkim,,Slide,Rainfall,point_02634
27.27989,88.43647,GSI_INVENTORY,Sikkim,,Slide,Rainfall,point_02635
27.30308,88.43317,GSI_INVENTORY,Sikkim,,Slide,Rainfall,point_02636
27.31469,88.41792,GSI_INVENTORY,Sikkim,,Subsidence,Rainfall/ Earthquake,point_02637
27.31167,88.41861,GSI_INVENTORY,Sikkim,,Subsidence,Rainfall/ Earthquake,point_02638
27.29975,88.41978,GSI_INVENTORY,Sikkim,,Slide,Rainfall,point_02639
27.282,88.41503,GSI_INVENTORY,Sikkim,,Slide,Rainfall,point_02640
27.29714,88.38847,GSI_INVENTORY,Sikkim,,Slide,Rainfall,point_02641
27.33092,88.45053,GSI_INVENTORY,Sikkim,,Slide,Rainfall,point_02642
27.36694,88.44981,GSI_INVENTORY,Sikkim,,Slide,Rainfall,point_02643
27.36978,88.45683,GSI_INVENTORY,Sikkim,,Slide,Rainfall,point_02644
27.39739,88.35614,GSI_INVENTORY,Sikkim,,Fall,Rainfall,point_02645
27.40028,88.35686,GSI_INVENTORY,Sikkim,,Slide,Rainfall,point_02646
27.37964,88.31536,GSI_INVENTORY,Sikkim,,Slide,Rainfall,point_02647
27.3955,88.30689,GSI_INVENTORY,Sikkim,,Slide,Rainfall,point_02648
27.39503,88.30739,GSI_INVENTORY,Sikkim,,Fall,Rainfall/ Earthquake,point_02649
27.38361,88.30581,GSI_INVENTORY,Sikkim,,Topple,Rainfall,point_02650
27.38922,88.31097,GSI_INVENTORY,Sikkim,,Fall,Rainfall,point_02651
27.39314,88.31014,GSI_INVENTORY,Sikkim,,Slide,Rainfall,point_02652
27.39981,88.32914,GSI_INVENTORY,Sikkim,,Slide,Rainfall,point_02653
28.52794,94.30944,GSI_INVENTORY,Arunachal Pradesh,,Slide,Rainfall,point_02654
28.24239,94.22086,GSI_INVENTORY,Arunachal Pradesh,,Slide,Rainfall,point_02655
28.22675,94.22511,GSI_INVENTORY,Arunachal Pradesh,,slide,Rainfall,point_02656
28.13396,94.61195,GSI_INVENTORY,Arunachal Pradesh,,Slide,"Rainfall, Anthropogenic",point_02657
28.13424,94.62013,GSI_INVENTORY,Arunachal Pradesh,,Slide,"Rainfall, Anthropogenic",point_02658
28.13776,94.62431,GSI_INVENTORY,Arunachal Pradesh,,Topple,"Rainfall, Anthropogenic",point_02659
28.19222,94.71393,GSI_INVENTORY,Arunachal Pradesh,,Slide,"Rainfall, Anthropogenic",point_02660
28.31063,94.67564,GSI_INVENTORY,Arunachal Pradesh,,Slide,"Rainfall, Anthropogenic",point_02661
28.3555,94.67954,GSI_INVENTORY,Arunachal Pradesh,,Slide,"Rainfall, Anthropogenic",point_02662
28.42739,94.67458,GSI_INVENTORY,Arunachal Pradesh,,Slide,"Rainfall, Anthropogenic",point_02663
28.42636,94.6774,GSI_INVENTORY,Arunachal Pradesh,,Slide,"Rainfall, Anthropogenic",point_02664
28.42993,94.6778,GSI_INVENTORY,Arunachal Pradesh,,Slide,"Rainfall, Anthropogenic",point_02665
28.43062,94.67423,GSI_INVENTORY,Arunachal Pradesh,,Slide,"Rainfall, Anthropogenic",point_02666
28.44302,94.66479,GSI_INVENTORY,Arunachal Pradesh,,Slide,"Rainfall, Anthropogenic",point_02667
28.44008,94.66913,GSI_INVENTORY,Arunachal Pradesh,,Slide,"Rainfall, Anthropogenic",point_02668
28.43934,94.66933,GSI_INVENTORY,Arunachal Pradesh,,Slide,"Rainfall, Anthropogenic",point_02669
28.44303,94.66807,GSI_INVENTORY,Arunachal Pradesh,,Slide,"Rainfall, Anthropogenic",point_02670
28.43602,94.66874,GSI_INVENTORY,Arunachal Pradesh,,Slide,"Rainfall, Anthropogenic",point_02671
28.54318,94.63399,GSI_INVENTORY,Arunachal Pradesh,,Slide,"Rainfall, Anthropogenic",point_02672
28.53547,94.59706,GSI_INVENTORY,Arunachal Pradesh,,Slide,"Rainfall, Anthropogenic",point_02673
28.45566,94.68028,GSI_INVENTORY,Arunachal Pradesh,,Slide,"Rainfall, Anthropogenic",point_02674
28.45577,94.68066,GSI_INVENTORY,Arunachal Pradesh,,Slide,"Rainfall, Anthropogenic",point_02675
28.45927,94.68011,GSI_INVENTORY,Arunachal Pradesh,,Slide,"Rainfall, Anthropogenic",point_02676
28.50631,94.87336,GSI_INVENTORY,Arunachal Pradesh,,Slide,Rainfall,point_02677
28.78243,94.81055,GSI_INVENTORY,Arunachal Pradesh,,Slide,"Rainfall, Anthropogenic",point_02678
28.81013,94.78551,GSI_INVENTORY,Arunachal Pradesh,,Slide,"Rainfall, Anthropogenic",point_02679
28.81688,94.79103,GSI_INVENTORY,Arunachal Pradesh,,Slide,"Rainfall, Anthropogenic",point_02680
28.81701,94.79175,GSI_INVENTORY,Arunachal Pradesh,,Slide,"Rainfall, Anthropogenic",point_02681
28.79328,94.84848,GSI_INVENTORY,Arunachal Pradesh,,Slide,"Rainfall, Anthropogenic",point_02682
28.80008,94.84226,GSI_INVENTORY,Arunachal Pradesh,,Slide,"Rainfall, Anthropogenic",point_02683
28.78794,94.8201,GSI_INVENTORY,Arunachal Pradesh,,Slide,"Rainfall, Anthropogenic",point_02684
28.78749,94.81942,GSI_INVENTORY,Arunachal Pradesh,,Slide,"Rainfall, Anthropogenic",point_02685
28.787,94.81686,GSI_INVENTORY,Arunachal Pradesh,,Slide,"Rainfall, Anthropogenic",point_02686
28.76266,94.86014,GSI_INVENTORY,Arunachal Pradesh,,Slide,"Rainfall, Anthropogenic",point_02687
28.77941,94.85933,GSI_INVENTORY,Arunachal Pradesh,,Slide,"Rainfall, Anthropogenic",point_02688
28.8301,94.87471,GSI_INVENTORY,Arunachal Pradesh,,Slide,"Rainfall, Anthropogenic",point_02689
28.72937,94.92012,GSI_INVENTORY,Arunachal Pradesh,,Slide,"Rainfall, Anthropogenic",point_02690
28.75493,94.8954,GSI_INVENTORY,Arunachal Pradesh,,Slide,"Rainfall, Anthropogenic",point_02691
28.75281,94.89387,GSI_INVENTORY,Arunachal Pradesh,,Slide,"Rainfall, Anthropogenic",point_02692
28.74408,94.86976,GSI_INVENTORY,Arunachal Pradesh,,Slide,"Rainfall, Anthropogenic",point_02693
28.74058,94.86732,GSI_INVENTORY,Arunachal Pradesh,,Slide,"Rainfall, Anthropogenic",point_02694
28.74087,94.8664,GSI_INVENTORY,Arunachal Pradesh,,Slide,"Rainfall, Anthropogenic",point_02695
28.69384,94.97378,GSI_INVENTORY,Arunachal Pradesh,,Slide,"Rainfall, Anthropogenic",point_02696
28.69478,95.00189,GSI_INVENTORY,Arunachal Pradesh,,Slide,"Rainfall, Anthropogenic",point_02697
28.70675,94.9853,GSI_INVENTORY,Arunachal Pradesh,,Slide,"Rainfall, Anthropogenic",point_02698
28.72019,94.97164,GSI_INVENTORY,Arunachal Pradesh,,Slide,"Rainfall, Anthropogenic",point_02699
28.71643,94.96935,GSI_INVENTORY,Arunachal Pradesh,,Slide,"Rainfall, Anthropogenic",point_02700
28.72317,94.95969,GSI_INVENTORY,Arunachal Pradesh,,Slide,"Rainfall, Anthropogenic",point_02701
28.60553,95.10553,GSI_INVENTORY,Arunachal Pradesh,,slide,Rainfall,point_02702
28.61503,95.05331,GSI_INVENTORY,Arunachal Pradesh,,Slide,Rainfall,point_02703
28.61733,95.04956,GSI_INVENTORY,Arunachal Pradesh,,Slide,Rainfall,point_02704
28.61767,95.05644,GSI_INVENTORY,Arunachal Pradesh,,Slide,Rainfall,point_02705
28.61992,95.05758,GSI_INVENTORY,Arunachal Pradesh,,Slide,Rainfall,point_02706
28.61467,95.06361,GSI_INVENTORY,Arunachal Pradesh,,Slide,Rainfall,point_02707
28.60936,95.08858,GSI_INVENTORY,Arunachal Pradesh,,Slide,Rainfall,point_02708
28.63386,95.02381,GSI_INVENTORY,Arunachal Pradesh,,Slide,Natural,point_02709
28.63236,95.03792,GSI_INVENTORY,Arunachal Pradesh,,Slide,Rainfall,point_02710
28.63939,95.03364,GSI_INVENTORY,Arunachal Pradesh,,Slide,Rainfall,point_02711
28.62272,95.04353,GSI_INVENTORY,Arunachal Pradesh,,Slide,Rainfall,point_02712
28.62697,95.03572,GSI_INVENTORY,Arunachal Pradesh,,Slide,Rainfall,point_02713
28.53153,95.05042,GSI_INVENTORY,Arunachal Pradesh,,Slide,Rainfall,point_02714
28.55047,95.06325,GSI_INVENTORY,Arunachal Pradesh,,Slide,Rainfall,point_02715
28.26005,94.98475,GSI_INVENTORY,Arunachal Pradesh,,Slide,"Rainfall, Anthropogenic",point_02716
28.26596,94.98346,GSI_INVENTORY,Arunachal Pradesh,,Slide,"Rainfall, Anthropogenic",point_02717
28.2695,94.98253,GSI_INVENTORY,Arunachal Pradesh,,Slide,"Rainfall, Anthropogenic",point_02718
28.28025,94.9539,GSI_INVENTORY,Arunachal Pradesh,,Slide,"Rainfall, Anthropogenic",point_02719
28.27402,94.9625,GSI_INVENTORY,Arunachal Pradesh,,Slide,"Rainfall, Anthropogenic",point_02720
28.34255,94.98714,GSI_INVENTORY,Arunachal Pradesh,,Slide,"Rainfall, Anthropogenic",point_02721
28.33538,94.95651,GSI_INVENTORY,Arunachal Pradesh,,Slide,"Rainfall, Anthropogenic",point_02722
28.2823,94.86303,GSI_INVENTORY,Arunachal Pradesh,,Slide,"Rainfall, Anthropogenic",point_02723
28.30377,94.94873,GSI_INVENTORY,Arunachal Pradesh,,Slide,"Rainfall, Anthropogenic",point_02724
28.28732,94.94765,GSI_INVENTORY,Arunachal Pradesh,,Slide,"Rainfall, Anthropogenic",point_02725
28.23536,94.93333,GSI_INVENTORY,Arunachal Pradesh,,Slide,Rainfall,point_02726
28.23247,94.91489,GSI_INVENTORY,Arunachal Pradesh,,Slide,Rainfall,point_02727
28.22558,94.88917,GSI_INVENTORY,Arunachal Pradesh,,Slide,Rainfall,point_02728
28.22672,94.89561,GSI_INVENTORY,Arunachal Pradesh,,Slide,Rainfall,point_02729
28.22853,94.90428,GSI_INVENTORY,Arunachal Pradesh,,Slide,Rainfall,point_02730
28.20839,94.83067,GSI_INVENTORY,Arunachal Pradesh,,Slide,Rainfall,point_02731
28.20267,94.82842,GSI_INVENTORY,Arunachal Pradesh,,Slide,Rainfall,point_02732
28.16425,94.79242,GSI_INVENTORY,Arunachal Pradesh,,Slide,Rainfall,point_02733
28.14114,94.78658,GSI_INVENTORY,Arunachal Pradesh,,Slide,Rainfall,point_02734
28.13378,94.788,GSI_INVENTORY,Arunachal Pradesh,,Slide,Rainfall,point_02735
28.19244,94.98492,GSI_INVENTORY,Arunachal Pradesh,,Slide,Rainfall,point_02736
28.23736,94.95481,GSI_INVENTORY,Arunachal Pradesh,,Slide,Rainfall,point_02737
28.23483,94.97228,GSI_INVENTORY,Arunachal Pradesh,,Slide,Rainfall,point_02738
28.17481,95.02511,GSI_INVENTORY,Arunachal Pradesh,,slide,Rainfall,point_02739
28.13169,95.13619,GSI_INVENTORY,Arunachal Pradesh,,slide,Anthropogenic,point_02740
28.13361,95.11125,GSI_INVENTORY,Arunachal Pradesh,,Slide,Rainfall,point_02741
28.13506,95.14544,GSI_INVENTORY,Arunachal Pradesh,,slide,Anthropogenic,point_02742
28.09351,95.27253,GSI_INVENTORY,Arunachal Pradesh,,Slide,Rainfall,point_02743
28.09728,95.28003,GSI_INVENTORY,Arunachal Pradesh,,Slide,Rainfall,point_02744
28.09414,95.28257,GSI_INVENTORY,Arunachal Pradesh,,Slide,"Rainfall, toe cutting due to river",point_02745
28.09563,95.28137,GSI_INVENTORY,Arunachal Pradesh,,Slide,Toe cutting due River meandering,point_02746
28.09965,95.28567,GSI_INVENTORY,Arunachal Pradesh,,Slide,Rainfall,point_02747
28.09971,95.28489,GSI_INVENTORY,Arunachal Pradesh,,Slide,Rainfall,point_02748
28.09986,95.28297,GSI_INVENTORY,Arunachal Pradesh,,Slide,Rainfall,point_02749
28.10103,95.28236,GSI_INVENTORY,Arunachal Pradesh,,Slide,Rainfall,point_02750
28.1039,95.27946,GSI_INVENTORY,Arunachal Pradesh,,Slide,Rainfall,point_02751
28.09966,95.28783,GSI_INVENTORY,Arunachal Pradesh,,Slide,Rainfall,point_02752
28.1423,95.28813,GSI_INVENTORY,Arunachal Pradesh,,Slide,Rainfall,point_02753
28.14255,95.28789,GSI_INVENTORY,Arunachal Pradesh,,Slide,Rainfall,point_02754
28.14151,95.2892,GSI_INVENTORY,Arunachal Pradesh,,Slide,Rainfall and toe cutting,point_02755
28.14064,95.29212,GSI_INVENTORY,Arunachal Pradesh,,Wedge failure,Rainfall,point_02756
28.14384,95.28597,GSI_INVENTORY,Arunachal Pradesh,,Slide,Rainfall,point_02757
28.14005,95.26659,GSI_INVENTORY,Arunachal Pradesh,,Slide,Rainfall,point_02758
28.14091,95.26697,GSI_INVENTORY,Arunachal Pradesh,,Wedge failure,Rainfall,point_02759
28.13881,95.25482,GSI_INVENTORY,Arunachal Pradesh,,Slide,Rainfall,point_02760
28.11722,95.27308,GSI_INVENTORY,Arunachal Pradesh,,Slide,Rainfall,point_02761
28.11385,95.27339,GSI_INVENTORY,Arunachal Pradesh,,Slide,Rainfall,point_02762
28.11474,95.27358,GSI_INVENTORY,Arunachal Pradesh,,Slide,Toe cutting,point_02763
28.11312,95.27094,GSI_INVENTORY,Arunachal Pradesh,,Slide,Rainfall,point_02764
28.10916,95.26908,GSI_INVENTORY,Arunachal Pradesh,,Slide,Rainfall,point_02765
28.10169,95.27186,GSI_INVENTORY,Arunachal Pradesh,,Slide,Rainfall,point_02766
28.09938,95.27268,GSI_INVENTORY,Arunachal Pradesh,,Wedge failure,Rainfall,point_02767
28.09704,95.27475,GSI_INVENTORY,Arunachal Pradesh,,Slide,Rainfall,point_02768
28.09716,95.27082,GSI_INVENTORY,Arunachal Pradesh,,Wedge failure,Rainfall,point_02769
28.10636,95.26859,GSI_INVENTORY,Arunachal Pradesh,,Slide,Rainfall,point_02770
28.1425,95.23919,GSI_INVENTORY,Arunachal Pradesh,,Slide,Rainfall,point_02771
28.14531,95.23917,GSI_INVENTORY,Arunachal Pradesh,,Slide,Rainfall,point_02772
28.16961,95.24064,GSI_INVENTORY,Arunachal Pradesh,,slide,Anthropogenic,point_02773
28.16939,95.23572,GSI_INVENTORY,Arunachal Pradesh,,slide,Anthropogenic,point_02774
28.15074,95.27512,GSI_INVENTORY,Arunachal Pradesh,,Slide,"Rainfall, toe cutting  by river",point_02775
28.14585,95.27369,GSI_INVENTORY,Arunachal Pradesh,,Wedge failure,Rainfall,point_02776
28.14563,95.27581,GSI_INVENTORY,Arunachal Pradesh,,Slide,Rainfall,point_02777
28.14957,95.27718,GSI_INVENTORY,Arunachal Pradesh,,Slide,Rainfall,point_02778
28.14842,95.27796,GSI_INVENTORY,Arunachal Pradesh,,Slide,Rainfall,point_02779
28.14787,95.27999,GSI_INVENTORY,Arunachal Pradesh,,Slide,Rainfall,point_02780
28.19939,95.23028,GSI_INVENTORY,Arunachal Pradesh,,Slide,Rainfall,point_02781
28.21303,95.23253,GSI_INVENTORY,Arunachal Pradesh,,Slide,Rainfall,point_02782
28.1945,95.22792,GSI_INVENTORY,Arunachal Pradesh,,Slide,Rainfall,point_02783
28.1915,95.22592,GSI_INVENTORY,Arunachal Pradesh,,Slide,Anthropogenic,point_02784
28.17556,95.22186,GSI_INVENTORY,Arunachal Pradesh,,slide,Rainfall,point_02785
28.18114,95.22594,GSI_INVENTORY,Arunachal Pradesh,,slide,Rainfall,point_02786
28.17886,95.22806,GSI_INVENTORY,Arunachal Pradesh,,Slide,Rainfall,point_02787
28.16958,95.22392,GSI_INVENTORY,Arunachal Pradesh,,slide,Anthropogenic,point_02788
28.14781,95.22483,GSI_INVENTORY,Arunachal Pradesh,,Slide,Rainfall,point_02789
28.15303,95.21829,GSI_INVENTORY,Arunachal Pradesh,,slide,Anthropogenic,point_02790
28.15411,95.18169,GSI_INVENTORY,Arunachal Pradesh,,Slide,Rainfall,point_02791
28.26689,95.21425,GSI_INVENTORY,Arunachal Pradesh,,Slide,Anthropogenic,point_02792
28.272,95.20842,GSI_INVENTORY,Arunachal Pradesh,,Slide,Anthropogenic,point_02793
28.29156,95.19911,GSI_INVENTORY,Arunachal Pradesh,,Slide,Rainfall,point_02794
28.2805,95.20156,GSI_INVENTORY,Arunachal Pradesh,,Slide,Anthropogenic,point_02795
28.3105,95.19747,GSI_INVENTORY,Arunachal Pradesh,,Slide,Anthropogenic,point_02796
28.30169,95.19536,GSI_INVENTORY,Arunachal Pradesh,,Slide,Rainfall,point_02797
28.32289,95.20369,GSI_INVENTORY,Arunachal Pradesh,,Slide,Anthropogenic,point_02798
28.36642,95.22119,GSI_INVENTORY,Arunachal Pradesh,,Slide,Rainfall,point_02799
28.39911,95.24136,GSI_INVENTORY,Arunachal Pradesh,,slide,Rainfall,point_02800
28.38672,95.24083,GSI_INVENTORY,Arunachal Pradesh,,Slide,Rainfall,point_02801
28.37869,95.23067,GSI_INVENTORY,Arunachal Pradesh,,Slide,Rainfall,point_02802
28.38483,95.23381,GSI_INVENTORY,Arunachal Pradesh,,Slide,Rainfall,point_02803
28.38681,95.24011,GSI_INVENTORY,Arunachal Pradesh,,Slide,Rainfall,point_02804
28.40242,95.24594,GSI_INVENTORY,Arunachal Pradesh,,slide,Rainfall,point_02805
28.40214,95.24394,GSI_INVENTORY,Arunachal Pradesh,,slide,Rainfall,point_02806
28.41272,95.24772,GSI_INVENTORY,Arunachal Pradesh,,slide,Rainfall,point_02807
28.41503,95.24708,GSI_INVENTORY,Arunachal Pradesh,,slide,Rainfall,point_02808
28.16571,95.46208,GSI_INVENTORY,Arunachal Pradesh,,Slide,Rainfall,point_02809
28.16568,95.46291,GSI_INVENTORY,Arunachal Pradesh,,Slide,Rainfall,point_02810
28.18183,95.46983,GSI_INVENTORY,Arunachal Pradesh,,Slide,Rainfall,point_02811
28.18136,95.4701,GSI_INVENTORY,Arunachal Pradesh,,Wedge failure,Rainfall,point_02812
28.17566,95.4708,GSI_INVENTORY,Arunachal Pradesh,,Slide,Rainfall,point_02813
28.17497,95.4694,GSI_INVENTORY,Arunachal Pradesh,,Slide,Rainfall,point_02814
28.17508,95.4696,GSI_INVENTORY,Arunachal Pradesh,,Slide,Rainfall,point_02815
28.17926,95.47707,GSI_INVENTORY,Arunachal Pradesh,,Slide,Rainfall,point_02816
28.18658,95.47113,GSI_INVENTORY,Arunachal Pradesh,,Wedge failure,Rainfall,point_02817
28.16317,95.45043,GSI_INVENTORY,Arunachal Pradesh,,Slide,Rainfall,point_02818
28.16369,95.458,GSI_INVENTORY,Arunachal Pradesh,,Slide,Rainfall,point_02819
28.16332,95.45981,GSI_INVENTORY,Arunachal Pradesh,,Slide,Rainfall,point_02820
28.1625,95.44124,GSI_INVENTORY,Arunachal Pradesh,,Slide,Steep slope cutting during road widening,point_02821
28.16066,95.44675,GSI_INVENTORY,Arunachal Pradesh,,Slide,Toe cutting,point_02822
28.16798,95.43176,GSI_INVENTORY,Arunachal Pradesh,,Slide,Rainfall,point_02823
28.22789,95.54108,GSI_INVENTORY,Arunachal Pradesh,,Slide,Rainfall,point_02824
28.23772,95.53561,GSI_INVENTORY,Arunachal Pradesh,,Slide,Rainfall,point_02825
28.24297,95.53755,GSI_INVENTORY,Arunachal Pradesh,,Slide,Rainfall,point_02826
28.24244,95.53683,GSI_INVENTORY,Arunachal Pradesh,,Fall,Rainfall,point_02827
28.19258,95.80409,GSI_INVENTORY,Arunachal Pradesh,,slide,Rainfall,point_02828
28.19386,95.80547,GSI_INVENTORY,Arunachal Pradesh,,Slide,Rainfall,point_02829
28.19465,95.80709,GSI_INVENTORY,Arunachal Pradesh,,Slide,Rainfall,point_02830
28.17343,95.83661,GSI_INVENTORY,Arunachal Pradesh,,Slide,Rainfall,point_02831
28.17119,95.83317,GSI_INVENTORY,Arunachal Pradesh,,Slide,Rainfall,point_02832
28.24104,95.86639,GSI_INVENTORY,Arunachal Pradesh,,Slide,Rainfall,point_02833
28.24052,95.86659,GSI_INVENTORY,Arunachal Pradesh,,Slide,Rainfall,point_02834
28.22383,95.8291,GSI_INVENTORY,Arunachal Pradesh,,Slide,Rainfall,point_02835
28.20184,95.812,GSI_INVENTORY,Arunachal Pradesh,,Slide,Rainfall,point_02836
28.19987,95.81188,GSI_INVENTORY,Arunachal Pradesh,,Slide,Rainfall,point_02837
28.19802,95.81045,GSI_INVENTORY,Arunachal Pradesh,,Slide,Rainfall,point_02838
28.20284,95.8112,GSI_INVENTORY,Arunachal Pradesh,,Slide,Rainfall,point_02839
28.205,95.81319,GSI_INVENTORY,Arunachal Pradesh,,Slide,Rainfall,point_02840
28.2077,95.8092,GSI_INVENTORY,Arunachal Pradesh,,Fall,Rainfall,point_02841
28.20737,95.81005,GSI_INVENTORY,Arunachal Pradesh,,Slide,Rainfall,point_02842
28.2078,95.80774,GSI_INVENTORY,Arunachal Pradesh,,Slide,Rainfall,point_02843
28.21998,95.79906,GSI_INVENTORY,Arunachal Pradesh,,Slide,Rainfall,point_02844
28.21625,95.79639,GSI_INVENTORY,Arunachal Pradesh,,Slide,Rainfall,point_02845
28.21501,95.79976,GSI_INVENTORY,Arunachal Pradesh,,Slide,Rainfall,point_02846
28.21593,95.79956,GSI_INVENTORY,Arunachal Pradesh,,Slide,Rainfall,point_02847
28.21221,95.80127,GSI_INVENTORY,Arunachal Pradesh,,Slide,Rainfall,point_02848
28.20902,95.80348,GSI_INVENTORY,Arunachal Pradesh,,Slide,Rainfall,point_02849
28.21228,95.80259,GSI_INVENTORY,Arunachal Pradesh,,Slide,Rainfall,point_02850
28.21267,95.80319,GSI_INVENTORY,Arunachal Pradesh,,Slide,Rainfall,point_02851
28.20906,95.80675,GSI_INVENTORY,Arunachal Pradesh,,Slide,Rainfall,point_02852
28.217,95.79058,GSI_INVENTORY,Arunachal Pradesh,,Slide,Rainfall,point_02853
28.21754,95.79249,GSI_INVENTORY,Arunachal Pradesh,,Slide,Rainfall,point_02854
28.21759,95.79303,GSI_INVENTORY,Arunachal Pradesh,,Slide,Rainfall,point_02855
28.21521,95.7937,GSI_INVENTORY,Arunachal Pradesh,,Slide,Rainfall,point_02856
28.21586,95.79523,GSI_INVENTORY,Arunachal Pradesh,,Slide,Rainfall,point_02857
28.21854,95.79402,GSI_INVENTORY,Arunachal Pradesh,,Slide,Rainfall,point_02858
28.21909,95.79108,GSI_INVENTORY,Arunachal Pradesh,,Slide,Rainfall,point_02859
28.2172,95.7896,GSI_INVENTORY,Arunachal Pradesh,,Slide,Rainfall,point_02860
28.24502,95.77363,GSI_INVENTORY,Arunachal Pradesh,,Slide,Rainfall,point_02861
28.24044,95.7742,GSI_INVENTORY,Arunachal Pradesh,,Slide,Rainfall,point_02862
28.23701,95.7762,GSI_INVENTORY,Arunachal Pradesh,,Slide,Rainfall,point_02863
28.23948,95.77456,GSI_INVENTORY,Arunachal Pradesh,,Slide,Rainfall,point_02864
28.23814,95.77476,GSI_INVENTORY,Arunachal Pradesh,,Slide,Rainfall,point_02865
28.2342,95.77704,GSI_INVENTORY,Arunachal Pradesh,,Slide,Rainfall,point_02866
28.22981,95.77985,GSI_INVENTORY,Arunachal Pradesh,,Slide,Rainfall,point_02867
28.22911,95.78002,GSI_INVENTORY,Arunachal Pradesh,,Slide,Rainfall,point_02868
28.2277,95.78137,GSI_INVENTORY,Arunachal Pradesh,,Slide,Rainfall,point_02869
28.243,95.77214,GSI_INVENTORY,Arunachal Pradesh,,Slide,Rainfall,point_02870
28.309,95.7547,GSI_INVENTORY,Arunachal Pradesh,,Slide,Rainfall,point_02871
28.33836,95.78172,GSI_INVENTORY,Arunachal Pradesh,,Slide,Rainfall,point_02872
28.32755,95.78392,GSI_INVENTORY,Arunachal Pradesh,,Slide,Rainfall,point_02873
28.32225,95.78029,GSI_INVENTORY,Arunachal Pradesh,,Fall,Rainfall,point_02874
28.32114,95.77935,GSI_INVENTORY,Arunachal Pradesh,,Slide,Rainfall,point_02875
28.2917,95.77618,GSI_INVENTORY,Arunachal Pradesh,,Slide,Rainfall,point_02876
28.25952,95.78034,GSI_INVENTORY,Arunachal Pradesh,,Slide,Rainfall,point_02877
28.25799,95.78162,GSI_INVENTORY,Arunachal Pradesh,,Slide,Rainfall,point_02878
28.25726,95.77776,GSI_INVENTORY,Arunachal Pradesh,,Slide,Rainfall,point_02879
28.25218,95.7758,GSI_INVENTORY,Arunachal Pradesh,,Slide,Rainfall,point_02880
28.25251,95.78174,GSI_INVENTORY,Arunachal Pradesh,,Slide,Rainfall,point_02881
28.26681,95.78911,GSI_INVENTORY,Arunachal Pradesh,,Slide,Rainfall,point_02882
28.27772,95.78936,GSI_INVENTORY,Arunachal Pradesh,,Slide,Rainfall,point_02883
28.27354,95.78942,GSI_INVENTORY,Arunachal Pradesh,,Slide,Rainfall,point_02884
28.28925,95.78547,GSI_INVENTORY,Arunachal Pradesh,,Slide,Rainfall,point_02885
28.29748,95.79102,GSI_INVENTORY,Arunachal Pradesh,,Slide,Rainfall,point_02886
28.33525,95.78847,GSI_INVENTORY,Arunachal Pradesh,,Slide,Rainfall,point_02887
28.33034,95.79431,GSI_INVENTORY,Arunachal Pradesh,,Fall,Rainfall,point_02888
28.43429,95.87611,GSI_INVENTORY,Arunachal Pradesh,,Slide,Rainfall,point_02889
28.44843,95.8553,GSI_INVENTORY,Arunachal Pradesh,,Slide,Rainfall,point_02890
28.4389,95.85009,GSI_INVENTORY,Arunachal Pradesh,,Slide,Rainfall,point_02891
28.26679,95.60726,GSI_INVENTORY,Arunachal Pradesh,,Slide,Rainfall,point_02892
28.26627,95.60939,GSI_INVENTORY,Arunachal Pradesh,,Slide,Rainfall,point_02893
28.26906,95.61077,GSI_INVENTORY,Arunachal Pradesh,,Slide,Rainfall,point_02894
28.26986,95.61076,GSI_INVENTORY,Arunachal Pradesh,,Slide,Rainfall,point_02895
28.26299,95.59932,GSI_INVENTORY,Arunachal Pradesh,,Slide,Rainfall,point_02896
28.25526,95.58261,GSI_INVENTORY,Arunachal Pradesh,,Wedge failure,Rainfall,point_02897
28.25506,95.577,GSI_INVENTORY,Arunachal Pradesh,,Slide,Rainfall,point_02898
28.25391,95.57844,GSI_INVENTORY,Arunachal Pradesh,,Slide,Rainfall,point_02899
28.25451,95.58156,GSI_INVENTORY,Arunachal Pradesh,,Slide,Rainfall,point_02900
28.2658,95.57089,GSI_INVENTORY,Arunachal Pradesh,,Slide,Rainfall,point_02901
28.26527,95.56964,GSI_INVENTORY,Arunachal Pradesh,,Slide,Rainfall,point_02902
28.26433,95.5658,GSI_INVENTORY,Arunachal Pradesh,,Slide,Rainfall,point_02903
28.26281,95.56542,GSI_INVENTORY,Arunachal Pradesh,,Slide,Rainfall,point_02904
28.26115,95.56733,GSI_INVENTORY,Arunachal Pradesh,,Slide,Rainfall,point_02905
28.262,95.56626,GSI_INVENTORY,Arunachal Pradesh,,Slide,Rainfall,point_02906
28.25956,95.56897,GSI_INVENTORY,Arunachal Pradesh,,Slide,Rainfall,point_02907
28.26323,95.57096,GSI_INVENTORY,Arunachal Pradesh,,Slide,Rainfall,point_02908
28.2646,95.57152,GSI_INVENTORY,Arunachal Pradesh,,Slide,Rainfall,point_02909
28.25613,95.57615,GSI_INVENTORY,Arunachal Pradesh,,Slide,Rainfall,point_02910
28.25643,95.57515,GSI_INVENTORY,Arunachal Pradesh,,Slide,Rainfall,point_02911
28.26556,95.56344,GSI_INVENTORY,Arunachal Pradesh,,Slide,Rainfall,point_02912
28.26722,95.55954,GSI_INVENTORY,Arunachal Pradesh,,Slide,Rainfall,point_02913
28.26753,95.56105,GSI_INVENTORY,Arunachal Pradesh,,Slide,Rainfall,point_02914
28.26597,95.56093,GSI_INVENTORY,Arunachal Pradesh,,Slide,Rainfall,point_02915
28.26584,95.56387,GSI_INVENTORY,Arunachal Pradesh,,Slide,Rainfall,point_02916
28.26825,95.55546,GSI_INVENTORY,Arunachal Pradesh,,Slide,Rainfall,point_02917
28.26773,95.55148,GSI_INVENTORY,Arunachal Pradesh,,Slide,Rainfall,point_02918
28.26553,95.54932,GSI_INVENTORY,Arunachal Pradesh,,Slide,Rainfall,point_02919
28.26373,95.55133,GSI_INVENTORY,Arunachal Pradesh,,Slide,Rainfall,point_02920
28.26489,95.55057,GSI_INVENTORY,Arunachal Pradesh,,Wedge failure,Rainfall,point_02921
28.26288,95.55191,GSI_INVENTORY,Arunachal Pradesh,,Slide,Rainfall,point_02922
28.25812,95.55209,GSI_INVENTORY,Arunachal Pradesh,,Slide,Rainfall,point_02923
28.25701,95.55166,GSI_INVENTORY,Arunachal Pradesh,,Slide,Rainfall,point_02924
28.2564,95.55098,GSI_INVENTORY,Arunachal Pradesh,,Slide,Rainfall,point_02925
28.25736,95.55087,GSI_INVENTORY,Arunachal Pradesh,,Slide,Rainfall,point_02926
28.25814,95.55125,GSI_INVENTORY,Arunachal Pradesh,,Slide,Rainfall,point_02927
28.25536,95.55166,GSI_INVENTORY,Arunachal Pradesh,,Slide,Rainfall,point_02928
28.25114,95.55011,GSI_INVENTORY,Arunachal Pradesh,,Slide,Rainfall,point_02929
28.24972,95.54627,GSI_INVENTORY,Arunachal Pradesh,,Slide,Rainfall,point_02930
28.24651,95.54165,GSI_INVENTORY,Arunachal Pradesh,,Slide,Rainfall,point_02931
28.49729,95.82704,GSI_INVENTORY,Arunachal Pradesh,,Slide,Rainfall,point_02932
28.49841,95.82722,GSI_INVENTORY,Arunachal Pradesh,,Slide,Rainfall,point_02933
28.49846,95.82828,GSI_INVENTORY,Arunachal Pradesh,,Slide,Rainfall,point_02934
28.49438,95.82523,GSI_INVENTORY,Arunachal Pradesh,,Fall,Rainfall,point_02935
28.47409,95.84742,GSI_INVENTORY,Arunachal Pradesh,,Slide,Rainfall,point_02936
28.46948,95.84995,GSI_INVENTORY,Arunachal Pradesh,,Fall,Rainfall,point_02937
28.47139,95.85223,GSI_INVENTORY,Arunachal Pradesh,,Fall,Rainfall,point_02938
28.46494,95.85231,GSI_INVENTORY,Arunachal Pradesh,,Slide,Rainfall,point_02939
28.45778,95.85349,GSI_INVENTORY,Arunachal Pradesh,,Slide,Rainfall,point_02940
28.46231,95.84914,GSI_INVENTORY,Arunachal Pradesh,,Fall,Rainfall,point_02941
28.45037,95.85588,GSI_INVENTORY,Arunachal Pradesh,,Slide,Rainfall,point_02942
28.45448,95.85403,GSI_INVENTORY,Arunachal Pradesh,,Slide,Rainfall,point_02943
28.45528,95.85402,GSI_INVENTORY,Arunachal Pradesh,,Slide,Rainfall,point_02944
28.47297,95.85724,GSI_INVENTORY,Arunachal Pradesh,,Slide,Rainfall,point_02945
28.47292,95.85793,GSI_INVENTORY,Arunachal Pradesh,,Slide,Rainfall,point_02946
28.47286,95.85893,GSI_INVENTORY,Arunachal Pradesh,,Fall,Rainfall,point_02947
28.48949,95.84546,GSI_INVENTORY,Arunachal Pradesh,,Fall,Rainfall,point_02948
28.48704,95.84826,GSI_INVENTORY,Arunachal Pradesh,,Slide,Rainfall,point_02949
28.48826,95.84276,GSI_INVENTORY,Arunachal Pradesh,,Slide,Rainfall,point_02950
28.4879,95.84071,GSI_INVENTORY,Arunachal Pradesh,,Slide,Rainfall,point_02951
28.47672,95.84136,GSI_INVENTORY,Arunachal Pradesh,,Fall,Rainfall,point_02952
28.4799,95.83932,GSI_INVENTORY,Arunachal Pradesh,,Fall,Rainfall,point_02953
28.48111,95.83832,GSI_INVENTORY,Arunachal Pradesh,,Slide,Rainfall,point_02954
28.49052,95.8323,GSI_INVENTORY,Arunachal Pradesh,,Slide,Rainfall,point_02955
28.49073,95.83347,GSI_INVENTORY,Arunachal Pradesh,,Slide,Rainfall,point_02956
28.62511,95.8527,GSI_INVENTORY,Arunachal Pradesh,,Slide,Rainfall,point_02957
28.60926,95.85688,GSI_INVENTORY,Arunachal Pradesh,,Slide,Rainfall,point_02958
28.60802,95.85403,GSI_INVENTORY,Arunachal Pradesh,,Slide,Rainfall,point_02959
28.6068,95.86409,GSI_INVENTORY,Arunachal Pradesh,,Slide,Rainfall,point_02960
28.61589,95.85991,GSI_INVENTORY,Arunachal Pradesh,,Slide,Rainfall,point_02961
28.61854,95.85812,GSI_INVENTORY,Arunachal Pradesh,,Slide,Rainfall,point_02962
28.62159,95.856,GSI_INVENTORY,Arunachal Pradesh,,Slide,Rainfall,point_02963
28.62267,95.85638,GSI_INVENTORY,Arunachal Pradesh,,Slide,Rainfall,point_02964
28.62505,95.85725,GSI_INVENTORY,Arunachal Pradesh,,Slide,Rainfall,point_02965
28.62821,95.85647,GSI_INVENTORY,Arunachal Pradesh,,Slide,Rainfall,point_02966
28.63834,95.85633,GSI_INVENTORY,Arunachal Pradesh,,Slide,Rainfall,point_02967
28.76094,95.86565,GSI_INVENTORY,Arunachal Pradesh,,Slide,Rainfall,point_02968
28.76351,95.86887,GSI_INVENTORY,Arunachal Pradesh,,Slide,Rainfall,point_02969
28.77247,95.86792,GSI_INVENTORY,Arunachal Pradesh,,Slide,Rainfall,point_02970
28.77363,95.86924,GSI_INVENTORY,Arunachal Pradesh,,Slide,Rainfall,point_02971
28.77592,95.8743,GSI_INVENTORY,Arunachal Pradesh,,Slide,Rainfall,point_02972
28.84607,95.86592,GSI_INVENTORY,Arunachal Pradesh,,Slide,Rainfall,point_02973
28.85641,95.85987,GSI_INVENTORY,Arunachal Pradesh,,Slide,Rainfall,point_02974
28.85221,95.86391,GSI_INVENTORY,Arunachal Pradesh,,Slide,Rainfall,point_02975
28.45253,95.23933,GSI_INVENTORY,Arunachal Pradesh,,Slide,Rainfall,point_02976
28.47017,95.23333,GSI_INVENTORY,Arunachal Pradesh,,Slide,Rainfall,point_02977
28.4875,95.21342,GSI_INVENTORY,Arunachal Pradesh,,Flow,Rainfall,point_02978
28.48406,95.20706,GSI_INVENTORY,Arunachal Pradesh,,Slide,Rainfall,point_02979
28.4915,95.20294,GSI_INVENTORY,Arunachal Pradesh,,Slide,Rainfall,point_02980
28.49028,95.20319,GSI_INVENTORY,Arunachal Pradesh,,Slide,Rainfall,point_02981
28.49792,95.19164,GSI_INVENTORY,Arunachal Pradesh,,Slide,Rainfall,point_02982
28.509,95.17764,GSI_INVENTORY,Arunachal Pradesh,,Slide,Natural,point_02983
28.51053,95.17772,GSI_INVENTORY,Arunachal Pradesh,,Slide,Rainfall,point_02984
28.51206,95.1805,GSI_INVENTORY,Arunachal Pradesh,,Slide,Rainfall,point_02985
28.51408,95.17828,GSI_INVENTORY,Arunachal Pradesh,,Slide,Rainfall,point_02986
28.51608,95.17803,GSI_INVENTORY,Arunachal Pradesh,,Slide,Rainfall,point_02987
28.52281,95.17264,GSI_INVENTORY,Arunachal Pradesh,,Slide,Rainfall,point_02988
28.52772,95.17356,GSI_INVENTORY,Arunachal Pradesh,,Fall,Rainfall,point_02989
28.52878,95.17328,GSI_INVENTORY,Arunachal Pradesh,,Slide,Rainfall,point_02990
28.54014,95.16867,GSI_INVENTORY,Arunachal Pradesh,,Slide,Rainfall,point_02991
28.55069,95.15833,GSI_INVENTORY,Arunachal Pradesh,,Slide,Rainfall,point_02992
28.56014,95.14947,GSI_INVENTORY,Arunachal Pradesh,,slide,Rainfall,point_02993
28.56525,95.14833,GSI_INVENTORY,Arunachal Pradesh,,Slide,Rainfall,point_02994
28.56869,95.14356,GSI_INVENTORY,Arunachal Pradesh,,Slide,Rainfall,point_02995
28.96398,95.80863,GSI_INVENTORY,Arunachal Pradesh,,Slide,Rainfall,point_02996
28.93783,95.82066,GSI_INVENTORY,Arunachal Pradesh,,Slide,Rainfall,point_02997
28.94048,95.82044,GSI_INVENTORY,Arunachal Pradesh,,Slide,Rainfall,point_02998
28.9407,95.82058,GSI_INVENTORY,Arunachal Pradesh,,Slide,Rainfall,point_02999
28.87156,95.85273,GSI_INVENTORY,Arunachal Pradesh,,Slide,Rainfall,point_03000
28.87362,95.85028,GSI_INVENTORY,Arunachal Pradesh,,Slide,Rainfall,point_03001
28.87826,95.84716,GSI_INVENTORY,Arunachal Pradesh,,Slide,Rainfall,point_03002
28.86302,95.8567,GSI_INVENTORY,Arunachal Pradesh,,Slide,Rainfall,point_03003
28.85836,95.85847,GSI_INVENTORY,Arunachal Pradesh,,Slide,Rainfall,point_03004
28.87494,95.98191,GSI_INVENTORY,Arunachal Pradesh,,Slide,Rainfall,point_03005
28.86804,95.9834,GSI_INVENTORY,Arunachal Pradesh,,Slide,Rainfall,point_03006
28.83608,95.96381,GSI_INVENTORY,Arunachal Pradesh,,Slide,Rainfall,point_03007
28.80924,95.92821,GSI_INVENTORY,Arunachal Pradesh,,Slide,Rainfall,point_03008
28.80813,95.92698,GSI_INVENTORY,Arunachal Pradesh,,Slide,Rainfall,point_03009
28.82252,95.93415,GSI_INVENTORY,Arunachal Pradesh,,Slide,Rainfall,point_03010
28.8247,95.93119,GSI_INVENTORY,Arunachal Pradesh,,Slide,Rainfall,point_03011
28.82252,95.92931,GSI_INVENTORY,Arunachal Pradesh,,Slide,Rainfall,point_03012
28.83162,95.88295,GSI_INVENTORY,Arunachal Pradesh,,Slide,Rainfall,point_03013
28.83092,95.8809,GSI_INVENTORY,Arunachal Pradesh,,Slide,Rainfall,point_03014
28.83032,95.87784,GSI_INVENTORY,Arunachal Pradesh,,Slide,Rainfall,point_03015
28.82356,95.88297,GSI_INVENTORY,Arunachal Pradesh,,Slide,Rainfall,point_03016
28.82707,95.9225,GSI_INVENTORY,Arunachal Pradesh,,Slide,Rainfall,point_03017
28.82377,95.92205,GSI_INVENTORY,Arunachal Pradesh,,Slide,Rainfall,point_03018
28.81748,95.92218,GSI_INVENTORY,Arunachal Pradesh,,Slide,Rainfall,point_03019
28.8139,95.92044,GSI_INVENTORY,Arunachal Pradesh,,Slide,Rainfall,point_03020
28.8138,95.91936,GSI_INVENTORY,Arunachal Pradesh,,Slide,Rainfall,point_03021
28.78423,95.90619,GSI_INVENTORY,Arunachal Pradesh,,Slide,Rainfall,point_03022
28.78687,95.90864,GSI_INVENTORY,Arunachal Pradesh,,Slide,Rainfall,point_03023
28.78352,95.90411,GSI_INVENTORY,Arunachal Pradesh,,Slide,Rainfall,point_03024
28.78539,95.89271,GSI_INVENTORY,Arunachal Pradesh,,Slide,Rainfall,point_03025
28.78965,95.89496,GSI_INVENTORY,Arunachal Pradesh,,Slide,Rainfall,point_03026
28.77538,95.89838,GSI_INVENTORY,Arunachal Pradesh,,Slide,Rainfall,point_03027
28.77462,95.89086,GSI_INVENTORY,Arunachal Pradesh,,Slide,Rainfall,point_03028
28.77578,95.89036,GSI_INVENTORY,Arunachal Pradesh,,Slide,Rainfall,point_03029
28.35955,95.94858,GSI_INVENTORY,Arunachal Pradesh,,Fall,Rainfall,point_03030
28.31458,95.96635,GSI_INVENTORY,Arunachal Pradesh,,Slide,Rainfall,point_03031
28.31353,95.96661,GSI_INVENTORY,Arunachal Pradesh,,Slide,Rainfall,point_03032
28.30968,95.96745,GSI_INVENTORY,Arunachal Pradesh,,Slide,Rainfall,point_03033
28.30894,95.96646,GSI_INVENTORY,Arunachal Pradesh,,Slide,Rainfall,point_03034
28.30998,95.95291,GSI_INVENTORY,Arunachal Pradesh,,Fall,Rainfall,point_03035
28.31731,95.95672,GSI_INVENTORY,Arunachal Pradesh,,Slide,Rainfall,point_03036
28.31914,95.95692,GSI_INVENTORY,Arunachal Pradesh,,Slide,Rainfall,point_03037
28.29667,95.92282,GSI_INVENTORY,Arunachal Pradesh,,Slide,Rainfall,point_03038
28.28645,95.92084,GSI_INVENTORY,Arunachal Pradesh,,Slide,Rainfall,point_03039
28.25597,95.90714,GSI_INVENTORY,Arunachal Pradesh,,Slide,Rainfall,point_03040
28.25345,95.90806,GSI_INVENTORY,Arunachal Pradesh,,Slide,Rainfall,point_03041
28.26053,95.90456,GSI_INVENTORY,Arunachal Pradesh,,Slide,Rainfall,point_03042
28.27138,95.90606,GSI_INVENTORY,Arunachal Pradesh,,Slide,Rainfall,point_03043
28.30859,95.97104,GSI_INVENTORY,Arunachal Pradesh,,Slide,Rainfall,point_03044
28.30884,95.97324,GSI_INVENTORY,Arunachal Pradesh,,Slide,Rainfall,point_03045
28.30984,95.98408,GSI_INVENTORY,Arunachal Pradesh,,Slide,Rainfall,point_03046
28.31548,95.98218,GSI_INVENTORY,Arunachal Pradesh,,Slide,Rainfall,point_03047
28.31085,95.97987,GSI_INVENTORY,Arunachal Pradesh,,Slide,Rainfall,point_03048
28.3128,95.97654,GSI_INVENTORY,Arunachal Pradesh,,Slide,Rainfall,point_03049
28.31273,95.97567,GSI_INVENTORY,Arunachal Pradesh,,Slide,Rainfall,point_03050
28.24221,95.92356,GSI_INVENTORY,Arunachal Pradesh,,Slide,Rainfall,point_03051
28.24175,95.92501,GSI_INVENTORY,Arunachal Pradesh,,Slide,Rainfall and continuous freezing and thawing by snow,point_03052
28.24332,95.92191,GSI_INVENTORY,Arunachal Pradesh,,Slide,Rainfall and continuous freezing and thawing by snow,point_03053
28.24278,95.92273,GSI_INVENTORY,Arunachal Pradesh,,Slide,Rainfall and continuous freezing and thawing by snow,point_03054
28.24318,95.92134,GSI_INVENTORY,Arunachal Pradesh,,Slide,Rainfall and continuous freezing and thawing by snow,point_03055
28.24497,95.91487,GSI_INVENTORY,Arunachal Pradesh,,Slide,Rainfall and continuous freezing and thawing by snow,point_03056
28.24498,95.91409,GSI_INVENTORY,Arunachal Pradesh,,Slide,Rainfall,point_03057
28.23743,95.89782,GSI_INVENTORY,Arunachal Pradesh,,Slide,Rainfall,point_03058
28.23861,95.89335,GSI_INVENTORY,Arunachal Pradesh,,Slide,Rainfall,point_03059
28.24346,95.89405,GSI_INVENTORY,Arunachal Pradesh,,Slide,Rainfall,point_03060
28.2463,95.88904,GSI_INVENTORY,Arunachal Pradesh,,Slide,Rainfall,point_03061
28.31658,96.61508,GSI_INVENTORY,Arunachal Pradesh,,Slide,Heavy rainfall,point_03062
28.31211,96.61719,GSI_INVENTORY,Arunachal Pradesh,,Topple,Heavy rainfall,point_03063
28.27378,96.57031,GSI_INVENTORY,Arunachal Pradesh,,Slide,Heavy rainfall,point_03064
28.2625,96.5465,GSI_INVENTORY,Arunachal Pradesh,,Slide,Heavy rainfall,point_03065
28.25897,96.54433,GSI_INVENTORY,Arunachal Pradesh,,Topple,Heavy rainfall,point_03066
28.25203,96.54264,GSI_INVENTORY,Arunachal Pradesh,,Slide,Heavy rainfall,point_03067
28.26814,96.55728,GSI_INVENTORY,Arunachal Pradesh,,Slide,Heavy rainfall,point_03068
28.26786,96.55781,GSI_INVENTORY,Arunachal Pradesh,,Flow, ,point_03069
28.26522,96.57889,GSI_INVENTORY,Arunachal Pradesh,,Flow,Heavy rainfall,point_03070
28.28386,96.58275,GSI_INVENTORY,Arunachal Pradesh,,Slide,Heavy rainfall,point_03071
28.28331,96.58094,GSI_INVENTORY,Arunachal Pradesh,,Slide and topple, ,point_03072
28.28778,96.57928,GSI_INVENTORY,Arunachal Pradesh,,Slide,Heavy rainfall,point_03073
28.14531,96.54897,GSI_INVENTORY,Arunachal Pradesh,,Slide,Heavy rainfall,point_03074
28.15292,96.53858,GSI_INVENTORY,Arunachal Pradesh,,Slide,Heavy rainfall,point_03075
28.16206,96.53061,GSI_INVENTORY,Arunachal Pradesh,,Topple,Heavy rainfall,point_03076
28.16939,96.52578,GSI_INVENTORY,Arunachal Pradesh,,Slide, ,point_03077
28.18439,96.53453,GSI_INVENTORY,Arunachal Pradesh,,Slide,Heavy rainfall,point_03078
28.18525,96.53256,GSI_INVENTORY,Arunachal Pradesh,,Slide,Heavy rainfall,point_03079
28.20867,96.53222,GSI_INVENTORY,Arunachal Pradesh,,Slide,Heavy rainfall,point_03080
28.21483,96.53911,GSI_INVENTORY,Arunachal Pradesh,,Slide,Heavy rainfall,point_03081
28.19597,96.53733,GSI_INVENTORY,Arunachal Pradesh,,Slide, ,point_03082
28.22328,96.55303,GSI_INVENTORY,Arunachal Pradesh,,Slide,Heavy rainfall,point_03083
28.22408,96.55872,GSI_INVENTORY,Arunachal Pradesh,,Slide,Heavy rainfall,point_03084
28.23153,96.54272,GSI_INVENTORY,Arunachal Pradesh,,Slide,Heavy rainfall,point_03085
28.22797,96.54606,GSI_INVENTORY,Arunachal Pradesh,,Slide,Heavy rainfall,point_03086
28.22381,96.53644,GSI_INVENTORY,Arunachal Pradesh,,Slide,Heavy rainfall,point_03087
28.23969,96.52778,GSI_INVENTORY,Arunachal Pradesh,,Topple,Heavy rainfall,point_03088
28.10632,96.44724,GSI_INVENTORY,Arunachal Pradesh,,Slide,Rainfall,point_03089
28.10595,96.44772,GSI_INVENTORY,Arunachal Pradesh,,Slide,Rainfall,point_03090
28.102,96.44847,GSI_INVENTORY,Arunachal Pradesh,,Slide,Rainfall,point_03091
28.10024,96.44817,GSI_INVENTORY,Arunachal Pradesh,,Slide,Rainfall,point_03092
28.10091,96.44916,GSI_INVENTORY,Arunachal Pradesh,,Slide,Rainfall,point_03093
28.10028,96.44954,GSI_INVENTORY,Arunachal Pradesh,,Slide,Rainfall,point_03094
28.09436,96.45306,GSI_INVENTORY,Arunachal Pradesh,,Slide,Rainfall,point_03095
28.0956,96.45325,GSI_INVENTORY,Arunachal Pradesh,,Slide,Rainfall,point_03096
28.08015,96.47254,GSI_INVENTORY,Arunachal Pradesh,,Slide,Rainfall,point_03097
28.0803,96.47225,GSI_INVENTORY,Arunachal Pradesh,,Slide,Rainfall,point_03098
28.07982,96.46838,GSI_INVENTORY,Arunachal Pradesh,,Slide,Rainfall,point_03099
28.08425,96.45967,GSI_INVENTORY,Arunachal Pradesh,,Slide,Rainfall,point_03100
28.08342,96.46143,GSI_INVENTORY,Arunachal Pradesh,,Slide,Rainfall,point_03101
28.08258,96.46487,GSI_INVENTORY,Arunachal Pradesh,,Slide,Rainfall,point_03102
28.08816,96.459,GSI_INVENTORY,Arunachal Pradesh,,Slide,Rainfall,point_03103
28.08955,96.45782,GSI_INVENTORY,Arunachal Pradesh,,Slide,Rainfall,point_03104
28.0907,96.45238,GSI_INVENTORY,Arunachal Pradesh,,Slide,Rainfall,point_03105
28.09009,96.45407,GSI_INVENTORY,Arunachal Pradesh,,Slide,Rainfall,point_03106
28.06006,96.44636,GSI_INVENTORY,Arunachal Pradesh,,Slide,Heavy rainfall,point_03107
28.05989,96.46281,GSI_INVENTORY,Arunachal Pradesh,,Slide,Heavy rainfall,point_03108
28.06131,96.49256,GSI_INVENTORY,Arunachal Pradesh,,Slide, ,point_03109
28.06244,96.49775,GSI_INVENTORY,Arunachal Pradesh,,Slide, ,point_03110
28.063,96.49914,GSI_INVENTORY,Arunachal Pradesh,,Slide,Anthropogenic,point_03111
28.06356,96.50075,GSI_INVENTORY,Arunachal Pradesh,,Slide,Heavy rainfall,point_03112
28.05997,96.48664,GSI_INVENTORY,Arunachal Pradesh,,Slide, ,point_03113
28.05939,96.48397,GSI_INVENTORY,Arunachal Pradesh,,Slide,Rainfall,point_03114
28.06964,96.50025,GSI_INVENTORY,Arunachal Pradesh,,Slide, ,point_03115
28.08061,96.51294,GSI_INVENTORY,Arunachal Pradesh,,Fall,Steepening of slope for construction of road bench,point_03116
28.08014,96.52356,GSI_INVENTORY,Arunachal Pradesh,,Topple,Heavy rainfall,point_03117
28.08019,96.54483,GSI_INVENTORY,Arunachal Pradesh,,Flow, ,point_03118
28.09311,96.53622,GSI_INVENTORY,Arunachal Pradesh,,Slide,Heavy rainfall,point_03119
28.10714,96.54489,GSI_INVENTORY,Arunachal Pradesh,,Fall,Heavy rainfall,point_03120
28.11142,96.54528,GSI_INVENTORY,Arunachal Pradesh,,Slide,Heavy rainfall,point_03121
28.11594,96.54689,GSI_INVENTORY,Arunachal Pradesh,,Slide,Heavy rainfall,point_03122
28.11781,96.54906,GSI_INVENTORY,Arunachal Pradesh,,Flow,Heavy rainfall,point_03123
28.01661,96.44172,GSI_INVENTORY,Arunachal Pradesh,,Complex, ,point_03124
28.02349,96.44097,GSI_INVENTORY,Arunachal Pradesh,,Slide,Rainfall,point_03125
28.02247,96.44049,GSI_INVENTORY,Arunachal Pradesh,,Slide,Rainfall,point_03126
28.01992,96.443,GSI_INVENTORY,Arunachal Pradesh,,Slide,Steepening of slope during new road bench cutting,point_03127
28.01781,96.44275,GSI_INVENTORY,Arunachal Pradesh,,Slide, ,point_03128
28.00611,96.42872,GSI_INVENTORY,Arunachal Pradesh,,Slide, ,point_03129
27.98728,96.41208,GSI_INVENTORY,Arunachal Pradesh,,Slide,Heavy rainfall,point_03130
27.98747,96.41133,GSI_INVENTORY,Arunachal Pradesh,,Flow,"Steepening of slope, vibration from vehicle",point_03131
27.96325,96.40097,GSI_INVENTORY,Arunachal Pradesh,,Slide,"Steepening of slope, vibration from vehicle",point_03132
27.95964,96.40178,GSI_INVENTORY,Arunachal Pradesh,,Flow,Rainfall,point_03133
27.95603,96.40267,GSI_INVENTORY,Arunachal Pradesh,,Slide,Heavy rainfall,point_03134
27.94903,96.39158,GSI_INVENTORY,Arunachal Pradesh,,Slide and topple, ,point_03135
27.95672,96.39697,GSI_INVENTORY,Arunachal Pradesh,,Slide,Slope cutting for widening of road bench,point_03136
27.968,96.39822,GSI_INVENTORY,Arunachal Pradesh,,Flow,"Steepening of slope, vibration from vehicle",point_03137
27.96756,96.40189,GSI_INVENTORY,Arunachal Pradesh,,Slide,Heavy rainfall,point_03138
27.98333,96.40433,GSI_INVENTORY,Arunachal Pradesh,,Slide,Heavy rainfall,point_03139
27.91647,96.33161,GSI_INVENTORY,Arunachal Pradesh,,Slide,Heavy rainfall,point_03140
27.91636,96.33392,GSI_INVENTORY,Arunachal Pradesh,,Fall,Heavy rainfall,point_03141
27.91886,96.33156,GSI_INVENTORY,Arunachal Pradesh,,Slide, ,point_03142
27.91897,96.33108,GSI_INVENTORY,Arunachal Pradesh,,Slide,Heavy rainfall,point_03143
27.91669,96.33833,GSI_INVENTORY,Arunachal Pradesh,,Slide,Heavy rainfall,point_03144
27.87825,96.36614,GSI_INVENTORY,Arunachal Pradesh,,Fall,Main factor is the toe  cutting by the river,point_03145
27.87469,96.35986,GSI_INVENTORY,Arunachal Pradesh,,Slide, ,point_03146
27.90467,96.35917,GSI_INVENTORY,Arunachal Pradesh,,Slide,Heavy rainfall,point_03147
27.90581,96.35933,GSI_INVENTORY,Arunachal Pradesh,,Fall,"Anthropogenic acivity, blasting for road cutting.",point_03148
27.90417,96.35869,GSI_INVENTORY,Arunachal Pradesh,,Slide,Rainfall,point_03149
27.90814,96.36028,GSI_INVENTORY,Arunachal Pradesh,,Slide,Heavy rainfall,point_03150
27.90664,96.35964,GSI_INVENTORY,Arunachal Pradesh,,Slide,Heavy rainfall,point_03151
27.90475,96.34811,GSI_INVENTORY,Arunachal Pradesh,,Fall,Heavy rainfall,point_03152
27.90772,96.34517,GSI_INVENTORY,Arunachal Pradesh,,Fall, ,point_03153
27.91164,96.34269,GSI_INVENTORY,Arunachal Pradesh,,Slide,Heavy rainfall,point_03154
27.93967,96.38097,GSI_INVENTORY,Arunachal Pradesh,,Slide, ,point_03155
27.94083,96.38161,GSI_INVENTORY,Arunachal Pradesh,,Subsidence,Heavy rainfall,point_03156
27.89311,96.36336,GSI_INVENTORY,Arunachal Pradesh,,Fall, ,point_03157
27.45877,96.44009,GSI_INVENTORY,Arunachal Pradesh,,Slide,Rainfall,point_03158
27.44981,96.44447,GSI_INVENTORY,Arunachal Pradesh,,Slide,Rainfall,point_03159
27.4532,96.44494,GSI_INVENTORY,Arunachal Pradesh,,Slide,Rainfall,point_03160
27.45522,96.44091,GSI_INVENTORY,Arunachal Pradesh,,Slide,Rainfall,point_03161
27.44718,96.43986,GSI_INVENTORY,Arunachal Pradesh,,Slide,Rainfall,point_03162
27.46066,96.41218,GSI_INVENTORY,Arunachal Pradesh,,Slide,Rainfall,point_03163
27.46785,96.40962,GSI_INVENTORY,Arunachal Pradesh,,Slide,Rainfall,point_03164
27.46073,96.41975,GSI_INVENTORY,Arunachal Pradesh,,Slide,Rainfall,point_03165
27.47661,96.40854,GSI_INVENTORY,Arunachal Pradesh,,Fall,Rainfall,point_03166
27.47914,96.40344,GSI_INVENTORY,Arunachal Pradesh,,Slide,Rainfall,point_03167
27.47629,96.40896,GSI_INVENTORY,Arunachal Pradesh,,Slide,Rainfall,point_03168
27.47441,96.40877,GSI_INVENTORY,Arunachal Pradesh,,Slide,Rainfall,point_03169
27.47022,96.4078,GSI_INVENTORY,Arunachal Pradesh,,Fall,Rainfall,point_03170
27.46614,96.40719,GSI_INVENTORY,Arunachal Pradesh,,Slide,Rainfall,point_03171
27.30553,96.22483,GSI_INVENTORY,Arunachal Pradesh,,Slide,Rainfall,point_03172
27.3159,96.18349,GSI_INVENTORY,Arunachal Pradesh,,Slide,Rainfall,point_03173
27.31334,96.17133,GSI_INVENTORY,Arunachal Pradesh,,Slide,Rainfall,point_03174
27.30901,96.1585,GSI_INVENTORY,Arunachal Pradesh,,Slide,Extensive slope cut,point_03175
27.28292,96.12219,GSI_INVENTORY,Arunachal Pradesh,,Slide,Rainfall,point_03176
27.30295,96.15462,GSI_INVENTORY,Arunachal Pradesh,,Slide,Rainfall,point_03177
27.28813,96.0759,GSI_INVENTORY,Arunachal Pradesh,,Slide,Rainfall,point_03178
27.29268,96.02405,GSI_INVENTORY,Arunachal Pradesh,,Slide,Rainfall,point_03179
27.29897,96.0464,GSI_INVENTORY,Arunachal Pradesh,,Slide,Rainfall,point_03180
27.26868,96.04075,GSI_INVENTORY,Arunachal Pradesh,,Slide,Rainfall,point_03181
27.26897,96.03771,GSI_INVENTORY,Arunachal Pradesh,,Slide,Rainfall,point_03182
27.274,95.97551,GSI_INVENTORY,Arunachal Pradesh,,Slide,Rainfall & Extensive slope cut,point_03183
27.28786,95.97791,GSI_INVENTORY,Arunachal Pradesh,,Slide,Extensive slope cut,point_03184
27.29974,95.98709,GSI_INVENTORY,Arunachal Pradesh,,Slide,Rainfall,point_03185
27.29622,96.01368,GSI_INVENTORY,Arunachal Pradesh,,Slide,Rainfall & Extensive slope cut,point_03186
27.29913,96.01035,GSI_INVENTORY,Arunachal Pradesh,,Slide,Rainfall & Extensive slope cut,point_03187
27.30019,96.01084,GSI_INVENTORY,Arunachal Pradesh,,Slide,Rainfall & Extensive slope cut,point_03188
27.29976,96.01269,GSI_INVENTORY,Arunachal Pradesh,,Slide,Rainfall,point_03189
27.29778,96.00231,GSI_INVENTORY,Arunachal Pradesh,,Slide,Rainfall & Extensive slope cut,point_03190
27.30094,95.99284,GSI_INVENTORY,Arunachal Pradesh,,Slide,Rainfall & Extensive slope cut,point_03191
27.27554,95.96586,GSI_INVENTORY,Arunachal Pradesh,,Slide,Extensive slope cut,point_03192
27.25758,95.93635,GSI_INVENTORY,Arunachal Pradesh,,Slide,Rainfall,point_03193
28.01317,95.23933,GSI_INVENTORY,Arunachal Pradesh,,slide,Rainfall,point_03194
28.02561,95.27118,GSI_INVENTORY,Arunachal Pradesh,,Slide,Rainfall,point_03195
28.03328,95.23538,GSI_INVENTORY,Arunachal Pradesh,,Flow,Rainfall,point_03196
27.45283,95.239,GSI_INVENTORY,Arunachal Pradesh,,slide,Rainfall,point_03197
27.45917,95.23364,GSI_INVENTORY,Arunachal Pradesh,,Slide,Rainfall,point_03198
27.18855,95.70358,GSI_INVENTORY,Arunachal Pradesh,,Slide,Rainfall,point_03199
27.19029,95.71632,GSI_INVENTORY,Arunachal Pradesh,,Rock fall,Rainfall,point_03200
27.18777,95.73201,GSI_INVENTORY,Arunachal Pradesh,,Slide,Rainfall,point_03201
27.1787,95.73522,GSI_INVENTORY,Arunachal Pradesh,,Fall,Rainfall,point_03202
27.13293,95.7098,GSI_INVENTORY,Arunachal Pradesh,,Slide,Rainfall,point_03203
27.1448,95.74257,GSI_INVENTORY,Arunachal Pradesh,,Slide,Rainfall,point_03204
27.14334,95.74303,GSI_INVENTORY,Arunachal Pradesh,,Slide,Rainfall,point_03205
27.16339,95.74668,GSI_INVENTORY,Arunachal Pradesh,,Slide,Rainfall,point_03206
27.17561,95.74993,GSI_INVENTORY,Arunachal Pradesh,,Slide,Rainfall,point_03207
27.17207,95.75455,GSI_INVENTORY,Arunachal Pradesh,,Slide,Rainfall,point_03208
27.16186,95.75772,GSI_INVENTORY,Arunachal Pradesh,,Slide,Rainfall & Extensive slope cut,point_03209
27.16308,95.75477,GSI_INVENTORY,Arunachal Pradesh,,Slide,Rainfall & Extensive slope cut,point_03210
27.15884,95.7503,GSI_INVENTORY,Arunachal Pradesh,,Slide,Rainfall,point_03211
27.16006,95.75492,GSI_INVENTORY,Arunachal Pradesh,,Fall,Rainfall,point_03212
27.15844,95.75529,GSI_INVENTORY,Arunachal Pradesh,,Slide,Rainfall,point_03213
27.15383,95.77545,GSI_INVENTORY,Arunachal Pradesh,,Slide,Rainfall,point_03214
27.15013,95.78021,GSI_INVENTORY,Arunachal Pradesh,,Slide,Rainfall & Extensive slope cut,point_03215
27.12577,95.74559,GSI_INVENTORY,Arunachal Pradesh,,Slide,Rainfall,point_03216
27.11555,95.73334,GSI_INVENTORY,Arunachal Pradesh,,Slide,Rainfall,point_03217
27.11227,95.73613,GSI_INVENTORY,Arunachal Pradesh,,Slide,Rainfall,point_03218
27.08939,95.72985,GSI_INVENTORY,Arunachal Pradesh,,Slide,Rainfall,point_03219
27.09376,95.73181,GSI_INVENTORY,Arunachal Pradesh,,slide,Rainfall,point_03220
27.0611,95.72102,GSI_INVENTORY,Arunachal Pradesh,,Slide,Rainfall,point_03221
27.05719,95.71688,GSI_INVENTORY,Arunachal Pradesh,,Slide,Rainfall,point_03222
27.06836,95.72531,GSI_INVENTORY,Arunachal Pradesh,,Slide,Rainfall,point_03223
27.04388,95.72822,GSI_INVENTORY,Arunachal Pradesh,,Slide,Rainfall,point_03224
27.04785,95.72966,GSI_INVENTORY,Arunachal Pradesh,,Slide,Rainfall,point_03225
27.03991,95.73282,GSI_INVENTORY,Arunachal Pradesh,,Slide,Rainfall,point_03226
26.8859,95.56201,GSI_INVENTORY,Arunachal Pradesh,,Slide,Rainfall,point_03227
26.8975,95.54261,GSI_INVENTORY,Arunachal Pradesh,,Fall,Rainfall,point_03228
26.90429,95.54931,GSI_INVENTORY,Arunachal Pradesh,,Slide,Rainfall,point_03229
26.91982,95.54542,GSI_INVENTORY,Arunachal Pradesh,,Slide,Rainfall,point_03230
26.93923,95.52099,GSI_INVENTORY,Arunachal Pradesh,,Slide,Rainfall,point_03231
26.95217,95.5194,GSI_INVENTORY,Arunachal Pradesh,,Slide,Rainfall,point_03232
27.01938,95.5559,GSI_INVENTORY,Arunachal Pradesh,,Slide,Rainfall,point_03233
26.98432,95.51047,GSI_INVENTORY,Arunachal Pradesh,,Slide,Rainfall,point_03234
27.03212,95.56221,GSI_INVENTORY,Arunachal Pradesh,,Slide,Rainfall,point_03235
27.03634,95.56468,GSI_INVENTORY,Arunachal Pradesh,,Slide,Rainfall,point_03236
27.03507,95.56864,GSI_INVENTORY,Arunachal Pradesh,,Slide,Rainfall,point_03237
27.04625,95.59208,GSI_INVENTORY,Arunachal Pradesh,,Slide,Rainfall,point_03238
27.06185,95.61421,GSI_INVENTORY,Arunachal Pradesh,,Slide,Rainfall,point_03239
27.07221,95.63402,GSI_INVENTORY,Arunachal Pradesh,,Slide,Rainfall,point_03240
27.07443,95.63812,GSI_INVENTORY,Arunachal Pradesh,,Slide,Rainfall,point_03241
27.12241,95.67872,GSI_INVENTORY,Arunachal Pradesh,,Slide,Rainfall,point_03242
27.11525,95.67096,GSI_INVENTORY,Arunachal Pradesh,,Slide,Rainfall,point_03243
27.11662,95.66983,GSI_INVENTORY,Arunachal Pradesh,,Slide,Rainfall,point_03244
27.12287,95.67255,GSI_INVENTORY,Arunachal Pradesh,,Slide,Rainfall,point_03245
27.10575,95.65418,GSI_INVENTORY,Arunachal Pradesh,,Slide,Rainfall,point_03246
27.10262,95.64563,GSI_INVENTORY,Arunachal Pradesh,,Slide,Extensive slope cut,point_03247
27.10216,95.64469,GSI_INVENTORY,Arunachal Pradesh,,Slide,Rainfall,point_03248
27.09971,95.64108,GSI_INVENTORY,Arunachal Pradesh,,Slide,Rainfall,point_03249
27.09597,95.63487,GSI_INVENTORY,Arunachal Pradesh,,Slide,Rainfall,point_03250
27.07918,95.63802,GSI_INVENTORY,Arunachal Pradesh,,Slide,Rainfall,point_03251
27.08305,95.63933,GSI_INVENTORY,Arunachal Pradesh,,Slide,Rainfall,point_03252
27.12922,95.6841,GSI_INVENTORY,Arunachal Pradesh,,Slide,Rainfall,point_03253
27.13113,95.68961,GSI_INVENTORY,Arunachal Pradesh,,Slide,Rainfall,point_03254
27.13279,95.6873,GSI_INVENTORY,Arunachal Pradesh,,Slide,Rainfall,point_03255
26.84962,95.32088,GSI_INVENTORY,Arunachal Pradesh,,Slide,Rainfall,point_03256
26.90444,95.3604,GSI_INVENTORY,Arunachal Pradesh,,Slide,Extensive slope cut,point_03257
26.87859,95.35234,GSI_INVENTORY,Arunachal Pradesh,,Slide,Rainfall,point_03258
26.88188,95.33303,GSI_INVENTORY,Arunachal Pradesh,,Slide,Rainfall,point_03259
26.94343,95.38599,GSI_INVENTORY,Arunachal Pradesh,,Slide,Rainfall & Extensive slope cut,point_03260
26.93604,95.371,GSI_INVENTORY,Arunachal Pradesh,,Slide,Rainfall,point_03261
26.93529,95.37696,GSI_INVENTORY,Arunachal Pradesh,,Slide,Rainfall,point_03262
26.9257,95.37145,GSI_INVENTORY,Arunachal Pradesh,,Slide,Rainfall,point_03263
26.97673,95.4231,GSI_INVENTORY,Arunachal Pradesh,,Slide,Extensive slope cut,point_03264
26.99494,95.47459,GSI_INVENTORY,Arunachal Pradesh,,Slide,Rainfall,point_03265
26.99462,95.48682,GSI_INVENTORY,Arunachal Pradesh,,Slide,Rainfall,point_03266
26.79993,95.30953,GSI_INVENTORY,Arunachal Pradesh,,Slide,Rainfall,point_03267
26.73649,95.26182,GSI_INVENTORY,Arunachal Pradesh,,Slide,Rainfall,point_03268
26.67883,95.19475,GSI_INVENTORY,Nagaland,,Slide,Rainfall,point_03269
26.69317,95.17475,GSI_INVENTORY,Nagaland,,Subsidence,Anthropogenic,point_03270
26.66678,95.20083,GSI_INVENTORY,Nagaland,,Slide,Rainfall,point_03271
26.66692,95.20358,GSI_INVENTORY,Nagaland,,Slide,Rainfall,point_03272
27.2269,95.90539,GSI_INVENTORY,Arunachal Pradesh,,Slide,Rainfall & Extensive slope cut,point_03273
26.41306,95.04828,GSI_INVENTORY,Nagaland,,Slide,Rainfall,point_03274
26.3765,95.01114,GSI_INVENTORY,Nagaland,,Slide,Rainfall,point_03275
26.37175,95.00081,GSI_INVENTORY,Nagaland,,Slide,Rainfall,point_03276
26.37936,95.00344,GSI_INVENTORY,Nagaland,,Slide,Anthropogenic,point_03277
26.37822,95.009,GSI_INVENTORY,Nagaland,,Slide,Anthropogenic,point_03278
26.40908,94.96308,GSI_INVENTORY,Nagaland,,Slide,Heavy rainfall,point_03279
26.41056,94.96194,GSI_INVENTORY,Nagaland,,Slide,Rainfall,point_03280
26.40653,94.95814,GSI_INVENTORY,Nagaland,,Slide,Heavy rainfall,point_03281
26.21203,95.00042,GSI_INVENTORY,Nagaland,,Slide,Anthropogenic,point_03282
26.21686,95.00289,GSI_INVENTORY,Nagaland,,Slide,Rainfall,point_03283
26.21678,95.00614,GSI_INVENTORY,Nagaland,,Slide,Anthropogenic,point_03284
26.21475,95.01067,GSI_INVENTORY,Nagaland,,Slide,Anthropogenic,point_03285
26.22603,95.04339,GSI_INVENTORY,Nagaland,,Slide,Anthropogenic,point_03286
26.223,95.03342,GSI_INVENTORY,Nagaland,,Slide,Anthropogenic,point_03287
26.22353,95.03275,GSI_INVENTORY,Nagaland,,Slide,Anthropogenic,point_03288
26.22108,95.03014,GSI_INVENTORY,Nagaland,,Slide,Anthropogenic,point_03289
26.22003,95.03442,GSI_INVENTORY,Nagaland,,Slide,Anthropogenic,point_03290
26.22939,95.05169,GSI_INVENTORY,Nagaland,,Slide,Anthropogenic,point_03291
26.22986,95.0515,GSI_INVENTORY,Nagaland,,Slide,Rainfall,point_03292
26.24325,95.07317,GSI_INVENTORY,Nagaland,,Slide,Anthropogenic,point_03293
26.25908,95.08597,GSI_INVENTORY,Nagaland,,Slide,Rainfall,point_03294
26.25178,95.07211,GSI_INVENTORY,Nagaland,,Slide,Anthropogenic,point_03295
26.24056,95.06569,GSI_INVENTORY,Nagaland,,Slide,Rainfall,point_03296
26.23944,95.0655,GSI_INVENTORY,Nagaland,,Slide,Anthropogenic,point_03297
26.23906,95.05819,GSI_INVENTORY,Nagaland,,Slide,Anthropogenic,point_03298
26.24075,95.05672,GSI_INVENTORY,Nagaland,,Slide,Rainfall,point_03299
26.24294,95.04842,GSI_INVENTORY,Nagaland,,Fall and slide,Anthropogenic,point_03300
26.26289,95.08467,GSI_INVENTORY,Nagaland,,Slide,Rainfall,point_03301
26.26175,95.10344,GSI_INVENTORY,Nagaland,,Slide,Rainfall,point_03302
26.26033,95.10481,GSI_INVENTORY,Nagaland,,Slide,Rainfall,point_03303
26.25703,95.09953,GSI_INVENTORY,Nagaland,,Slide,Anthropogenic,point_03304
26.25683,95.09664,GSI_INVENTORY,Nagaland,,Slide,Rainfall,point_03305
26.17247,95.04858,GSI_INVENTORY,Nagaland,,Slide,Rainfall,point_03306
26.16856,95.04825,GSI_INVENTORY,Nagaland,,Slide,Anthropogenic,point_03307
26.16378,95.05672,GSI_INVENTORY,Nagaland,,Slide,Anthropogenic,point_03308
26.11486,95.05242,GSI_INVENTORY,Nagaland,,Slide,Anthropogenic,point_03309
26.11758,95.04981,GSI_INVENTORY,Nagaland,,Slide,Rainfall,point_03310
26.11281,95.05194,GSI_INVENTORY,Nagaland,,Slide,Rainfall,point_03311
26.12269,95.07686,GSI_INVENTORY,Nagaland,,Slide,Rainfall,point_03312
26.04161,95.07581,GSI_INVENTORY,Nagaland,,Slide,Rainfall,point_03313
26.04508,95.05483,GSI_INVENTORY,Nagaland,,Slide,Rainfall,point_03314
26.074,95.08383,GSI_INVENTORY,Nagaland,,Slide,Anthropogenic,point_03315
26.07317,95.0785,GSI_INVENTORY,Nagaland,,Slide,Anthropogenic,point_03316
26.10325,95.06036,GSI_INVENTORY,Nagaland,,Slide,Anthropogenic,point_03317
26.09408,95.04339,GSI_INVENTORY,Nagaland,,Slide,Anthropogenic,point_03318
26.09308,95.03628,GSI_INVENTORY,Nagaland,,Slide,Anthropogenic,point_03319
26.06811,95.02597,GSI_INVENTORY,Nagaland,,Slide,Anthropogenic,point_03320
26.06928,95.02381,GSI_INVENTORY,Nagaland,,Slide,Anthropogenic,point_03321
26.08147,95.02625,GSI_INVENTORY,Nagaland,,Slide,Anthropogenic,point_03322
26.06411,95.03975,GSI_INVENTORY,Nagaland,,Fall,Anthropogenic,point_03323
26.06658,95.03336,GSI_INVENTORY,Nagaland,,Slide,Anthropogenic,point_03324
26.13233,95.01675,GSI_INVENTORY,Nagaland,,Slide,Rainfall,point_03325
26.11261,95.03903,GSI_INVENTORY,Nagaland,,Slide,Rainfall,point_03326
26.17628,95.00989,GSI_INVENTORY,Nagaland,,Slide,Rainfall,point_03327
26.16542,95.02044,GSI_INVENTORY,Nagaland,,Slide,Rainfall,point_03328
26.16597,95.02167,GSI_INVENTORY,Nagaland,,Slide,Anthropogenic,point_03329
26.16786,95.02669,GSI_INVENTORY,Nagaland,,Slide,Rainfall,point_03330
26.16911,95.04136,GSI_INVENTORY,Nagaland,,Topple,Anthropogenic,point_03331
26.17589,95.03047,GSI_INVENTORY,Nagaland,,Slide,Rainfall,point_03332
26.17403,95.02972,GSI_INVENTORY,Nagaland,,Slide,Rainfall,point_03333
26.17447,95.02797,GSI_INVENTORY,Nagaland,,Slide,Rainfall,point_03334
26.17392,95.02556,GSI_INVENTORY,Nagaland,,Slide,Rainfall,point_03335
26.17611,95.02364,GSI_INVENTORY,Nagaland,,Slide,Anthropogenic,point_03336
26.19794,95.01597,GSI_INVENTORY,Nagaland,,Slide,Rainfall,point_03337
26.20217,95.01789,GSI_INVENTORY,Nagaland,,Slide,Rainfall,point_03338
26.19622,95.02072,GSI_INVENTORY,Nagaland,,Slide,Anthropogenic,point_03339
26.19633,95.01942,GSI_INVENTORY,Nagaland,,Slide,Rainfall,point_03340
26.19441,95.02036,GSI_INVENTORY,Nagaland,,Slide,Rainfall,point_03341
26.20783,95.00108,GSI_INVENTORY,Nagaland,,Slide,Anthropogenic,point_03342
26.16017,94.87342,GSI_INVENTORY,Nagaland,,Fall,Rainfall,point_03343
26.1669,94.87637,GSI_INVENTORY,Nagaland,,Slide,Rainfall,point_03344
26.18222,94.89138,GSI_INVENTORY,Nagaland,,Slide,Rainfall,point_03345
26.17562,94.8881,GSI_INVENTORY,Nagaland,,Slide,Rainfall,point_03346
26.11013,94.87092,GSI_INVENTORY,Nagaland,,Slide,Rainfall,point_03347
26.02883,94.86399,GSI_INVENTORY,Nagaland,,Slide,Rainfall,point_03348
26.02711,94.84781,GSI_INVENTORY,Nagaland,,Slide,Rainfall,point_03349
26.18096,94.81309,GSI_INVENTORY,Nagaland,,Fall,Rainfall,point_03350
26.1835,94.81289,GSI_INVENTORY,Nagaland,,Fall,Rainfall,point_03351
26.19744,94.85695,GSI_INVENTORY,Nagaland,,Slide,Rainfall,point_03352
26.18549,94.81424,GSI_INVENTORY,Nagaland,,Slide,Rainfall,point_03353
26.18823,94.81299,GSI_INVENTORY,Nagaland,,Slide,Rainfall,point_03354
26.19083,94.81372,GSI_INVENTORY,Nagaland,,Fall,Rainfall,point_03355
26.20006,94.81905,GSI_INVENTORY,Nagaland,,Slide,Rainfall,point_03356
26.20513,94.81163,GSI_INVENTORY,Nagaland,,Slide,Rainfall,point_03357
26.23478,94.78233,GSI_INVENTORY,Nagaland,,Slide,Rainfall,point_03358
26.21031,94.81033,GSI_INVENTORY,Nagaland,,Slide,Rainfall,point_03359
26.21497,94.81206,GSI_INVENTORY,Nagaland,,Slide,Rainfall,point_03360
26.22678,94.80158,GSI_INVENTORY,Nagaland,,Slide,Rainfall,point_03361
26.23344,94.79528,GSI_INVENTORY,Nagaland,,Slide,Rainfall,point_03362
26.23574,94.80501,GSI_INVENTORY,Nagaland,,Slide,Rainfall,point_03363
26.23611,94.80969,GSI_INVENTORY,Nagaland,,Slide,Rainfall,point_03364
26.25111,94.80889,GSI_INVENTORY,Nagaland,,Slide,Rainfall and Anthropogenic,point_03365
26.26056,94.80944,GSI_INVENTORY,Nagaland,,Slide,Rainfall,point_03366
26.27517,94.77047,GSI_INVENTORY,Nagaland,,Slide,Rainfall,point_03367
26.26389,94.81222,GSI_INVENTORY,Nagaland,,Fall,Anthropogenic,point_03368
26.26444,94.81556,GSI_INVENTORY,Nagaland,,Slide,Rainfall and Anthropogenic,point_03369
26.27333,94.83,GSI_INVENTORY,Nagaland,,Slide,Rainfall & Anthropogenic,point_03370
26.27667,94.8275,GSI_INVENTORY,Nagaland,,Slide,"Rainfall, Anthropogenic",point_03371
26.29528,94.83556,GSI_INVENTORY,Nagaland,,Slide,Rainfall,point_03372
26.29306,94.83917,GSI_INVENTORY,Nagaland,,Slide,Anthropogenic,point_03373
26.30056,94.84472,GSI_INVENTORY,Nagaland,,Slide,Rainfall,point_03374
26.25889,94.8175,GSI_INVENTORY,Nagaland,,Slide,"Rainfall, Anthropogenic",point_03375
26.26056,94.81333,GSI_INVENTORY,Nagaland,,Slide,Rainfall,point_03376
26.249,94.81978,GSI_INVENTORY,Nagaland,,Slide,Rainfall,point_03377
26.24139,94.82056,GSI_INVENTORY,Nagaland,,Slide, ,point_03378
26.22045,94.89833,GSI_INVENTORY,Nagaland,,Slide,Rainfall,point_03379
26.23169,94.94106,GSI_INVENTORY,Nagaland,,Slide,Rainfall,point_03380
26.23568,94.942,GSI_INVENTORY,Nagaland,,Slide,Rainfall,point_03381
26.30583,94.87583,GSI_INVENTORY,Nagaland,,Slide,Rainfall and Anthropogenic,point_03382
26.31194,94.87778,GSI_INVENTORY,Nagaland,,Slide,Anthropogenic,point_03383
26.33056,94.87583,GSI_INVENTORY,Nagaland,,Slide,Rainfall and Anthropogenic,point_03384
26.33611,94.86694,GSI_INVENTORY,Nagaland,,Slide,Anthropogenic,point_03385
26.32611,94.86611,GSI_INVENTORY,Nagaland,,Slide,Rainfall & Anthropogenic,point_03386
26.32694,94.89667,GSI_INVENTORY,Nagaland,,Subsidence,Rainfall,point_03387
26.3275,94.91722,GSI_INVENTORY,Nagaland,,Slide,Rainfall & Anthropogenic,point_03388
26.33667,94.9275,GSI_INVENTORY,Nagaland,,Slide,Rainfall and Anthropogenic,point_03389
26.33778,94.92917,GSI_INVENTORY,Nagaland,,Slide,Rainfall & Anthropogenic,point_03390
26.35972,94.93556,GSI_INVENTORY,Nagaland,,Slide,Rainfall,point_03391
26.36056,94.93306,GSI_INVENTORY,Nagaland,,Subsidence,Rainfall & Anthropogenic,point_03392
26.37167,94.94333,GSI_INVENTORY,Nagaland,,Slide,Rainfall,point_03393
26.37306,94.94139,GSI_INVENTORY,Nagaland,,Slide,Rainfall,point_03394
26.37528,94.93639,GSI_INVENTORY,Nagaland,,Subsidence,Rainfall and Anthropogenic,point_03395
26.39094,94.94406,GSI_INVENTORY,Nagaland,,Flow,Heavy rainfall,point_03396
26.39936,94.94553,GSI_INVENTORY,Nagaland,,Flow,Heavy rainfall,point_03397
26.38972,94.92056,GSI_INVENTORY,Nagaland,,Slide,Rainfall and Anthropogenic,point_03398
26.3925,94.91861,GSI_INVENTORY,Nagaland,,Slide,Rainfall and Anthropogenic,point_03399
26.39389,94.91944,GSI_INVENTORY,Nagaland,,Subsidence,Rainfall and Anthropogenic,point_03400
26.40417,94.87028,GSI_INVENTORY,Nagaland,,Subsidence,Rainfall and Anthropogenic,point_03401
26.38778,94.82583,GSI_INVENTORY,Nagaland,,Slide, ,point_03402
26.37639,94.84056,GSI_INVENTORY,Nagaland,,Slide, ,point_03403
26.36083,94.84,GSI_INVENTORY,Nagaland,,Fall, ,point_03404
26.32639,94.85806,GSI_INVENTORY,Nagaland,,Slide,Rainfall,point_03405
26.31778,94.84972,GSI_INVENTORY,Nagaland,,Slide,Rainfall,point_03406
26.34417,94.83333,GSI_INVENTORY,Nagaland,,Slide, ,point_03407
26.37267,94.71375,GSI_INVENTORY,Nagaland,,Slide,Rainfall,point_03408
26.37161,94.70919,GSI_INVENTORY,Nagaland,,Slide,Rainfall,point_03409
26.27028,94.75,GSI_INVENTORY,Nagaland,, , ,point_03410
26.21646,94.68187,GSI_INVENTORY,Nagaland,,Fall,Rainfall,point_03411
26.21004,94.68399,GSI_INVENTORY,Nagaland,,Slide,Rainfall,point_03412
26.25361,94.61664,GSI_INVENTORY,Nagaland,,Slide,Rainfall,point_03413
26.27236,94.58425,GSI_INVENTORY,Nagaland,,Slide,Rainfall,point_03414
26.27203,94.58506,GSI_INVENTORY,Nagaland,,Slide,Rainfall,point_03415
26.27631,94.58375,GSI_INVENTORY,Nagaland,,Slide,Rainfall,point_03416
26.30169,94.61669,GSI_INVENTORY,Nagaland,,Slide,Rainfall,point_03417
26.30347,94.61753,GSI_INVENTORY,Nagaland,,Slide,Rainfall,point_03418
26.30164,94.58836,GSI_INVENTORY,Nagaland,,Fall,Rainfall,point_03419
26.38281,94.66425,GSI_INVENTORY,Nagaland,,Slide,Rainfall,point_03420
26.41269,94.64133,GSI_INVENTORY,Nagaland,,Slide,Rainfall,point_03421
26.38956,94.61667,GSI_INVENTORY,Nagaland,,Slide,Rainfall,point_03422
26.39042,94.61756,GSI_INVENTORY,Nagaland,,Slide,Rainfall,point_03423
26.39136,94.62008,GSI_INVENTORY,Nagaland,,Slide,Rainfall,point_03424
26.39422,94.55347,GSI_INVENTORY,Nagaland,,Slide,Rainfall,point_03425
26.32086,94.55928,GSI_INVENTORY,Nagaland,,Slide,Rainfall,point_03426
26.32081,94.53797,GSI_INVENTORY,Nagaland,,Slide,Rainfall,point_03427
26.32797,94.52739,GSI_INVENTORY,Nagaland,,Slide,Rainfall,point_03428
26.32586,94.52275,GSI_INVENTORY,Nagaland,,Slide,Rainfall,point_03429
26.32717,94.50806,GSI_INVENTORY,Nagaland,,Slide,Rainfall,point_03430
26.36706,94.47286,GSI_INVENTORY,Nagaland,,Slide,Rainfall,point_03431
26.376,94.46339,GSI_INVENTORY,Nagaland,,Slide,Rainfall,point_03432
26.37917,94.44625,GSI_INVENTORY,Nagaland,,Slide,Rainfall,point_03433
26.39425,94.44433,GSI_INVENTORY,Nagaland,,Slide,Rainfall,point_03434
26.39514,94.45119,GSI_INVENTORY,Nagaland,,Slide,Rainfall,point_03435
26.39594,94.46006,GSI_INVENTORY,Nagaland,,Slide,Rainfall,point_03436
26.39539,94.45453,GSI_INVENTORY,Nagaland,,Slide,Rainfall,point_03437
26.39097,94.43811,GSI_INVENTORY,Nagaland,,Slide,Rainfall,point_03438
26.39083,94.43742,GSI_INVENTORY,Nagaland,,Slide,Rainfall,point_03439
26.38903,94.43456,GSI_INVENTORY,Nagaland,,Slide,Rainfall,point_03440
26.32064,94.39881,GSI_INVENTORY,Nagaland,,Slide,Rainfall,point_03441
26.31606,94.40397,GSI_INVENTORY,Nagaland,,Slide,Rainfall,point_03442
26.31881,94.45361,GSI_INVENTORY,Nagaland,,Slide,Rainfall,point_03443
26.28267,94.47567,GSI_INVENTORY,Nagaland,,Slide,Rainfall,point_03444
26.27139,94.45397,GSI_INVENTORY,Nagaland,,Slide,Rainfall,point_03445
26.22211,94.41903,GSI_INVENTORY,Nagaland,,Slide,Rainfall,point_03446
26.21736,94.41942,GSI_INVENTORY,Nagaland,,Slide,Rainfall,point_03447
26.24706,94.47969,GSI_INVENTORY,Nagaland,,Slide,Rainfall,point_03448
26.23286,94.47236,GSI_INVENTORY,Nagaland,,Slide,Rainfall,point_03449
26.23256,94.47289,GSI_INVENTORY,Nagaland,,Slide,Rainfall,point_03450
26.23386,94.4725,GSI_INVENTORY,Nagaland,,Slide,Rainfall,point_03451
26.21942,94.47703,GSI_INVENTORY,Nagaland,,Slide,Rainfall,point_03452
26.22125,94.47806,GSI_INVENTORY,Nagaland,,Slide,Rainfall,point_03453
26.30278,94.50553,GSI_INVENTORY,Nagaland,,Slide,Rainfall,point_03454
26.30175,94.50675,GSI_INVENTORY,Nagaland,,Slide,Rainfall,point_03455
26.2279,94.55032,GSI_INVENTORY,Nagaland,,Slide,Rainfall,point_03456
26.22051,94.5505,GSI_INVENTORY,Nagaland,,Slide,Rainfall,point_03457
26.18548,94.57752,GSI_INVENTORY,Nagaland,,Slide,Rainfall,point_03458
26.19131,94.56961,GSI_INVENTORY,Nagaland,,Slide,Rainfall,point_03459
26.19257,94.55895,GSI_INVENTORY,Nagaland,,Slide,Rainfall,point_03460
26.18971,94.54982,GSI_INVENTORY,Nagaland,,Slide,Rainfall,point_03461
26.1906,94.54951,GSI_INVENTORY,Nagaland,,Slide,Rainfall,point_03462
26.1942,94.55487,GSI_INVENTORY,Nagaland,,Slide,Rainfall,point_03463
26.17923,94.55717,GSI_INVENTORY,Nagaland,,Slide,Rainfall,point_03464
26.14399,94.57986,GSI_INVENTORY,Nagaland,,Fall,Rainfall,point_03465
26.13536,94.50217,GSI_INVENTORY,Nagaland,,Subsidence,Rainfall,point_03466
26.15967,94.4995,GSI_INVENTORY,Nagaland,,Slide,Rainfall,point_03467
26.19853,94.48753,GSI_INVENTORY,Nagaland,,Slide,Rainfall,point_03468
26.19128,94.48483,GSI_INVENTORY,Nagaland,,Slide,Rainfall,point_03469
26.19256,94.48447,GSI_INVENTORY,Nagaland,,Slide,Rainfall,point_03470
26.19631,94.48569,GSI_INVENTORY,Nagaland,,Slide,Rainfall,point_03471
26.19592,94.48653,GSI_INVENTORY,Nagaland,,Slide,Rainfall,point_03472
26.1785,94.41178,GSI_INVENTORY,Nagaland,,Slide,Rainfall,point_03473
26.178,94.41275,GSI_INVENTORY,Nagaland,,Slide,Rainfall,point_03474
26.18206,94.40964,GSI_INVENTORY,Nagaland,,Slide,Rainfall,point_03475
26.18403,94.43136,GSI_INVENTORY,Nagaland,,Slide,Rainfall,point_03476
26.11483,94.39922,GSI_INVENTORY,Nagaland,,Slide,Rainfall,point_03477
26.11264,94.40519,GSI_INVENTORY,Nagaland,,Slide,Rainfall,point_03478
26.08092,94.4817,GSI_INVENTORY,Nagaland,,Slide,Rainfall,point_03479
26.07572,94.48161,GSI_INVENTORY,Nagaland,,Slide,Rainfall,point_03480
26.07378,94.48219,GSI_INVENTORY,Nagaland,,Slide,Rainfall,point_03481
26.07319,94.48214,GSI_INVENTORY,Nagaland,,Slide,Rainfall,point_03482
26.06992,94.41164,GSI_INVENTORY,Nagaland,,Subsidence,Rainfall,point_03483
26.07081,94.40803,GSI_INVENTORY,Nagaland,,Subsidence,Rainfall,point_03484
26.07442,94.42367,GSI_INVENTORY,Nagaland,,Subsidence,Rainfall,point_03485
26.07658,94.43361,GSI_INVENTORY,Nagaland,,Subsidence,Rainfall,point_03486
26.03483,94.458,GSI_INVENTORY,Nagaland,,Slide,Rainfall,point_03487
26.0206,94.50632,GSI_INVENTORY,Nagaland,,Slide,Rainfall,point_03488
26.01108,94.52324,GSI_INVENTORY,Nagaland,,Slide,Rainfall,point_03489
26.01214,94.52367,GSI_INVENTORY,Nagaland,,Slide,Rainfall,point_03490
26.01381,94.53011,GSI_INVENTORY,Nagaland,,Slide,Rainfall,point_03491
26.0415,94.52244,GSI_INVENTORY,Nagaland,,Slide,Rainfall,point_03492
26.04153,94.52324,GSI_INVENTORY,Nagaland,,Slide,Rainfall,point_03493
26.03481,94.51989,GSI_INVENTORY,Nagaland,,Slide,Rainfall,point_03494
26.04166,94.5241,GSI_INVENTORY,Nagaland,,Slide,Rainfall,point_03495
26.04644,94.52619,GSI_INVENTORY,Nagaland,,Fall,Rainfall,point_03496
26.08533,94.49025,GSI_INVENTORY,Nagaland,,Slide,Rainfall,point_03497
26.09433,94.49364,GSI_INVENTORY,Nagaland,,Slide,Rainfall,point_03498
26.07717,94.54231,GSI_INVENTORY,Nagaland,,Slide,Rainfall,point_03499
26.10191,94.53724,GSI_INVENTORY,Nagaland,,Fall,Rainfall,point_03500
26.0856,94.55908,GSI_INVENTORY,Nagaland,,Slide,Rainfall,point_03501
26.08644,94.56467,GSI_INVENTORY,Nagaland,,Slide,Rainfall,point_03502
26.07712,94.55911,GSI_INVENTORY,Nagaland,,Slide,Rainfall,point_03503
26.0331,94.54275,GSI_INVENTORY,Nagaland,,Slide,Rainfall,point_03504
26.03853,94.58648,GSI_INVENTORY,Nagaland,,Slide,Rainfall,point_03505
26.02881,94.63839,GSI_INVENTORY,Nagaland,,Slide,Rainfall,point_03506
26.03179,94.63439,GSI_INVENTORY,Nagaland,,Slide,Rainfall,point_03507
26.03299,94.63364,GSI_INVENTORY,Nagaland,,Slide,Rainfall,point_03508
26.03785,94.63553,GSI_INVENTORY,Nagaland,,Slide,Rainfall,point_03509
26.04929,94.6352,GSI_INVENTORY,Nagaland,,Slide,Rainfall,point_03510
26.14873,94.62696,GSI_INVENTORY,Nagaland,,Slide,Rainfall,point_03511
26.15661,94.62178,GSI_INVENTORY,Nagaland,,Slide,Rainfall,point_03512
26.15494,94.6145,GSI_INVENTORY,Nagaland,,Slide,Rainfall,point_03513
26.15633,94.59361,GSI_INVENTORY,Nagaland,,Slide,Rainfall,point_03514
26.15058,94.60255,GSI_INVENTORY,Nagaland,,Slide,Rainfall,point_03515
26.15034,94.60336,GSI_INVENTORY,Nagaland,,Slide,Rainfall,point_03516
26.15342,94.59082,GSI_INVENTORY,Nagaland,,Slide,Rainfall,point_03517
26.16195,94.59469,GSI_INVENTORY,Nagaland,,Slide,Rainfall,point_03518
26.18228,94.58609,GSI_INVENTORY,Nagaland,,Slide,Rainfall,point_03519
26.16164,94.6215,GSI_INVENTORY,Nagaland,,Slide,Rainfall,point_03520
26.17889,94.63814,GSI_INVENTORY,Nagaland,,Slide,Rainfall,point_03521
26.1434,94.63353,GSI_INVENTORY,Nagaland,,Slide,Rainfall,point_03522
26.13472,94.63164,GSI_INVENTORY,Nagaland,,Fall,Rainfall,point_03523
26.13379,94.63214,GSI_INVENTORY,Nagaland,,Slide,Rainfall,point_03524
26.13961,94.63456,GSI_INVENTORY,Nagaland,,Slide,Rainfall,point_03525
26.12286,94.63839,GSI_INVENTORY,Nagaland,,Slide,Rainfall,point_03526
26.119,94.63764,GSI_INVENTORY,Nagaland,,Slide,Rainfall,point_03527
26.11487,94.63475,GSI_INVENTORY,Nagaland,,Slide,Rainfall,point_03528
26.11153,94.63407,GSI_INVENTORY,Nagaland,,Slide,Rainfall,point_03529
26.11,94.76,GSI_INVENTORY,Assam,,Slide,Rainfall,point_03530
25.96823,94.68436,GSI_INVENTORY,Nagaland,,Slide,Rainfall,point_03531
25.95608,94.71948,GSI_INVENTORY,Nagaland,,Slide,Rainfall,point_03532
25.94889,94.70613,GSI_INVENTORY,Nagaland,,Slide,Rainfall,point_03533
25.9407,94.75097,GSI_INVENTORY,Nagaland,,Slide,Rainfall,point_03534
25.9255,94.76042,GSI_INVENTORY,Nagaland,,Slide,Rainfall,point_03535
25.89624,94.75813,GSI_INVENTORY,Nagaland,,Slide,Rainfall,point_03536
25.84896,94.75531,GSI_INVENTORY,Nagaland,,Slide,Rainfall,point_03537
25.82701,94.73318,GSI_INVENTORY,Nagaland,,Slide,Rainfall,point_03538
25.8287,94.72679,GSI_INVENTORY,Nagaland,,Fall,Rainfall,point_03539
25.82874,94.72831,GSI_INVENTORY,Nagaland,,Fall,Rainfall,point_03540
25.84236,94.70295,GSI_INVENTORY,Nagaland,,Slide,Rainfall,point_03541
25.82159,94.70806,GSI_INVENTORY,Nagaland,,Slide,Rainfall,point_03542
25.88091,94.65354,GSI_INVENTORY,Nagaland,,Fall,Rainfall,point_03543
25.8818,94.65443,GSI_INVENTORY,Nagaland,,Slide,Rainfall,point_03544
25.89511,94.65026,GSI_INVENTORY,Nagaland,,Slide,Rainfall,point_03545
25.89651,94.64633,GSI_INVENTORY,Nagaland,,Slide,Rainfall,point_03546
25.89977,94.64007,GSI_INVENTORY,Nagaland,,Slide,Rainfall,point_03547
25.89882,94.62937,GSI_INVENTORY,Nagaland,,Slide,Rainfall,point_03548
25.88007,94.6281,GSI_INVENTORY,Nagaland,,Slide,Rainfall,point_03549
25.87993,94.63228,GSI_INVENTORY,Nagaland,,Slide,Rainfall,point_03550
25.86708,94.61483,GSI_INVENTORY,Nagaland,,Slide,Rainfall,point_03551
25.89989,94.62405,GSI_INVENTORY,Nagaland,,Slide,Rainfall,point_03552
25.94087,94.58636,GSI_INVENTORY,Nagaland,,Slide,Rainfall,point_03553
25.95464,94.60746,GSI_INVENTORY,Nagaland,,Slide,Rainfall,point_03554
25.92037,94.64174,GSI_INVENTORY,Nagaland,,Slide,Rainfall,point_03555
25.94032,94.65058,GSI_INVENTORY,Nagaland,,Slide,Rainfall,point_03556
25.94106,94.65102,GSI_INVENTORY,Nagaland,,Slide,Rainfall,point_03557
25.94152,94.65241,GSI_INVENTORY,Nagaland,,Slide,Rainfall,point_03558
25.93914,94.64931,GSI_INVENTORY,Nagaland,,Slide,Rainfall,point_03559
25.9645,94.63258,GSI_INVENTORY,Nagaland,,Slide,Rainfall,point_03560
25.96963,94.63417,GSI_INVENTORY,Nagaland,,Slide,Rainfall,point_03561
25.96923,94.63405,GSI_INVENTORY,Nagaland,,Slide,Rainfall,point_03562
26.00219,94.62368,GSI_INVENTORY,Nagaland,,Slide,Rainfall,point_03563
25.96428,94.61959,GSI_INVENTORY,Nagaland,,Slide,Rainfall,point_03564
25.963,94.6141,GSI_INVENTORY,Nagaland,,Slide,Rainfall,point_03565
25.95577,94.60542,GSI_INVENTORY,Nagaland,,Slide,Rainfall,point_03566
25.95805,94.59752,GSI_INVENTORY,Nagaland,,Slide,Rainfall,point_03567
25.99818,94.5975,GSI_INVENTORY,Nagaland,,Slide,Rainfall,point_03568
25.98123,94.57229,GSI_INVENTORY,Nagaland,,Slide,Rainfall,point_03569
25.9899,94.5679,GSI_INVENTORY,Nagaland,,Slide,Rainfall,point_03570
25.96658,94.56581,GSI_INVENTORY,Nagaland,,Slide,Rainfall,point_03571
25.96801,94.57426,GSI_INVENTORY,Nagaland,,Slide,Rainfall,point_03572
25.97053,94.5749,GSI_INVENTORY,Nagaland,,Slide,Rainfall,point_03573
25.98001,94.58075,GSI_INVENTORY,Nagaland,,Slide,Rainfall,point_03574
25.97662,94.57994,GSI_INVENTORY,Nagaland,,Slide,Rainfall,point_03575
25.97174,94.57693,GSI_INVENTORY,Nagaland,,Slide,Rainfall,point_03576
25.96539,94.57143,GSI_INVENTORY,Nagaland,,Slide,Rainfall,point_03577
25.96463,94.57441,GSI_INVENTORY,Nagaland,,Slide,Rainfall,point_03578
25.92277,94.56506,GSI_INVENTORY,Nagaland,,Slide,Rainfall,point_03579
25.97017,94.5038,GSI_INVENTORY,Nagaland,,Slide,Rainfall,point_03580
25.97175,94.50462,GSI_INVENTORY,Nagaland,,Slide,Rainfall,point_03581
25.97264,94.51144,GSI_INVENTORY,Nagaland,,Slide,Rainfall,point_03582
25.97157,94.51165,GSI_INVENTORY,Nagaland,,Slide,Rainfall,point_03583
25.97233,94.50927,GSI_INVENTORY,Nagaland,,Slide,Rainfall,point_03584
25.96674,94.50201,GSI_INVENTORY,Nagaland,,Slide,Rainfall,point_03585
25.97897,94.51206,GSI_INVENTORY,Nagaland,,Slide,Rainfall,point_03586
25.99822,94.50476,GSI_INVENTORY,Nagaland,,Slide,Rainfall,point_03587
25.99034,94.50771,GSI_INVENTORY,Nagaland,,Slide,Rainfall,point_03588
25.99398,94.47447,GSI_INVENTORY,Nagaland,,Slide,Rainfall,point_03589
25.96508,94.42681,GSI_INVENTORY,Nagaland,,Fall,Rainfall,point_03590
25.95272,94.43028,GSI_INVENTORY,Nagaland,,Fall,Rainfall,point_03591
25.91775,94.41503,GSI_INVENTORY,Nagaland,,Fall,Rainfall,point_03592
25.91819,94.40961,GSI_INVENTORY,Nagaland,,Slide,Rainfall,point_03593
25.91092,94.41636,GSI_INVENTORY,Nagaland,,Fall,Rainfall,point_03594
25.90595,94.42741,GSI_INVENTORY,Nagaland,,Slide,Rainfall,point_03595
25.90665,94.42876,GSI_INVENTORY,Nagaland,,Slide,Rainfall,point_03596
25.90647,94.42804,GSI_INVENTORY,Nagaland,,Slide,Rainfall,point_03597
25.90742,94.42952,GSI_INVENTORY,Nagaland,,Slide,Rainfall,point_03598
25.91736,94.45256,GSI_INVENTORY,Nagaland,,Fall,Rainfall,point_03599
25.90915,94.4775,GSI_INVENTORY,Nagaland,,Slide,Rainfall,point_03600
25.87678,94.46203,GSI_INVENTORY,Nagaland,,Slide,Rainfall,point_03601
25.86222,94.45033,GSI_INVENTORY,Nagaland,,Slide,Rainfall,point_03602
25.89304,94.45835,GSI_INVENTORY,Nagaland,,Slide,Rainfall,point_03603
25.85428,94.43247,GSI_INVENTORY,Nagaland,,Fall,Rainfall,point_03604
25.84167,94.43647,GSI_INVENTORY,Nagaland,,Slide,Rainfall,point_03605
25.83936,94.43058,GSI_INVENTORY,Nagaland,,Slide,Rainfall,point_03606
25.83578,94.42978,GSI_INVENTORY,Nagaland,,Slide,Rainfall,point_03607
25.80986,94.42897,GSI_INVENTORY,Nagaland,,Slide,Rainfall,point_03608
25.81096,94.52742,GSI_INVENTORY,Nagaland,,Slide,Rainfall,point_03609
25.83364,94.51833,GSI_INVENTORY,Nagaland,,Slide,Rainfall,point_03610
25.83642,94.52696,GSI_INVENTORY,Nagaland,,Slide,Rainfall,point_03611
25.85046,94.53035,GSI_INVENTORY,Nagaland,,Slide,Rainfall,point_03612
25.85162,94.52821,GSI_INVENTORY,Nagaland,,Slide,Rainfall,point_03613
25.84274,94.503,GSI_INVENTORY,Nagaland,,Slide,Rainfall,point_03614
25.85779,94.52359,GSI_INVENTORY,Nagaland,,Slide,Rainfall,point_03615
25.88609,94.54271,GSI_INVENTORY,Nagaland,,Slide,Rainfall,point_03616
25.71128,94.57994,GSI_INVENTORY,Nagaland,,Slide,Anthropogenic,point_03617
25.78643,94.51958,GSI_INVENTORY,Nagaland,,Slide,Rainfall,point_03618
25.75157,94.48315,GSI_INVENTORY,Nagaland,,Slide,Rainfall,point_03619
25.75689,94.47847,GSI_INVENTORY,Nagaland,,Slide,Rainfall,point_03620
25.76383,94.47989,GSI_INVENTORY,Nagaland,,Slide,Rainfall,point_03621
25.75697,94.47669,GSI_INVENTORY,Nagaland,,Slide,Rainfall,point_03622
25.75642,94.47608,GSI_INVENTORY,Nagaland,,Slide,Rainfall,point_03623
25.78686,94.446,GSI_INVENTORY,Nagaland,,Slide,Rainfall,point_03624
25.79606,94.4315,GSI_INVENTORY,Nagaland,,Slide,Rainfall,point_03625
25.78839,94.43411,GSI_INVENTORY,Nagaland,,Slide,Rainfall,point_03626
25.80236,94.43056,GSI_INVENTORY,Nagaland,,Slide,Rainfall,point_03627
25.79408,94.41594,GSI_INVENTORY,Nagaland,,Slide,Rainfall,point_03628
25.726,94.435,GSI_INVENTORY,Nagaland,,Slide,Rainfall,point_03629
25.75098,94.48306,GSI_INVENTORY,Nagaland,,Slide,Rainfall,point_03630
25.707,94.466,GSI_INVENTORY,Nagaland,,Slide,Rainfall,point_03631
25.706,94.468,GSI_INVENTORY,Nagaland,,Slide,Rainfall,point_03632
25.706,94.466,GSI_INVENTORY,Nagaland,,Slide,Rainfall,point_03633
25.6702,94.456,GSI_INVENTORY,Nagaland,,Slide,Rainfall,point_03634
25.668,94.464,GSI_INVENTORY,Nagaland,,Slide,Heavy rainfall,point_03635
25.662,94.453,GSI_INVENTORY,Nagaland,,Slide, ,point_03636
25.679,94.458,GSI_INVENTORY,Nagaland,,Slide,Rainfall,point_03637
25.696,94.461,GSI_INVENTORY,Nagaland,,Subsidence,Heavy rainfall,point_03638
25.697,94.464,GSI_INVENTORY,Nagaland,,Slide,Rainfall,point_03639
25.695,94.459,GSI_INVENTORY,Nagaland,,Slide,Heavy rainfall,point_03640
25.692,94.444,GSI_INVENTORY,Nagaland,,Slide,Rainfall,point_03641
25.696,94.426,GSI_INVENTORY,Nagaland,,Composite,Rainfall,point_03642
25.6975,94.43,GSI_INVENTORY,Nagaland,,Slide,Rainfall,point_03643
25.699,94.427,GSI_INVENTORY,Nagaland,,Composite,Rainfall,point_03644
25.675,94.397,GSI_INVENTORY,Nagaland,,Slide,Rainfall,point_03645
25.67,94.397,GSI_INVENTORY,Nagaland,,Slide,Rainfall,point_03646
25.657,94.439,GSI_INVENTORY,Nagaland,,Slide, ,point_03647
25.655,94.438,GSI_INVENTORY,Nagaland,,Slide, ,point_03648
25.654,94.438,GSI_INVENTORY,Nagaland,,Slide, ,point_03649
25.649,94.441,GSI_INVENTORY,Nagaland,,Slide,Rainfall,point_03650
25.602,94.427,GSI_INVENTORY,Nagaland,,Slide, ,point_03651
25.603,94.426,GSI_INVENTORY,Nagaland,,Subsidence, ,point_03652
25.646,94.479,GSI_INVENTORY,Nagaland,,Composite,Rainfall,point_03653
25.647,94.481,GSI_INVENTORY,Nagaland,,Subsidence,Heavy rainfall,point_03654
25.62,94.485,GSI_INVENTORY,Nagaland,,Slide,Rainfall,point_03655
25.616,94.484,GSI_INVENTORY,Nagaland,,Slide,Heavy rainfall,point_03656
25.618,94.468,GSI_INVENTORY,Nagaland,,Fall,Rainfall,point_03657
25.614,94.493,GSI_INVENTORY,Nagaland,,Slide,Rainfall,point_03658
25.614,94.496,GSI_INVENTORY,Nagaland,,Fall,Rainfall,point_03659
25.62464,94.50328,GSI_INVENTORY,Nagaland,,Slide,Rainfall,point_03660
25.65056,94.5095,GSI_INVENTORY,Nagaland,,Slide,Anthropogenic,point_03661
25.65011,94.51056,GSI_INVENTORY,Nagaland,,Slide,Rainfall,point_03662
25.651,94.51483,GSI_INVENTORY,Nagaland,,Slide,Anthropogenic,point_03663
25.65153,94.52225,GSI_INVENTORY,Nagaland,,Slide,Anthropogenic,point_03664
25.66842,94.54319,GSI_INVENTORY,Nagaland,,Slide,Anthropogenic,point_03665
25.61008,94.59189,GSI_INVENTORY,Nagaland,,Slide,Rainfall,point_03666
25.61347,94.58333,GSI_INVENTORY,Nagaland,,Slide,Rainfall,point_03667
25.60031,94.61322,GSI_INVENTORY,Nagaland,,Slide,Anthropogenic,point_03668
25.59906,94.61722,GSI_INVENTORY,Nagaland,,Slide,Rainfall,point_03669
25.69222,94.58472,GSI_INVENTORY,Nagaland,,Slide,Anthropogenic,point_03670
25.74789,94.63307,GSI_INVENTORY,Nagaland,,Slide,Rainfall,point_03671
25.76429,94.71409,GSI_INVENTORY,Nagaland,,Slide,Rainfall,point_03672
25.76768,94.70938,GSI_INVENTORY,Nagaland,,Slide,Rainfall,point_03673
25.7578,94.7058,GSI_INVENTORY,Nagaland,,Slide,Rainfall,point_03674
25.69925,94.76183,GSI_INVENTORY,Nagaland,,Slide,Rainfall,point_03675
25.68233,94.76011,GSI_INVENTORY,Nagaland,,Slide,Rainfall,point_03676
25.67494,94.76269,GSI_INVENTORY,Nagaland,,Slide,Rainfall,point_03677
25.67329,94.7597,GSI_INVENTORY,Nagaland,,Slide,Rainfall,point_03678
25.66058,94.75539,GSI_INVENTORY,Nagaland,,Slide,Rainfall,point_03679
25.66019,94.7535,GSI_INVENTORY,Nagaland,,Slide,Rainfall,point_03680
25.65736,94.75028,GSI_INVENTORY,Nagaland,,Slide,Rainfall,point_03681
25.65975,94.74708,GSI_INVENTORY,Nagaland,,Slide,Rainfall,point_03682
25.65236,94.73589,GSI_INVENTORY,Nagaland,,Slide,Rainfall,point_03683
25.65336,94.73433,GSI_INVENTORY,Nagaland,,Slide,Rainfall,point_03684
25.67347,94.71622,GSI_INVENTORY,Nagaland,,Slide,Rainfall,point_03685
25.667,94.71894,GSI_INVENTORY,Nagaland,,Slide,Rainfall,point_03686
25.66222,94.71944,GSI_INVENTORY,Nagaland,,Slide,Rainfall,point_03687
25.641,94.73088,GSI_INVENTORY,Nagaland,,Slide,Rainfall,point_03688
25.64039,94.73244,GSI_INVENTORY,Nagaland,,Slide,Rainfall,point_03689
25.64943,94.73703,GSI_INVENTORY,Nagaland,,Slide,Rainfall,point_03690
25.63394,94.73306,GSI_INVENTORY,Nagaland,,Slide,Rainfall,point_03691
25.63183,94.75014,GSI_INVENTORY,Nagaland,,Slide,Rainfall,point_03692
25.63112,94.7485,GSI_INVENTORY,Nagaland,,Slide,Rainfall,point_03693
25.6375,94.75756,GSI_INVENTORY,Nagaland,,Fall,Anthropogenic,point_03694
25.64006,94.76528,GSI_INVENTORY,Nagaland,,Slide,Rainfall,point_03695
25.613,94.74589,GSI_INVENTORY,Nagaland,,Slide,Rainfall,point_03696
25.61103,94.74717,GSI_INVENTORY,Nagaland,,Slide,Rainfall,point_03697
25.60444,94.76,GSI_INVENTORY,Nagaland,,Slide,Rainfall,point_03698
25.60461,94.76808,GSI_INVENTORY,Nagaland,,Slide,Rainfall,point_03699
25.60506,94.77216,GSI_INVENTORY,Nagaland,,Slide,Rainfall,point_03700
25.6055,94.80083,GSI_INVENTORY,Nagaland,,Slide,Anthropogenic,point_03701
25.60947,94.80611,GSI_INVENTORY,Nagaland,,Slide,Anthropogenic,point_03702
25.62027,94.80103,GSI_INVENTORY,Nagaland,,Slide,Rainfall,point_03703
25.64639,94.76639,GSI_INVENTORY,Nagaland,,Slide,Rainfall,point_03704
25.65264,94.7705,GSI_INVENTORY,Nagaland,,Slide,Rainfall,point_03705
25.70028,94.76722,GSI_INVENTORY,Nagaland,,Slide,Rainfall,point_03706
25.69956,94.77558,GSI_INVENTORY,Nagaland,,Fall,Anthropogenic,point_03707
25.70051,94.77563,GSI_INVENTORY,Nagaland,,Slide,Anthropogenic,point_03708
25.68092,94.79201,GSI_INVENTORY,Nagaland,,Slide, ,point_03709
25.68017,94.83794,GSI_INVENTORY,Nagaland,,Slide,Rainfall,point_03710
25.62683,94.84705,GSI_INVENTORY,Nagaland,,Slide,Rainfall,point_03711
25.62336,94.81927,GSI_INVENTORY,Nagaland,,Slide,Rainfall,point_03712
25.60221,94.82329,GSI_INVENTORY,Nagaland,,Slide,Rainfall,point_03713
25.60103,94.82972,GSI_INVENTORY,Nagaland,,Slide,Rainfall,point_03714
25.60439,94.83958,GSI_INVENTORY,Nagaland,,Slide,Anthropogenic,point_03715
25.6,94.84139,GSI_INVENTORY,Nagaland,,Slide,Rainfall,point_03716
25.60546,94.83908,GSI_INVENTORY,Nagaland,,Slide,Anthropogenic,point_03717
25.60778,94.83794,GSI_INVENTORY,Nagaland,,Slide,Anthropogenic,point_03718
25.60251,94.89121,GSI_INVENTORY,Nagaland,,Slide,Rainfall,point_03719
25.78606,94.93145,GSI_INVENTORY,Nagaland,,Slide,Rainfall,point_03720
25.80161,94.93539,GSI_INVENTORY,Nagaland,,Slide,Rainfall,point_03721
25.78659,94.92278,GSI_INVENTORY,Nagaland,,Slide,Rainfall,point_03722
25.78993,94.84981,GSI_INVENTORY,Nagaland,,Slide,Rainfall,point_03723
25.78986,94.85069,GSI_INVENTORY,Nagaland,,Fall,Rainfall,point_03724
25.78885,94.85631,GSI_INVENTORY,Nagaland,,Slide,Rainfall,point_03725
25.78394,94.85641,GSI_INVENTORY,Nagaland,,Slide,Rainfall,point_03726
25.78669,94.82993,GSI_INVENTORY,Nagaland,,Slide,Rainfall,point_03727
25.78721,94.83428,GSI_INVENTORY,Nagaland,,Slide,Rainfall,point_03728
25.75594,94.84603,GSI_INVENTORY,Nagaland,,Slide,Rainfall,point_03729
25.75146,94.85022,GSI_INVENTORY,Nagaland,,Slide,Rainfall,point_03730
25.74218,94.84292,GSI_INVENTORY,Nagaland,,Slide,Rainfall,point_03731
25.72896,94.7955,GSI_INVENTORY,Nagaland,,Slide,Rainfall,point_03732
25.72964,94.79568,GSI_INVENTORY,Nagaland,,Slide,Rainfall,point_03733
25.71596,94.81083,GSI_INVENTORY,Nagaland,,Slide,Rainfall,point_03734
25.72186,94.78067,GSI_INVENTORY,Nagaland,,Slide,Rainfall,point_03735
25.70094,94.77536,GSI_INVENTORY,Nagaland,,Slide,Anthropogenic,point_03736
25.7345,94.77742,GSI_INVENTORY,Nagaland,,Slide,Rainfall,point_03737
25.73729,94.78784,GSI_INVENTORY,Nagaland,,Slide,Rainfall,point_03738
25.73344,94.78036,GSI_INVENTORY,Nagaland,,Slide,Anthropogenic,point_03739
25.78496,94.78962,GSI_INVENTORY,Nagaland,,Slide,Rainfall,point_03740
25.78631,94.79682,GSI_INVENTORY,Nagaland,,Fall,Rainfall,point_03741
25.78643,94.7963,GSI_INVENTORY,Nagaland,,Fall,Rainfall,point_03742
25.79778,94.77045,GSI_INVENTORY,Nagaland,,Slide,Rainfall,point_03743
25.82761,94.78303,GSI_INVENTORY,Nagaland,,Slide,Rainfall,point_03744
25.82069,94.76735,GSI_INVENTORY,Nagaland,,Slide,Rainfall,point_03745
25.84253,94.78721,GSI_INVENTORY,Nagaland,,Slide,Rainfall,point_03746
25.83859,94.78867,GSI_INVENTORY,Nagaland,,Slide,Rainfall,point_03747
25.82973,94.79259,GSI_INVENTORY,Nagaland,,Slide,Rainfall,point_03748
25.83444,94.79552,GSI_INVENTORY,Nagaland,,Slide,Rainfall,point_03749
25.81895,94.8075,GSI_INVENTORY,Nagaland,,Slide,Rainfall,point_03750
25.81452,94.80611,GSI_INVENTORY,Nagaland,,Slide,Rainfall,point_03751
25.82037,94.82037,GSI_INVENTORY,Nagaland,,Slide,Rainfall,point_03752
25.86155,94.82055,GSI_INVENTORY,Nagaland,,Slide,Rainfall,point_03753
25.90113,94.82785,GSI_INVENTORY,Nagaland,,Slide,Rainfall,point_03754
25.8938,94.82194,GSI_INVENTORY,Nagaland,,Slide,Rainfall,point_03755
25.88753,94.79751,GSI_INVENTORY,Nagaland,,Slide,Rainfall,point_03756
25.88792,94.79556,GSI_INVENTORY,Nagaland,,Slide,Rainfall,point_03757
25.884,94.79271,GSI_INVENTORY,Nagaland,,Fall,Rainfall,point_03758
25.8899,94.81111,GSI_INVENTORY,Nagaland,,Slide,Rainfall,point_03759
25.88667,94.78639,GSI_INVENTORY,Nagaland,,Flow, ,point_03760
25.8873,94.78814,GSI_INVENTORY,Nagaland,,Slide,Rainfall,point_03761
25.9,94.78917,GSI_INVENTORY,Nagaland,,Slide, ,point_03762
25.90549,94.76902,GSI_INVENTORY,Nagaland,,Slide,Rainfall,point_03763
25.90556,94.76848,GSI_INVENTORY,Nagaland,,Slide,Rainfall,point_03764
25.91193,94.79329,GSI_INVENTORY,Nagaland,,Slide,Rainfall,point_03765
25.94005,94.7972,GSI_INVENTORY,Nagaland,,Slide,Rainfall,point_03766
25.94401,94.78941,GSI_INVENTORY,Nagaland,,Fall,Rainfall,point_03767
25.93845,94.7843,GSI_INVENTORY,Nagaland,,Slide,Rainfall,point_03768
25.93465,94.78797,GSI_INVENTORY,Nagaland,,Slide,Rainfall,point_03769
25.96269,94.81697,GSI_INVENTORY,Nagaland,,Slide,Rainfall,point_03770
25.96249,94.81867,GSI_INVENTORY,Nagaland,,Slide,Rainfall,point_03771
25.97146,94.81839,GSI_INVENTORY,Nagaland,,Slide,Rainfall,point_03772
25.91593,94.82499,GSI_INVENTORY,Nagaland,,Slide,Rainfall,point_03773
25.91534,94.82831,GSI_INVENTORY,Nagaland,,Slide,Rainfall,point_03774
25.91509,94.844,GSI_INVENTORY,Nagaland,,Slide,Rainfall,point_03775
25.91425,94.84149,GSI_INVENTORY,Nagaland,,Slide,Rainfall,point_03776
25.91969,94.83917,GSI_INVENTORY,Nagaland,,Slide,Rainfall,point_03777
25.92081,94.83889,GSI_INVENTORY,Nagaland,,Slide,Rainfall,point_03778
25.87244,94.95007,GSI_INVENTORY,Nagaland,,Slide,Rainfall,point_03779
25.87852,94.94737,GSI_INVENTORY,Nagaland,,Slide,Rainfall,point_03780
25.87818,94.94694,GSI_INVENTORY,Nagaland,,Slide,Rainfall,point_03781
25.88311,94.91911,GSI_INVENTORY,Nagaland,,Slide,Rainfall,point_03782
25.82893,94.89808,GSI_INVENTORY,Nagaland,,Slide,Rainfall,point_03783
25.82066,94.91264,GSI_INVENTORY,Nagaland,,Slide,Rainfall,point_03784
25.8274,94.90731,GSI_INVENTORY,Nagaland,,Slide,Rainfall,point_03785
25.82711,94.90764,GSI_INVENTORY,Nagaland,,Slide,Rainfall,point_03786
25.84819,94.91617,GSI_INVENTORY,Nagaland,,Slide,Rainfall,point_03787
25.84995,94.9167,GSI_INVENTORY,Nagaland,,Fall,Rainfall,point_03788
25.80491,94.93247,GSI_INVENTORY,Nagaland,,Slide,Rainfall,point_03789
25.81482,94.95035,GSI_INVENTORY,Nagaland,,Slide,Rainfall,point_03790
25.81462,94.97182,GSI_INVENTORY,Nagaland,,Slide,Rainfall,point_03791
25.8149,94.9703,GSI_INVENTORY,Nagaland,,Slide,Rainfall,point_03792
25.81306,94.97145,GSI_INVENTORY,Nagaland,,Slide,Rainfall,point_03793
25.81427,94.96893,GSI_INVENTORY,Nagaland,,Slide,Rainfall,point_03794
25.81329,94.96822,GSI_INVENTORY,Nagaland,,Slide,Rainfall,point_03795
25.81716,94.97597,GSI_INVENTORY,Nagaland,,Slide,Rainfall,point_03796
25.88149,94.96252,GSI_INVENTORY,Nagaland,,Slide,Rainfall,point_03797
25.79213,94.95655,GSI_INVENTORY,Nagaland,,Slide,Rainfall,point_03798
25.78986,94.95825,GSI_INVENTORY,Nagaland,,Slide,Rainfall,point_03799
25.79333,94.95801,GSI_INVENTORY,Nagaland,,Slide,Rainfall,point_03800
25.78838,94.96105,GSI_INVENTORY,Nagaland,,Slide,Rainfall,point_03801
25.57022,94.87728,GSI_INVENTORY,Nagaland,,Slide,Rainfall,point_03802
25.581,94.86369,GSI_INVENTORY,Nagaland,,Slide,Rainfall,point_03803
25.58881,94.85943,GSI_INVENTORY,Nagaland,,Slide,Rainfall,point_03804
25.59333,94.85519,GSI_INVENTORY,Nagaland,,Slide,Rainfall,point_03805
25.59508,94.85778,GSI_INVENTORY,Nagaland,,Slide,Rainfall,point_03806
25.58778,94.85872,GSI_INVENTORY,Nagaland,,Slide,Rainfall,point_03807
25.58639,94.85822,GSI_INVENTORY,Nagaland,,Slide,Rainfall,point_03808
25.59464,94.84244,GSI_INVENTORY,Nagaland,,Slide,Anthropogenic,point_03809
25.59717,94.84203,GSI_INVENTORY,Nagaland,,Slide,Anthropogenic,point_03810
25.59014,94.84633,GSI_INVENTORY,Nagaland,,Slide,Rainfall,point_03811
25.58547,94.84683,GSI_INVENTORY,Nagaland,,Slide,Rainfall,point_03812
25.58415,94.8582,GSI_INVENTORY,Nagaland,,Slide,Rainfall,point_03813
25.58194,94.85814,GSI_INVENTORY,Nagaland,,Slide,Rainfall,point_03814
25.59378,94.82239,GSI_INVENTORY,Nagaland,,Slide,Rainfall,point_03815
25.59394,94.81092,GSI_INVENTORY,Nagaland,,Slide,Rainfall,point_03816
25.58452,94.79234,GSI_INVENTORY,Nagaland,,Slide,Rainfall,point_03817
25.59611,94.78544,GSI_INVENTORY,Nagaland,,Slide,Rainfall,point_03818
25.58839,94.78825,GSI_INVENTORY,Nagaland,,Slide,Rainfall,point_03819
25.59778,94.767,GSI_INVENTORY,Nagaland,,Slide,Rainfall,point_03820
25.58269,94.78514,GSI_INVENTORY,Nagaland,,Slide,Rainfall,point_03821
25.58181,94.78483,GSI_INVENTORY,Nagaland,,Slide,Rainfall,point_03822
25.58369,94.78564,GSI_INVENTORY,Nagaland,,Slide,Rainfall,point_03823
25.57644,94.78556,GSI_INVENTORY,Nagaland,,Slide,Rainfall,point_03824
25.57206,94.78497,GSI_INVENTORY,Nagaland,,Slide,Rainfall,point_03825
25.56853,94.78481,GSI_INVENTORY,Nagaland,,Slide,Rainfall,point_03826
25.56139,94.78389,GSI_INVENTORY,Nagaland,,Slide,Rainfall,point_03827
25.56131,94.78078,GSI_INVENTORY,Nagaland,,Slide,Rainfall,point_03828
25.5619,94.77818,GSI_INVENTORY,Nagaland,,Slide,Rainfall,point_03829
25.56861,94.78308,GSI_INVENTORY,Nagaland,,Slide,Rainfall,point_03830
25.56694,94.77322,GSI_INVENTORY,Nagaland,,Slide,Rainfall,point_03831
25.56084,94.77321,GSI_INVENTORY,Nagaland,,Slide,Rainfall,point_03832
25.55921,94.76998,GSI_INVENTORY,Nagaland,,Slide,Rainfall,point_03833
25.55506,94.76861,GSI_INVENTORY,Nagaland,,Subsidence,Rainfall,point_03834
25.09203,94.64066,GSI_INVENTORY,Manipur,,Slide,Rainfall,point_03835
25.06589,94.63214,GSI_INVENTORY,Manipur,,Slide,Rainfall,point_03836
25.06719,94.63297,GSI_INVENTORY,Manipur,,Slide,Anthropogenic,point_03837
25.06686,94.6325,GSI_INVENTORY,Manipur,,Slide,Anthropogenic,point_03838
25.06483,94.64392,GSI_INVENTORY,Manipur,,Slide,Anthropogenic,point_03839
25.06444,94.62028,GSI_INVENTORY,Manipur,,Slide,Anthropogenic,point_03840
25.05519,94.59952,GSI_INVENTORY,Manipur,,Slide,Rainfall,point_03841
25.056,94.60067,GSI_INVENTORY,Manipur,,Slide,Anthropogenic,point_03842
25.05986,94.58489,GSI_INVENTORY,Manipur,,Slide,Anthropogenic,point_03843
25.05936,94.58636,GSI_INVENTORY,Manipur,,Slide,Anthropogenic,point_03844
25.06317,94.61439,GSI_INVENTORY,Manipur,,Slide,Anthropogenic,point_03845
25.06386,94.61497,GSI_INVENTORY,Manipur,,Slide,Anthropogenic,point_03846
25.06222,94.61475,GSI_INVENTORY,Manipur,,Slide,Anthropogenic,point_03847
24.99183,94.60331,GSI_INVENTORY,Manipur,,Slide,Rainfall,point_03848
24.81261,94.58128,GSI_INVENTORY,Manipur,,Slide,Rainfall,point_03849
24.88489,94.61322,GSI_INVENTORY,Manipur,,Slide,Rainfall,point_03850
24.88439,94.60131,GSI_INVENTORY,Manipur,,Slide,Rainfall,point_03851
24.87081,94.59111,GSI_INVENTORY,Manipur,,Slide,Rainfall,point_03852
24.8705,94.58994,GSI_INVENTORY,Manipur,,Slide,Rainfall,point_03853
24.87003,94.58878,GSI_INVENTORY,Manipur,,Slide,Rainfall,point_03854
24.86992,94.59242,GSI_INVENTORY,Manipur,,Slide,Rainfall,point_03855
24.88853,94.60169,GSI_INVENTORY,Manipur,,Slide,Rainfall,point_03856
24.8905,94.60706,GSI_INVENTORY,Manipur,,Slide,Rainfall,point_03857
24.88772,94.61019,GSI_INVENTORY,Manipur,,Slide,Rainfall,point_03858
24.98583,94.60825,GSI_INVENTORY,Manipur,,Slide,Rainfall,point_03859
24.98025,94.61397,GSI_INVENTORY,Manipur,,Slide,Rainfall,point_03860
24.97814,94.61486,GSI_INVENTORY,Manipur,,Slide,Rainfall,point_03861
24.96469,94.6175,GSI_INVENTORY,Manipur,,Slide,Rainfall,point_03862
24.97017,94.618,GSI_INVENTORY,Manipur,,Slide,Rainfall,point_03863
24.95883,94.61892,GSI_INVENTORY,Manipur,,Slide,Rainfall,point_03864
24.93836,94.54956,GSI_INVENTORY,Manipur,,Slide,Anthropogenic,point_03865
24.93917,94.54889,GSI_INVENTORY,Manipur,,Slide,Anthropogenic,point_03866
24.94225,94.54106,GSI_INVENTORY,Manipur,,Slide,Anthropogenic,point_03867
24.94408,94.53867,GSI_INVENTORY,Manipur,,Slide,Anthropogenic,point_03868
24.94808,94.53556,GSI_INVENTORY,Manipur,,Slide,Anthropogenic,point_03869
24.95733,94.50075,GSI_INVENTORY,Manipur,,Slide,Anthropogenic,point_03870
24.95489,94.49347,GSI_INVENTORY,Manipur,,Slide,Rainfall,point_03871
24.95625,94.52008,GSI_INVENTORY,Manipur,,Slide,Anthropogenic,point_03872
24.95608,94.52228,GSI_INVENTORY,Manipur,,Slide,Anthropogenic,point_03873
24.952,94.52903,GSI_INVENTORY,Manipur,,Slide,Anthropogenic,point_03874
24.94806,94.53478,GSI_INVENTORY,Manipur,,Slide,Anthropogenic,point_03875
24.92006,94.56878,GSI_INVENTORY,Manipur,,Slide,Anthropogenic,point_03876
24.91992,94.56711,GSI_INVENTORY,Manipur,,Slide,Anthropogenic,point_03877
24.92117,94.56336,GSI_INVENTORY,Manipur,,Slide,Anthropogenic,point_03878
24.92453,94.55983,GSI_INVENTORY,Manipur,,Slide,Anthropogenic,point_03879
24.91761,94.57656,GSI_INVENTORY,Manipur,,Slide,Rainfall,point_03880
24.91581,94.57822,GSI_INVENTORY,Manipur,,Slide,Anthropogenic,point_03881
24.87189,94.58042,GSI_INVENTORY,Manipur,,Slide,Rainfall,point_03882
24.86714,94.56689,GSI_INVENTORY,Manipur,,Slide,Rainfall,point_03883
24.8155,94.57222,GSI_INVENTORY,Manipur,,Slide,Rainfall,point_03884
24.81478,94.54964,GSI_INVENTORY,Manipur,,Slide,Anthropogenic,point_03885
24.81425,94.55203,GSI_INVENTORY,Manipur,,Slide,Anthropogenic,point_03886
24.82636,94.5255,GSI_INVENTORY,Manipur,,Slide,Anthropogenic,point_03887
24.81703,94.53453,GSI_INVENTORY,Manipur,,Slide,Anthropogenic,point_03888
24.80642,94.50578,GSI_INVENTORY,Manipur,,Slide,Rainfall,point_03889
24.82103,94.50425,GSI_INVENTORY,Manipur,,Slide,Anthropogenic,point_03890
24.81794,94.50447,GSI_INVENTORY,Manipur,,Subsidence,Anthropogenic,point_03891
24.84194,94.51297,GSI_INVENTORY,Manipur,,Slide,Anthropogenic,point_03892
24.83561,94.51972,GSI_INVENTORY,Manipur,,Slide,Anthropogenic,point_03893
24.797,94.40903,GSI_INVENTORY,Manipur,,Slide,rainfall,point_03894
24.79642,94.39879,GSI_INVENTORY,Manipur,,Slide,rainfall,point_03895
24.79808,94.40614,GSI_INVENTORY,Manipur,,Slide,anthropogenic,point_03896
24.93263,94.41742,GSI_INVENTORY,Manipur,,Slide,rainfall,point_03897
24.90633,94.48292,GSI_INVENTORY,Manipur,,Slide,Rainfall,point_03898
24.90989,94.48678,GSI_INVENTORY,Manipur,,Slide,Rainfall,point_03899
24.91608,94.48689,GSI_INVENTORY,Manipur,,Slide,Rainfall,point_03900
24.93434,94.46009,GSI_INVENTORY,Manipur,,Slide,Rainfall,point_03901
24.91975,94.46192,GSI_INVENTORY,Manipur,,Slide,Rainfall,point_03902
24.91475,94.46494,GSI_INVENTORY,Manipur,,Slide,Rainfall,point_03903
24.94326,94.45779,GSI_INVENTORY,Manipur,,Slide,Rainfall,point_03904
24.94927,94.47343,GSI_INVENTORY,Manipur,,Slide,Rainfall,point_03905
24.94867,94.4835,GSI_INVENTORY,Manipur,,Slide,Rainfall,point_03906
24.95826,94.47386,GSI_INVENTORY,Manipur,,Slide,Rainfall,point_03907
24.9573,94.47334,GSI_INVENTORY,Manipur,,Slide,Rainfall,point_03908
24.95721,94.47362,GSI_INVENTORY,Manipur,,Slide,Rainfall,point_03909
24.96948,94.48308,GSI_INVENTORY,Manipur,,Slide,Rainfall,point_03910
25.03378,94.43625,GSI_INVENTORY,Manipur,,Slide,Rainfall,point_03911
25.03328,94.43181,GSI_INVENTORY,Manipur,,Subsidence,Rainfall,point_03912
25.02733,94.42358,GSI_INVENTORY,Manipur,,Slide,Rainfall,point_03913
25.02036,94.4095,GSI_INVENTORY,Manipur,,Subsidence,Rainfall,point_03914
25.02311,94.44936,GSI_INVENTORY,Manipur,,Slide,Rainfall,point_03915
25.01211,94.46483,GSI_INVENTORY,Manipur,,Slide,Rainfall,point_03916
25.00792,94.45297,GSI_INVENTORY,Manipur,,Slide,Rainfall,point_03917
25.06039,94.53547,GSI_INVENTORY,Manipur,,Slide,Anthropogenic,point_03918
25.05194,94.55111,GSI_INVENTORY,Manipur,,Slide,Anthropogenic,point_03919
25.05283,94.55108,GSI_INVENTORY,Manipur,,Slide,Anthropogenic,point_03920
25.054,94.55097,GSI_INVENTORY,Manipur,,Slide,Anthropogenic,point_03921
25.05492,94.55131,GSI_INVENTORY,Manipur,,Slide,Rainfall,point_03922
25.0565,94.55153,GSI_INVENTORY,Manipur,,Slide,Anthropogenic,point_03923
25.06147,94.54969,GSI_INVENTORY,Manipur,,Slide,Rainfall,point_03924
25.05956,94.55061,GSI_INVENTORY,Manipur,,Slide,Anthropogenic,point_03925
25.05883,94.55125,GSI_INVENTORY,Manipur,,Slide,Anthropogenic,point_03926
25.05125,94.55611,GSI_INVENTORY,Manipur,,Slide,Anthropogenic,point_03927
25.05069,94.55514,GSI_INVENTORY,Manipur,,Slide,Rainfall,point_03928
25.05042,94.55117,GSI_INVENTORY,Manipur,,Slide,Anthropogenic,point_03929
25.049,94.55103,GSI_INVENTORY,Manipur,,Slide,Rainfall,point_03930
25.06283,94.57772,GSI_INVENTORY,Manipur,,Slide,Rainfall,point_03931
25.05528,94.56786,GSI_INVENTORY,Manipur,,Slide,Anthropogenic,point_03932
25.05528,94.56436,GSI_INVENTORY,Manipur,,Slide,Rainfall,point_03933
25.08231,94.55172,GSI_INVENTORY,Manipur,,Slide,Anthropogenic,point_03934
25.08278,94.55069,GSI_INVENTORY,Manipur,,Slide,Anthropogenic,point_03935
25.07936,94.54967,GSI_INVENTORY,Manipur,,Slide,Anthropogenic,point_03936
25.08136,94.55228,GSI_INVENTORY,Manipur,,Slide,Anthropogenic,point_03937
25.06506,94.54458,GSI_INVENTORY,Manipur,,Slide,Anthropogenic,point_03938
25.06981,94.54167,GSI_INVENTORY,Manipur,,Slide,Rainfall,point_03939
25.06931,94.53653,GSI_INVENTORY,Manipur,,Slide,Anthropogenic,point_03940
25.06464,94.534,GSI_INVENTORY,Manipur,,Slide,Rainfall,point_03941
25.05472,94.52653,GSI_INVENTORY,Manipur,,Slide,Anthropogenic,point_03942
25.05494,94.53053,GSI_INVENTORY,Manipur,,Slide,Rainfall,point_03943
25.05717,94.53219,GSI_INVENTORY,Manipur,,Slide,Anthropogenic,point_03944
25.05736,94.53308,GSI_INVENTORY,Manipur,,Slide,Anthropogenic,point_03945
25.08161,94.50633,GSI_INVENTORY,Manipur,,Slide,Rainfall,point_03946
25.08325,94.50364,GSI_INVENTORY,Manipur,,Slide,Anthropogenic,point_03947
25.08369,94.50228,GSI_INVENTORY,Manipur,,Slide,Rainfall,point_03948
25.10125,94.51081,GSI_INVENTORY,Manipur,,Slide,Rainfall,point_03949
25.10311,94.53208,GSI_INVENTORY,Manipur,,Slide,Anthropogenic,point_03950
25.10353,94.53172,GSI_INVENTORY,Manipur,,Slide,Anthropogenic,point_03951
25.10197,94.5125,GSI_INVENTORY,Manipur,,Slide,Anthropogenic,point_03952
25.09825,94.51378,GSI_INVENTORY,Manipur,,Slide,Anthropogenic,point_03953
25.09608,94.51581,GSI_INVENTORY,Manipur,,Slide,Anthropogenic,point_03954
25.09317,94.51661,GSI_INVENTORY,Manipur,,Slide,Anthropogenic,point_03955
25.09433,94.52253,GSI_INVENTORY,Manipur,,Slide,Rainfall,point_03956
25.09561,94.52294,GSI_INVENTORY,Manipur,,Slide,Rainfall,point_03957
25.10089,94.52656,GSI_INVENTORY,Manipur,,Slide,Anthropogenic,point_03958
25.09642,94.53178,GSI_INVENTORY,Manipur,,Slide,Anthropogenic,point_03959
25.09661,94.55103,GSI_INVENTORY,Manipur,,Slide,Anthropogenic,point_03960
25.0948,94.54746,GSI_INVENTORY,Manipur,,Slide,Rainfall,point_03961
25.09506,94.54772,GSI_INVENTORY,Manipur,,Slide,Anthropogenic,point_03962
25.09174,94.55044,GSI_INVENTORY,Manipur,,Slide,Rainfall,point_03963
25.09186,94.55079,GSI_INVENTORY,Manipur,,Slide,Rainfall,point_03964
25.17919,94.52653,GSI_INVENTORY,Manipur,,Slide,Anthropogenic,point_03965
25.17931,94.52633,GSI_INVENTORY,Manipur,,Slide,Anthropogenic,point_03966
25.18119,94.52486,GSI_INVENTORY,Manipur,,Slide,Rainfall,point_03967
25.18153,94.52369,GSI_INVENTORY,Manipur,,Slide,Anthropogenic,point_03968
25.18231,94.52333,GSI_INVENTORY,Manipur,,Slide,Rainfall,point_03969
25.18861,94.52092,GSI_INVENTORY,Manipur,,Slide,Rainfall,point_03970
25.18589,94.52094,GSI_INVENTORY,Manipur,,Slide,Anthropogenic,point_03971
25.18639,94.52025,GSI_INVENTORY,Manipur,,Slide,Rainfall,point_03972
25.18425,94.52267,GSI_INVENTORY,Manipur,,Slide,Anthropogenic,point_03973
25.18222,94.52233,GSI_INVENTORY,Manipur,,Slide,Rainfall,point_03974
25.17842,94.52725,GSI_INVENTORY,Manipur,,Slide,Anthropogenic,point_03975
25.18286,94.50517,GSI_INVENTORY,Manipur,,Slide,Rainfall,point_03976
25.18089,94.50461,GSI_INVENTORY,Manipur,,Slide,Rainfall,point_03977
25.18172,94.50492,GSI_INVENTORY,Manipur,,Slide,Rainfall,point_03978
25.15519,94.46128,GSI_INVENTORY,Manipur,,Slide,Rainfall,point_03979
25.15372,94.46192,GSI_INVENTORY,Manipur,,Slide,Rainfall,point_03980
25.15836,94.46147,GSI_INVENTORY,Manipur,,Slide,Rainfall,point_03981
25.09919,94.46072,GSI_INVENTORY,Manipur,,Slide,Rainfall,point_03982
25.12617,94.45628,GSI_INVENTORY,Manipur,,Slide,Rainfall,point_03983
25.13461,94.46072,GSI_INVENTORY,Manipur,,Slide,Rainfall,point_03984
25.12772,94.44942,GSI_INVENTORY,Manipur,,Slide,Rainfall,point_03985
25.12842,94.44064,GSI_INVENTORY,Manipur,,Slide,Rainfall,point_03986
25.12819,94.44042,GSI_INVENTORY,Manipur,,Slide,Rainfall,point_03987
25.39239,94.45433,GSI_INVENTORY,Manipur,,Slide,Rainfall,point_03988
25.38964,94.45703,GSI_INVENTORY,Manipur,,Subsidence,Rainfall,point_03989
25.31586,94.50414,GSI_INVENTORY,Manipur,,Slide,Rainfall,point_03990
25.31664,94.50428,GSI_INVENTORY,Manipur,,Slide,Rainfall,point_03991
25.31544,94.50442,GSI_INVENTORY,Manipur,,Slide,Rainfall,point_03992
25.31497,94.5065,GSI_INVENTORY,Manipur,,Slide,Rainfall,point_03993
25.31267,94.50911,GSI_INVENTORY,Manipur,,Slide,Rainfall,point_03994
25.313,94.50975,GSI_INVENTORY,Manipur,,Slide,Rainfall,point_03995
25.32519,94.51186,GSI_INVENTORY,Manipur,,Slide,Rainfall,point_03996
25.32578,94.51569,GSI_INVENTORY,Manipur,,Slide,Rainfall,point_03997
25.32419,94.52028,GSI_INVENTORY,Manipur,,Slide,Anthropogenic,point_03998
25.32186,94.52384,GSI_INVENTORY,Manipur,,Slide,Rainfall,point_03999
25.32356,94.52558,GSI_INVENTORY,Manipur,,Slide,Rainfall,point_04000
25.32931,94.52464,GSI_INVENTORY,Manipur,,Slide,Rainfall,point_04001
25.3375,94.52781,GSI_INVENTORY,Manipur,,Slide,Anthropogenic,point_04002
25.33208,94.52664,GSI_INVENTORY,Manipur,,Slide,Rainfall,point_04003
25.32672,94.51008,GSI_INVENTORY,Manipur,,Slide,Rainfall,point_04004
25.32589,94.51131,GSI_INVENTORY,Manipur,,Slide,Rainfall,point_04005
25.32486,94.50986,GSI_INVENTORY,Manipur,,Flow,Rainfall,point_04006
25.32019,94.50447,GSI_INVENTORY,Manipur,,Slide,Rainfall,point_04007
25.31939,94.50425,GSI_INVENTORY,Manipur,,Slide,Rainfall,point_04008
25.36039,94.52992,GSI_INVENTORY,Manipur,,Slide,Anthropogenic,point_04009
25.35928,94.52781,GSI_INVENTORY,Manipur,,Slide,Anthropogenic,point_04010
25.35658,94.52531,GSI_INVENTORY,Manipur,,Slide,Anthropogenic,point_04011
25.35631,94.52522,GSI_INVENTORY,Manipur,,Slide,Anthropogenic,point_04012
25.38806,94.55008,GSI_INVENTORY,Manipur,,Slide,Rainfall,point_04013
25.39467,94.54892,GSI_INVENTORY,Manipur,,Slide,Anthropogenic,point_04014
25.37364,94.55533,GSI_INVENTORY,Manipur,,Slide,Anthropogenic,point_04015
25.26181,94.54694,GSI_INVENTORY,Manipur,,Slide,Rainfall,point_04016
25.25922,94.54742,GSI_INVENTORY,Manipur,,Slide,Rainfall,point_04017
25.25997,94.54381,GSI_INVENTORY,Manipur,,Slide,Rainfall,point_04018
25.26372,94.54483,GSI_INVENTORY,Manipur,,Slide,Rainfall,point_04019
25.26428,94.54361,GSI_INVENTORY,Manipur,,Slide,Rainfall,point_04020
25.26539,94.54147,GSI_INVENTORY,Manipur,,Slide,Rainfall,point_04021
25.27325,94.55542,GSI_INVENTORY,Manipur,,Slide,Rainfall,point_04022
25.27622,94.55589,GSI_INVENTORY,Manipur,,Slide,Rainfall,point_04023
25.28731,94.53983,GSI_INVENTORY,Manipur,,Slide,Rainfall,point_04024
25.28842,94.53953,GSI_INVENTORY,Manipur,,Slide,Rainfall,point_04025
25.28914,94.53942,GSI_INVENTORY,Manipur,,Slide,Rainfall,point_04026
25.28694,94.53136,GSI_INVENTORY,Manipur,,Slide,Rainfall,point_04027
25.28772,94.53058,GSI_INVENTORY,Manipur,,Slide,Rainfall,point_04028
25.28761,94.5295,GSI_INVENTORY,Manipur,,Slide,Rainfall,point_04029
25.28981,94.52564,GSI_INVENTORY,Manipur,,Slide,Rainfall,point_04030
25.28989,94.52531,GSI_INVENTORY,Manipur,,Slide,Rainfall,point_04031
25.28925,94.52686,GSI_INVENTORY,Manipur,,Slide,Rainfall,point_04032
25.28806,94.52781,GSI_INVENTORY,Manipur,,Slide,Rainfall,point_04033
25.28733,94.52833,GSI_INVENTORY,Manipur,,Slide,Rainfall,point_04034
25.39492,94.63011,GSI_INVENTORY,Manipur,,Slide,Anthropogenic,point_04035
25.39436,94.62822,GSI_INVENTORY,Manipur,,Slide,Anthropogenic,point_04036
25.40767,94.58722,GSI_INVENTORY,Manipur,,Slide,Anthropogenic,point_04037
25.40922,94.58939,GSI_INVENTORY,Manipur,,Slide,Anthropogenic,point_04038
25.40914,94.59214,GSI_INVENTORY,Manipur,,Slide,Anthropogenic,point_04039
25.40931,94.59642,GSI_INVENTORY,Manipur,,Slide,Anthropogenic,point_04040
25.40797,94.59692,GSI_INVENTORY,Manipur,,Slide,Anthropogenic,point_04041
25.41067,94.59836,GSI_INVENTORY,Manipur,,Slide,Anthropogenic,point_04042
25.41028,94.60039,GSI_INVENTORY,Manipur,,Slide,Anthropogenic,point_04043
25.40942,94.59972,GSI_INVENTORY,Manipur,,Slide,Anthropogenic,point_04044
25.40917,94.59928,GSI_INVENTORY,Manipur,,Slide,Rainfall,point_04045
25.40064,94.62064,GSI_INVENTORY,Manipur,,Slide,Anthropogenic,point_04046
25.55383,94.76239,GSI_INVENTORY,Nagaland,,Slide,Rainfall,point_04047
25.55417,94.76094,GSI_INVENTORY,Nagaland,,Slide,Rainfall,point_04048
25.55597,94.76432,GSI_INVENTORY,Nagaland,,Slide,Rainfall,point_04049
25.56658,94.76372,GSI_INVENTORY,Nagaland,,Slide,Rainfall,point_04050
25.58922,94.76608,GSI_INVENTORY,Nagaland,,Slide,Rainfall,point_04051
25.5925,94.62847,GSI_INVENTORY,Nagaland,,Slide,Rainfall,point_04052
25.50761,94.66103,GSI_INVENTORY,Nagaland,,Slide,Rainfall,point_04053
25.50258,94.66119,GSI_INVENTORY,Nagaland,,Slide,Anthropogenic,point_04054
25.50583,94.65381,GSI_INVENTORY,Nagaland,,Slide,Rainfall,point_04055
25.51522,94.66069,GSI_INVENTORY,Nagaland,,Slide,Anthropogenic,point_04056
25.56267,94.608,GSI_INVENTORY,Nagaland,,Slide,Rainfall,point_04057
25.58133,94.62731,GSI_INVENTORY,Nagaland,,Slide,Rainfall,point_04058
25.59347,94.59694,GSI_INVENTORY,Nagaland,,Slide,Rainfall,point_04059
25.59183,94.59528,GSI_INVENTORY,Nagaland,,Slide,Rainfall,point_04060
25.58717,94.51436,GSI_INVENTORY,Manipur,,Slide,Rainfall,point_04061
25.49708,94.55358,GSI_INVENTORY,Manipur,,Slide,Rainfall,point_04062
25.49954,94.55299,GSI_INVENTORY,Manipur,,Slide,Rainfall,point_04063
25.49369,94.55583,GSI_INVENTORY,Manipur,,Slide,Rainfall,point_04064
25.49625,94.55472,GSI_INVENTORY,Manipur,,Slide,Rainfall,point_04065
25.49233,94.55544,GSI_INVENTORY,Manipur,,Slide,Rainfall,point_04066
25.48961,94.55331,GSI_INVENTORY,Manipur,,Slide,Rainfall,point_04067
25.48586,94.54453,GSI_INVENTORY,Manipur,,Subsidence,Rainfall,point_04068
25.47819,94.53511,GSI_INVENTORY,Manipur,,Slide,Anthropogenic,point_04069
25.47181,94.543,GSI_INVENTORY,Manipur,,Slide,Anthropogenic,point_04070
25.46628,94.55253,GSI_INVENTORY,Manipur,,Slide,Rainfall,point_04071
25.46717,94.54755,GSI_INVENTORY,Manipur,,Slide,Rainfall,point_04072
25.46653,94.55203,GSI_INVENTORY,Manipur,,Slide,Anthropogenic,point_04073
25.46777,94.54948,GSI_INVENTORY,Manipur,,Slide,Rainfall,point_04074
25.46839,94.54492,GSI_INVENTORY,Manipur,,Slide,Rainfall,point_04075
25.46517,94.54369,GSI_INVENTORY,Manipur,,Slide,Anthropogenic,point_04076
25.46661,94.53786,GSI_INVENTORY,Manipur,,Slide,Anthropogenic,point_04077
25.45475,94.55258,GSI_INVENTORY,Manipur,,Slide,Anthropogenic,point_04078
25.44228,94.56383,GSI_INVENTORY,Manipur,,Slide,Anthropogenic,point_04079
25.43136,94.56086,GSI_INVENTORY,Manipur,,Slide,Rainfall,point_04080
25.43283,94.57544,GSI_INVENTORY,Manipur,,Spread,Rainfall,point_04081
25.42072,94.57772,GSI_INVENTORY,Manipur,,Subsidence,Rainfall,point_04082
25.41964,94.57856,GSI_INVENTORY,Manipur,,Slide,Rainfall,point_04083
25.419,94.57864,GSI_INVENTORY,Manipur,,Slide,"Rainfall,Anthropogenic",point_04084
25.41836,94.57853,GSI_INVENTORY,Manipur,,Slide,"Rainfall,Anthropogenic",point_04085
25.416,94.57903,GSI_INVENTORY,Manipur,,Slide,"Rainfall,Anthropogenic",point_04086
25.41717,94.57856,GSI_INVENTORY,Manipur,,Slide,"Rainfall,Anthropogenic",point_04087
25.41678,94.57747,GSI_INVENTORY,Manipur,,Slide,Anthropogenic,point_04088
25.41944,94.5775,GSI_INVENTORY,Manipur,,Slide,Rainfall,point_04089
25.42025,94.57822,GSI_INVENTORY,Manipur,,Slide,"Rainfall,Anthropogenic",point_04090
25.41403,94.58,GSI_INVENTORY,Manipur,,Slide,Anthropogenic,point_04091
25.41039,94.57936,GSI_INVENTORY,Manipur,,Slide,Anthropogenic,point_04092
25.41564,94.55936,GSI_INVENTORY,Manipur,,Slide,Rainfall,point_04093
25.39794,94.55108,GSI_INVENTORY,Manipur,,Slide,Anthropogenic,point_04094
25.39625,94.54844,GSI_INVENTORY,Manipur,,Slide,Rainfall,point_04095
25.41033,94.54203,GSI_INVENTORY,Manipur,,Slide,Rainfall,point_04096
25.413,94.54133,GSI_INVENTORY,Manipur,,Slide,Rainfall,point_04097
25.42964,94.55647,GSI_INVENTORY,Manipur,,Slide,Rainfall,point_04098
25.41309,94.5263,GSI_INVENTORY,Manipur,,Slide,Rainfall,point_04099
25.41069,94.50006,GSI_INVENTORY,Manipur,,Slide,Rainfall,point_04100
25.47672,94.53481,GSI_INVENTORY,Manipur,,Slide,Anthropogenic,point_04101
25.48072,94.53286,GSI_INVENTORY,Manipur,,Subsidence,Anthropogenic,point_04102
25.48369,94.53019,GSI_INVENTORY,Manipur,,Slide,Anthropogenic,point_04103
25.39622,94.45047,GSI_INVENTORY,Manipur,,Slide,Rainfall,point_04104
25.552,94.362,GSI_INVENTORY,Nagaland,,Slide,Rainfall,point_04105
25.552,94.36,GSI_INVENTORY,Nagaland,,Slide,Rainfall,point_04106
25.576,94.351,GSI_INVENTORY,Nagaland,,Slide,Rainfall,point_04107
25.58194,94.35,GSI_INVENTORY,Nagaland,,Slide, ,point_04108
25.574,94.332,GSI_INVENTORY,Nagaland,,Slide,Rainfall,point_04109
25.594,94.314,GSI_INVENTORY,Nagaland,,Slide,Rainfall,point_04110
25.598,94.31,GSI_INVENTORY,Nagaland,,Slide,Rainfall,point_04111
25.543,94.357,GSI_INVENTORY,Nagaland,,Slide,Rainfall,point_04112
25.5,94.389,GSI_INVENTORY,Manipur,,Slide,Rainfall,point_04113
25.536,94.236,GSI_INVENTORY,Nagaland,,Slide,Heavy rainfall,point_04114
25.53633,94.23894,GSI_INVENTORY,Nagaland,,Slide, ,point_04115
25.546,94.274,GSI_INVENTORY,Nagaland,,Slide,Rainfall,point_04116
25.546,94.27,GSI_INVENTORY,Nagaland,,Slide,Rainfall,point_04117
25.566,94.26,GSI_INVENTORY,Nagaland,,Composite,Rainfall,point_04118
25.566,94.258,GSI_INVENTORY,Nagaland,,Composite,Rainfall,point_04119
25.549,94.286,GSI_INVENTORY,Nagaland,,Slide,Rainfall,point_04120
25.559,94.284,GSI_INVENTORY,Nagaland,,Fall,Rainfall,point_04121
25.552,94.289,GSI_INVENTORY,Nagaland,,Slide,Rainfall,point_04122
25.561,94.294,GSI_INVENTORY,Nagaland,,Slide,Rainfall,point_04123
25.569,94.283,GSI_INVENTORY,Nagaland,,Slide,Rainfall,point_04124
25.574,94.295,GSI_INVENTORY,Nagaland,,Slide,Rainfall,point_04125
25.588,94.292,GSI_INVENTORY,Nagaland,,Slide,Rainfall,point_04126
25.586,94.288,GSI_INVENTORY,Nagaland,,Slide,Rainfall,point_04127
25.571,94.253,GSI_INVENTORY,Nagaland,,Slide,Rainfall,point_04128
25.572,94.25,GSI_INVENTORY,Nagaland,,Slide, ,point_04129
25.559,94.251,GSI_INVENTORY,Nagaland,,Slide, ,point_04130
25.559,94.249,GSI_INVENTORY,Nagaland,,Slide, ,point_04131
25.55408,94.23669,GSI_INVENTORY,Nagaland,,Slide, ,point_04132
25.569,94.234,GSI_INVENTORY,Nagaland,,Slide,Rainfall,point_04133
25.594,94.166,GSI_INVENTORY,Nagaland,,Flow, ,point_04134
25.57086,94.17047,GSI_INVENTORY,Nagaland,,Slide, ,point_04135
25.57244,94.17178,GSI_INVENTORY,Nagaland,,Slide, ,point_04136
25.572,94.168,GSI_INVENTORY,Nagaland,,Slide,Rainfall,point_04137
25.571,94.166,GSI_INVENTORY,Nagaland,,Slide,Rainfall,point_04138
25.566,94.168,GSI_INVENTORY,Nagaland,,Slide,Rainfall,point_04139
25.563,94.165,GSI_INVENTORY,Nagaland,,Slide,Rainfall,point_04140
25.562,94.168,GSI_INVENTORY,Nagaland,,Slide,Rainfall,point_04141
25.56544,94.17208,GSI_INVENTORY,Nagaland,,Slide, ,point_04142
25.548,94.188,GSI_INVENTORY,Nagaland,,Slide,Rainfall,point_04143
25.54831,94.19192,GSI_INVENTORY,Nagaland,,Slide, ,point_04144
25.53128,94.16536,GSI_INVENTORY,Manipur,,Slide, ,point_04145
25.54039,94.16989,GSI_INVENTORY,Manipur,,Slide, ,point_04146
25.525,94.146,GSI_INVENTORY,Manipur,,Slide,Rainfall,point_04147
25.52103,94.13783,GSI_INVENTORY,Manipur,,Slide, ,point_04148
25.521,94.134,GSI_INVENTORY,Manipur,,Composite,Rainfall,point_04149
25.514,94.137,GSI_INVENTORY,Manipur,,Slide,Heavy rainfall,point_04150
25.51378,94.14089,GSI_INVENTORY,Manipur,,Slide, ,point_04151
25.508,94.135,GSI_INVENTORY,Manipur,,Composite,Heavy rainfall,point_04152
25.523,94.135,GSI_INVENTORY,Manipur,,Composite,Rainfall,point_04153
25.538,94.135,GSI_INVENTORY,Nagaland,,Subsidence,Rainfall,point_04154
25.565,94.138,GSI_INVENTORY,Nagaland,,Slide,Rainfall,point_04155
25.563,94.14,GSI_INVENTORY,Nagaland,,Slide,Heavy rainfall,point_04156
25.56,94.151,GSI_INVENTORY,Nagaland,,Composite,Heavy rainfall,point_04157
25.56,94.153,GSI_INVENTORY,Nagaland,,Slide,Heavy rainfall,point_04158
25.554,94.148,GSI_INVENTORY,Nagaland,,Slide,Rainfall,point_04159
25.553,94.148,GSI_INVENTORY,Nagaland,,Slide,Rainfall,point_04160
25.552,94.149,GSI_INVENTORY,Nagaland,,Slide,Rainfall,point_04161
25.55697,94.15322,GSI_INVENTORY,Nagaland,,Flow, ,point_04162
25.566,94.162,GSI_INVENTORY,Nagaland,,Slide,Rainfall,point_04163
25.567,94.164,GSI_INVENTORY,Nagaland,,Slide, ,point_04164
25.563,94.147,GSI_INVENTORY,Nagaland,,Slide,Rainfall,point_04165
25.56292,94.14544,GSI_INVENTORY,Nagaland,,Flow, ,point_04166
25.561,94.143,GSI_INVENTORY,Nagaland,,Composite,Rainfall,point_04167
25.585,94.137,GSI_INVENTORY,Nagaland,,Composite, ,point_04168
25.582,94.141,GSI_INVENTORY,Nagaland,,Composite, ,point_04169
25.44851,94.03196,GSI_INVENTORY,Manipur,,Slide,Rainfall,point_04170
25.44766,94.04148,GSI_INVENTORY,Manipur,,Slide,Rainfall,point_04171
25.45394,94.04888,GSI_INVENTORY,Manipur,,Slide,Rainfall,point_04172
25.45065,94.04667,GSI_INVENTORY,Manipur,,Slide,Rainfall,point_04173
25.44661,94.04951,GSI_INVENTORY,Manipur,,Slide,Rainfall,point_04174
25.44738,94.04944,GSI_INVENTORY,Manipur,,Slide,Rainfall,point_04175
25.45181,94.04994,GSI_INVENTORY,Manipur,,Slide,Rainfall,point_04176
25.43544,94.06193,GSI_INVENTORY,Manipur,,Slide,Rainfall,point_04177
25.4351,94.07111,GSI_INVENTORY,Manipur,,Slide,Rainfall,point_04178
25.43323,94.07099,GSI_INVENTORY,Manipur,,Slide,Rainfall,point_04179
25.42166,94.071,GSI_INVENTORY,Manipur,,Slide,Rainfall,point_04180
25.42103,94.07047,GSI_INVENTORY,Manipur,,Slide,Rainfall,point_04181
25.42723,94.04891,GSI_INVENTORY,Manipur,,Slide,Rainfall,point_04182
25.42955,94.05333,GSI_INVENTORY,Manipur,,Slide,Rainfall,point_04183
25.44432,94.04686,GSI_INVENTORY,Manipur,,Slide,Rainfall,point_04184
25.44096,94.04626,GSI_INVENTORY,Manipur,,Slide,Rainfall,point_04185
25.4372,94.04299,GSI_INVENTORY,Manipur,,Slide,Rainfall,point_04186
25.44472,94.0414,GSI_INVENTORY,Manipur,,Slide,Rainfall,point_04187
25.44326,94.0392,GSI_INVENTORY,Manipur,,Slide,Rainfall,point_04188
25.43937,94.02586,GSI_INVENTORY,Manipur,,Slide,Rainfall,point_04189
25.42889,94.04386,GSI_INVENTORY,Manipur,,Slide,Rainfall,point_04190
25.43085,94.0437,GSI_INVENTORY,Manipur,,Slide,Rainfall,point_04191
25.41639,94.06789,GSI_INVENTORY,Manipur,,Slide,Rainfall,point_04192
25.41765,94.08469,GSI_INVENTORY,Manipur,,Slide,Rainfall,point_04193
25.41648,94.07921,GSI_INVENTORY,Manipur,,Slide,Rainfall,point_04194
25.41642,94.07779,GSI_INVENTORY,Manipur,,Slide,Rainfall,point_04195
25.41778,94.07722,GSI_INVENTORY,Manipur,,Slide,Rainfall,point_04196
25.42111,94.077,GSI_INVENTORY,Manipur,,Slide,Rainfall,point_04197
25.4291,94.10844,GSI_INVENTORY,Manipur,,Slide,Rainfall,point_04198
25.45402,94.12457,GSI_INVENTORY,Manipur,,Fall,Rainfall,point_04199
25.45237,94.12802,GSI_INVENTORY,Manipur,,Flow,Rainfall,point_04200
25.45035,94.12902,GSI_INVENTORY,Manipur,,Subsidence,Rainfall,point_04201
25.47217,94.15433,GSI_INVENTORY,Manipur,,Slide,Rainfall,point_04202
25.34696,94.19826,GSI_INVENTORY,Manipur,,Slide,Rainfall,point_04203
25.34439,94.19972,GSI_INVENTORY,Manipur,,Slide,Rainfall,point_04204
25.33743,94.18452,GSI_INVENTORY,Manipur,,Slide,Rainfall,point_04205
25.33536,94.16925,GSI_INVENTORY,Manipur,,Slide,Rainfall,point_04206
25.34043,94.16663,GSI_INVENTORY,Manipur,,Slide,Rainfall,point_04207
25.33987,94.16874,GSI_INVENTORY,Manipur,,Slide,Rainfall,point_04208
25.34247,94.16167,GSI_INVENTORY,Manipur,,Slide,Rainfall,point_04209
25.34083,94.16053,GSI_INVENTORY,Manipur,,Slide,Rainfall,point_04210
25.33856,94.15881,GSI_INVENTORY,Manipur,,Slide,Rainfall,point_04211
25.34665,94.15948,GSI_INVENTORY,Manipur,,Slide,Rainfall,point_04212
25.37961,94.14667,GSI_INVENTORY,Manipur,,Slide,Rainfall,point_04213
25.32102,94.06714,GSI_INVENTORY,Manipur,,Slide,Rainfall,point_04214
25.32272,94.06749,GSI_INVENTORY,Manipur,,Slide,Rainfall,point_04215
25.33724,94.03971,GSI_INVENTORY,Manipur,,Fall,Rainfall,point_04216
25.2978,94.04472,GSI_INVENTORY,Manipur,,Slide,Rainfall,point_04217
25.31146,94.05892,GSI_INVENTORY,Manipur,,Fall,Rainfall,point_04218
25.31788,94.06939,GSI_INVENTORY,Manipur,,Slide,Rainfall,point_04219
25.31763,94.07034,GSI_INVENTORY,Manipur,,Slide,Rainfall,point_04220
25.31863,94.09205,GSI_INVENTORY,Manipur,,Slide,Rainfall,point_04221
25.31821,94.09143,GSI_INVENTORY,Manipur,,Slide,Rainfall,point_04222
25.33249,94.08026,GSI_INVENTORY,Manipur,,Slide,Rainfall,point_04223
25.33433,94.08275,GSI_INVENTORY,Manipur,,Slide,Rainfall,point_04224
25.32282,94.08899,GSI_INVENTORY,Manipur,,Slide,Rainfall,point_04225
25.32473,94.08656,GSI_INVENTORY,Manipur,,Slide,Rainfall,point_04226
25.26549,94.09887,GSI_INVENTORY,Manipur,,Slide,Rainfall,point_04227
25.25792,94.09156,GSI_INVENTORY,Manipur,,Slide,Rainfall,point_04228
25.26295,94.07935,GSI_INVENTORY,Manipur,,Slide,Rainfall,point_04229
25.26162,94.07942,GSI_INVENTORY,Manipur,,Slide,Rainfall,point_04230
25.28983,94.03665,GSI_INVENTORY,Manipur,,Slide,Rainfall,point_04231
25.28637,94.03649,GSI_INVENTORY,Manipur,,Slide,Rainfall,point_04232
25.27939,94.03219,GSI_INVENTORY,Manipur,,Slide,Rainfall,point_04233
25.26894,94.04469,GSI_INVENTORY,Manipur,,Slide,Rainfall,point_04234
25.2687,94.04588,GSI_INVENTORY,Manipur,,Slide,Rainfall,point_04235
25.26882,94.04844,GSI_INVENTORY,Manipur,,Slide,Rainfall,point_04236
25.25972,94.03715,GSI_INVENTORY,Manipur,,Slide,Rainfall,point_04237
25.26464,94.06217,GSI_INVENTORY,Manipur,,Slide,Rainfall,point_04238
25.26558,94.06484,GSI_INVENTORY,Manipur,,Slide,Rainfall,point_04239
25.23614,94.10198,GSI_INVENTORY,Manipur,,Slide,Rainfall,point_04240
25.2375,94.11389,GSI_INVENTORY,Manipur,,Slide,Rainfall,point_04241
25.24054,94.11449,GSI_INVENTORY,Manipur,,Slide,Rainfall,point_04242
25.21802,94.1076,GSI_INVENTORY,Manipur,,Slide,Rainfall,point_04243
25.19876,94.13608,GSI_INVENTORY,Manipur,,Slide,Rainfall,point_04244
25.20085,94.13451,GSI_INVENTORY,Manipur,,Slide,Rainfall,point_04245
25.25593,94.1254,GSI_INVENTORY,Manipur,,Slide,Rainfall,point_04246
25.34675,94.21526,GSI_INVENTORY,Manipur,,Slide,Rainfall,point_04247
25.35076,94.22216,GSI_INVENTORY,Manipur,,Slide,Rainfall,point_04248
25.35006,94.22071,GSI_INVENTORY,Manipur,,Slide,Rainfall,point_04249
25.35131,94.22251,GSI_INVENTORY,Manipur,,Slide,Rainfall,point_04250
25.36328,94.22839,GSI_INVENTORY,Manipur,,Slide,Rainfall,point_04251
25.37988,94.21461,GSI_INVENTORY,Manipur,,Slide,Rainfall,point_04252
25.38139,94.27931,GSI_INVENTORY,Manipur,,Slide,Rainfall,point_04253
25.39244,94.29875,GSI_INVENTORY,Manipur,,Slide,Rainfall,point_04254
25.34725,94.33444,GSI_INVENTORY,Manipur,,Slide,Rainfall,point_04255
25.28944,94.30947,GSI_INVENTORY,Manipur,,Slide,Rainfall,point_04256
25.16683,94.35489,GSI_INVENTORY,Manipur,,Slide,Rainfall,point_04257
25.16525,94.35461,GSI_INVENTORY,Manipur,,Slide,Rainfall,point_04258
25.09056,94.38739,GSI_INVENTORY,Manipur,,Slide,Rainfall,point_04259
25.09561,94.38478,GSI_INVENTORY,Manipur,,Fall,Rainfall,point_04260
25.09867,94.39022,GSI_INVENTORY,Manipur,,Slide,Rainfall,point_04261
25.09597,94.37594,GSI_INVENTORY,Manipur,,Slide,Rainfall,point_04262
25.09211,94.37044,GSI_INVENTORY,Manipur,,Subsidence,Rainfall,point_04263
25.11444,94.35469,GSI_INVENTORY,Manipur,,Slide,Rainfall,point_04264
25.11328,94.35272,GSI_INVENTORY,Manipur,,Slide,Rainfall,point_04265
25.11678,94.35392,GSI_INVENTORY,Manipur,,Slide,Rainfall,point_04266
25.11633,94.35683,GSI_INVENTORY,Manipur,,Slide,Rainfall,point_04267
25.13192,94.33858,GSI_INVENTORY,Manipur,,Slide,Rainfall,point_04268
25.12756,94.33858,GSI_INVENTORY,Manipur,,Slide,Rainfall,point_04269
25.12822,94.32172,GSI_INVENTORY,Manipur,,Slide,Rainfall,point_04270
25.13189,94.32267,GSI_INVENTORY,Manipur,,Slide,Rainfall,point_04271
25.15192,94.31217,GSI_INVENTORY,Manipur,,Slide,Rainfall,point_04272
25.14558,94.32044,GSI_INVENTORY,Manipur,,Slide,Rainfall,point_04273
25.14275,94.32014,GSI_INVENTORY,Manipur,,Slide,Rainfall,point_04274
25.17219,94.3485,GSI_INVENTORY,Manipur,,Slide,Rainfall,point_04275
25.17281,94.34769,GSI_INVENTORY,Manipur,,Slide,Rainfall,point_04276
25.17467,94.34731,GSI_INVENTORY,Manipur,,Slide,Rainfall,point_04277
25.18164,94.34267,GSI_INVENTORY,Manipur,,Slide,Rainfall,point_04278
25.18617,94.34289,GSI_INVENTORY,Manipur,,Slide,Rainfall,point_04279
25.18158,94.30444,GSI_INVENTORY,Manipur,,Slide,Rainfall,point_04280
25.18517,94.30897,GSI_INVENTORY,Manipur,,Fall,Rainfall,point_04281
25.16853,94.28833,GSI_INVENTORY,Manipur,,Slide,Rainfall,point_04282
25.16753,94.29486,GSI_INVENTORY,Manipur,,Slide,Rainfall,point_04283
25.17664,94.29736,GSI_INVENTORY,Manipur,,Slide,Rainfall,point_04284
25.07967,94.29636,GSI_INVENTORY,Manipur,,Slide,Rainfall,point_04285
25.07994,94.29467,GSI_INVENTORY,Manipur,,Slide,Rainfall,point_04286
25.07981,94.29411,GSI_INVENTORY,Manipur,,Slide,Rainfall,point_04287
25.04411,94.23378,GSI_INVENTORY,Manipur,,Slide,Rainfall,point_04288
25.04233,94.24111,GSI_INVENTORY,Manipur,,Slide,Rainfall,point_04289
24.99289,94.23058,GSI_INVENTORY,Manipur,,Slide,Flowing during rainy season. NESW trending Thoubal River is flowing at downslope of the sliding zone.,point_04290
24.98994,94.23361,GSI_INVENTORY,Manipur,,Slide,Rainfall,point_04291
24.99144,94.2345,GSI_INVENTORY,Manipur,,Slide,Rainfall,point_04292
25.01014,94.31731,GSI_INVENTORY,Manipur,,Subsidence,Rainfall,point_04293
25.00261,94.33028,GSI_INVENTORY,Manipur,,Subsidence,Rainfall,point_04294
25.01914,94.33247,GSI_INVENTORY,Manipur,,Subsidence,Rainfall,point_04295
25.03461,94.31925,GSI_INVENTORY,Manipur,,Subsidence,Rainfall,point_04296
25.02753,94.31681,GSI_INVENTORY,Manipur,,Slide,Rainfall,point_04297
25.06397,94.336,GSI_INVENTORY,Manipur,,Slide,Rainfall,point_04298
25.04842,94.33239,GSI_INVENTORY,Manipur,,Subsidence,Rainfall,point_04299
25.07742,94.35244,GSI_INVENTORY,Manipur,,Subsidence,Rainfall,point_04300
24.9252,94.3371,GSI_INVENTORY,Manipur,,Slide,Rainfall,point_04301
24.91062,94.32109,GSI_INVENTORY,Manipur,,Slide,Rainfall,point_04302
24.90954,94.31678,GSI_INVENTORY,Manipur,,Slide,Rainfall,point_04303
24.88903,94.30612,GSI_INVENTORY,Manipur,,Slide,Rainfall,point_04304
24.89081,94.31931,GSI_INVENTORY,Manipur,,Slide,Rainfall,point_04305
24.89436,94.32054,GSI_INVENTORY,Manipur,,Slide,Rainfall,point_04306
24.89494,94.32311,GSI_INVENTORY,Manipur,,Slide,Rainfall,point_04307
24.89772,94.32847,GSI_INVENTORY,Manipur,,Topple,anthropogenic,point_04308
24.89844,94.32869,GSI_INVENTORY,Manipur,,Slide,Rainfall,point_04309
24.90878,94.33342,GSI_INVENTORY,Manipur,,Fall,anthropogenic,point_04310
24.90839,94.33506,GSI_INVENTORY,Manipur,,Topple,anthropogenic,point_04311
24.90725,94.33533,GSI_INVENTORY,Manipur,,Slide,Rainfall,point_04312
24.90144,94.33831,GSI_INVENTORY,Manipur,,Slide,Rainfall,point_04313
24.90119,94.34244,GSI_INVENTORY,Manipur,,Slide,Rainfall,point_04314
24.90186,94.34194,GSI_INVENTORY,Manipur,,Slide,Rainfall,point_04315
24.85222,94.36933,GSI_INVENTORY,Manipur,,Slide,rainfall,point_04316
24.85314,94.36987,GSI_INVENTORY,Manipur,,Slide,anthropogenic,point_04317
24.85181,94.36608,GSI_INVENTORY,Manipur,,Slide,rainfall,point_04318
24.84967,94.36531,GSI_INVENTORY,Manipur,,Slide,rainfall,point_04319
24.85119,94.36172,GSI_INVENTORY,Manipur,,Slide,rainfall,point_04320
24.8415,94.36117,GSI_INVENTORY,Manipur,,Slide,anthropogenic,point_04321
24.84278,94.35758,GSI_INVENTORY,Manipur,,Slide,rainfall,point_04322
24.84742,94.35803,GSI_INVENTORY,Manipur,,Slide,rainfall,point_04323
24.84761,94.35789,GSI_INVENTORY,Manipur,,Slide,rainfall,point_04324
24.83659,94.35485,GSI_INVENTORY,Manipur,,Slide,rainfall,point_04325
24.83903,94.35708,GSI_INVENTORY,Manipur,,Slide,rainfall,point_04326
24.8385,94.35708,GSI_INVENTORY,Manipur,,Slide,rainfall,point_04327
24.83492,94.36521,GSI_INVENTORY,Manipur,,Slide,anthropogenic,point_04328
24.83636,94.37622,GSI_INVENTORY,Manipur,,Slide,anthropogenic,point_04329
24.80628,94.37706,GSI_INVENTORY,Manipur,,Slide,anthropogenic,point_04330
24.80887,94.36847,GSI_INVENTORY,Manipur,,Slide,anthropogenic,point_04331
24.81969,94.35261,GSI_INVENTORY,Manipur,,Slide,Rainfall,point_04332
24.81202,94.35605,GSI_INVENTORY,Manipur,,Subsidence,rainfall,point_04333
24.8113,94.35558,GSI_INVENTORY,Manipur,,Slide,Rainfall,point_04334
24.8302,94.35782,GSI_INVENTORY,Manipur,,Slide,anthropogenic,point_04335
24.8233,94.35877,GSI_INVENTORY,Manipur,,Slide,rainfall,point_04336
24.83408,94.35303,GSI_INVENTORY,Manipur,,Slide,rainfall,point_04337
24.83328,94.34964,GSI_INVENTORY,Manipur,,Slide,rainfall,point_04338
24.83389,94.34642,GSI_INVENTORY,Manipur,,Slide,anthropogenic,point_04339
24.82589,94.34886,GSI_INVENTORY,Manipur,,Slide,anthropogenic,point_04340
24.83125,94.33919,GSI_INVENTORY,Manipur,,Slide,anthropogenic,point_04341
24.83186,94.33572,GSI_INVENTORY,Manipur,,Slide,Rainfall,point_04342
24.83103,94.33483,GSI_INVENTORY,Manipur,,Slide,Rainfall,point_04343
24.83117,94.33411,GSI_INVENTORY,Manipur,,Fall,Rainfall,point_04344
24.83282,94.33045,GSI_INVENTORY,Manipur,,Fall,Rainfall,point_04345
24.83153,94.32757,GSI_INVENTORY,Manipur,,Slide,rainfall,point_04346
24.80534,94.32236,GSI_INVENTORY,Manipur,,Slide,Rainfall,point_04347
24.81439,94.32344,GSI_INVENTORY,Manipur,,Slide,Rainfall,point_04348
24.82428,94.32247,GSI_INVENTORY,Manipur,,Slide,anthropogenic,point_04349
24.82328,94.32272,GSI_INVENTORY,Manipur,,Slide,anthropogenic,point_04350
24.84744,94.32586,GSI_INVENTORY,Manipur,,Slide,Rainfall,point_04351
24.84617,94.32378,GSI_INVENTORY,Manipur,,Slide,anthropogenic,point_04352
24.84254,94.32523,GSI_INVENTORY,Manipur,,Slide,anthropogenic,point_04353
24.83758,94.33759,GSI_INVENTORY,Manipur,,Slide,Rainfall,point_04354
24.83515,94.34042,GSI_INVENTORY,Manipur,,Slide,Rainfall,point_04355
24.88313,94.31281,GSI_INVENTORY,Manipur,,Slide,anthropogenic,point_04356
24.8852,94.3133,GSI_INVENTORY,Manipur,,Slide,Rainfall,point_04357
24.83389,94.22017,GSI_INVENTORY,Manipur,,Slide,Rainfall and anthropogenic factors,point_04358
24.85878,94.23314,GSI_INVENTORY,Manipur,,Slide,Rainfall and anthropogenic factors,point_04359
24.83931,94.22575,GSI_INVENTORY,Manipur,,Slide,Rainfall and anthropogenic factors,point_04360
24.83972,94.22494,GSI_INVENTORY,Manipur,,Slide,Rainfall and anthropogenic factors,point_04361
24.86903,94.23461,GSI_INVENTORY,Manipur,,Slide,Rainfall and anthropogenic factors,point_04362
24.87153,94.23406,GSI_INVENTORY,Manipur,,Slide,Rainfall and anthropogenic factors,point_04363
24.8745,94.23583,GSI_INVENTORY,Manipur,,Slide,Rainfall and anthropogenic factors,point_04364
24.93117,94.22711,GSI_INVENTORY,Manipur,,Slide,Rainfall,point_04365
24.93133,94.22892,GSI_INVENTORY,Manipur,,Slide,Rainfall,point_04366
24.91361,94.24203,GSI_INVENTORY,Manipur,,Slide,Anthropogenic factors,point_04367
24.91478,94.24258,GSI_INVENTORY,Manipur,,Slide,Anthropogenic factors,point_04368
24.91119,94.24211,GSI_INVENTORY,Manipur,,Slide,Rainfall and anthropogenic factors,point_04369
24.89581,94.24394,GSI_INVENTORY,Manipur,,Slide,Rainfall,point_04370
24.895,94.24297,GSI_INVENTORY,Manipur,,Slide,Rainfall and anthropogenic factors,point_04371
24.89203,94.23839,GSI_INVENTORY,Manipur,,Slide,Rainfall and anthropogenic factors,point_04372
24.94125,94.22086,GSI_INVENTORY,Manipur,,Slide,Rainfall,point_04373
24.94033,94.20256,GSI_INVENTORY,Manipur,,Slide,Rainfall and anthropogenic factors,point_04374
24.94094,94.20189,GSI_INVENTORY,Manipur,,Slide,Rainfall and anthropogenic factors,point_04375
24.94694,94.19119,GSI_INVENTORY,Manipur,,Slide,Rainfall,point_04376
24.9475,94.18889,GSI_INVENTORY,Manipur,,Slide,Rainfall,point_04377
24.94797,94.18797,GSI_INVENTORY,Manipur,,Slide,Rainfall,point_04378
24.95058,94.17778,GSI_INVENTORY,Manipur,,Slide,Rainfall,point_04379
24.95144,94.17928,GSI_INVENTORY,Manipur,,Slide,Rainfall,point_04380
24.95058,94.18603,GSI_INVENTORY,Manipur,,Slide,Rainfall,point_04381
24.93875,94.18186,GSI_INVENTORY,Manipur,,Slide,Rainfall,point_04382
24.96906,94.17353,GSI_INVENTORY,Manipur,,Slide,Rainfall,point_04383
24.98292,94.16264,GSI_INVENTORY,Manipur,,Slide,Rainfall,point_04384
24.98372,94.15831,GSI_INVENTORY,Manipur,,Slide,Rainfall,point_04385
24.9755,94.155,GSI_INVENTORY,Manipur,,Slide,Rainfall,point_04386
24.94097,94.15153,GSI_INVENTORY,Manipur,,Slide,Rainfall,point_04387
24.95517,94.15778,GSI_INVENTORY,Manipur,,Slide,Rainfall,point_04388
24.95647,94.15569,GSI_INVENTORY,Manipur,,Fall,Rainfall,point_04389
24.95597,94.15789,GSI_INVENTORY,Manipur,,Slide,Rainfall,point_04390
24.95783,94.16244,GSI_INVENTORY,Manipur,,Slide,Rainfall,point_04391
24.94917,94.15539,GSI_INVENTORY,Manipur,,Slide,Rainfall,point_04392
24.94844,94.1555,GSI_INVENTORY,Manipur,,Slide,Rainfall,point_04393
24.94689,94.15511,GSI_INVENTORY,Manipur,,Slide,Rainfall,point_04394
24.93636,94.16003,GSI_INVENTORY,Manipur,,Slide,Rainfall,point_04395
24.93028,94.14936,GSI_INVENTORY,Manipur,,Slide,Anthropogenic factors,point_04396
24.93094,94.15164,GSI_INVENTORY,Manipur,,Slide,Rainfall,point_04397
24.93483,94.18494,GSI_INVENTORY,Manipur,,Slide,Anthropogenic factors,point_04398
24.82058,94.137,GSI_INVENTORY,Manipur,,Subsidence,Heavy rainfall,point_04399
24.83394,94.08125,GSI_INVENTORY,Manipur,,Slide,Anthropogenic factors,point_04400
25.08653,94.0782,GSI_INVENTORY,Manipur,,Slide,Rainfall,point_04401
25.08583,94.10722,GSI_INVENTORY,Manipur,,Fall,Rainfall,point_04402
25.08016,94.11494,GSI_INVENTORY,Manipur,,Slide,Rainfall,point_04403
24.99428,94.20592,GSI_INVENTORY,Manipur,,Slide,Rainfall,point_04404
25.03875,94.15224,GSI_INVENTORY,Manipur,,Slide,Rainfall,point_04405
25.17306,94.13626,GSI_INVENTORY,Manipur,,Slide,Rainfall,point_04406
25.18858,94.13928,GSI_INVENTORY,Manipur,,Slide,Rainfall,point_04407
25.13109,93.97215,GSI_INVENTORY,Manipur,,Subsidence,Heavy rainfall,point_04408
25.14631,93.94217,GSI_INVENTORY,Assam,,Slide,Rainfall,point_04409
25.14653,93.94172,GSI_INVENTORY,Manipur,,Slide,Incessant monsoon rainfall,point_04410
25.12636,93.90133,GSI_INVENTORY,Manipur,,Slide,Rainfall,point_04411
25.12464,93.92575,GSI_INVENTORY,Manipur,,Slide,Rainfall,point_04412
25.02846,94.01552,GSI_INVENTORY,Manipur,,Slide,Rainfall,point_04413
25.01638,94.02171,GSI_INVENTORY,Manipur,,Slide,Rainfall,point_04414
24.99644,94.02144,GSI_INVENTORY,Manipur,,Slide,Rainfall,point_04415
24.99797,94.02044,GSI_INVENTORY,Manipur,,Slide,Rainfall,point_04416
24.94058,94.00889,GSI_INVENTORY,Manipur,,Slide,Rainfall and anthropogenic factors,point_04417
24.9179,94.0,GSI_INVENTORY,Manipur,,Slide,Rainfall,point_04418
24.84,93.9,GSI_INVENTORY,Manipur,,Slide,Rainfall,point_04419
24.84,93.91,GSI_INVENTORY,Manipur,,Slide,Rainfall,point_04420
24.82,93.89,GSI_INVENTORY,Manipur,,Slide,Rainfall,point_04421
24.83,93.9,GSI_INVENTORY,Manipur,,Slide,Rainfall,point_04422
24.83,93.88,GSI_INVENTORY,Manipur,,Slide,Rainfall,point_04423
24.92714,93.78933,GSI_INVENTORY,Manipur,,Slide,Rainfall,point_04424
24.93006,93.79717,GSI_INVENTORY,Manipur,,Slide,Rainfall,point_04425
24.78456,93.77797,GSI_INVENTORY,Manipur,,Slide,Rainfall and anthropogenic factors,point_04426
24.7895,93.77422,GSI_INVENTORY,Manipur,,Slide,Rainfall and anthropogenic factors,point_04427
24.78864,93.77217,GSI_INVENTORY,Manipur,,Slide,Rainfall and anthropogenic factors,point_04428
24.86483,93.77258,GSI_INVENTORY,Manipur,,Slide,Rainfall and anthropogenic factors,point_04429
24.87169,93.77686,GSI_INVENTORY,Manipur,,Slide,Rainfall and anthropogenic factors,point_04430
24.86697,93.7745,GSI_INVENTORY,Manipur,,Slide,Rainfall and anthropogenic factors,point_04431
24.86989,93.77944,GSI_INVENTORY,Manipur,,Slide,Rainfall and anthropogenic factors,point_04432
24.87186,93.77811,GSI_INVENTORY,Manipur,,Slide,Rainfall and anthropogenic factors,point_04433
24.87292,93.77917,GSI_INVENTORY,Manipur,,Slide,Rainfall and anthropogenic factors,point_04434
24.87136,93.77867,GSI_INVENTORY,Manipur,,Slide,Rainfall and anthropogenic factors,point_04435
24.80992,93.73611,GSI_INVENTORY,Manipur,,Slide,Rainfall,point_04436
24.81583,93.74019,GSI_INVENTORY,Manipur,,Slide,Rainfall,point_04437
24.79728,93.73778,GSI_INVENTORY,Manipur,,Slide,Rainfall,point_04438
24.78589,93.73686,GSI_INVENTORY,Manipur,,Slide,Anthropogenic activity- Road cutting.,point_04439
24.79632,93.73703,GSI_INVENTORY,Manipur,,Slide,Anthropogenic activity- Road cutting.,point_04440
24.7955,93.73606,GSI_INVENTORY,Manipur,,Fall,Anthropogenic,point_04441
24.79131,93.73567,GSI_INVENTORY,Tripura,,Slide,Rainfall,point_04442
24.79139,93.73542,GSI_INVENTORY,Manipur,,Slide,Rainfall and anthropogenic.,point_04443
24.798,93.736,GSI_INVENTORY,Manipur,,Slide,Rainfall,point_04444
24.80168,93.73641,GSI_INVENTORY,Manipur,,Slide,Rainfall,point_04445
24.80425,93.73286,GSI_INVENTORY,Manipur,,Slide,Rainfall,point_04446
24.80606,93.73548,GSI_INVENTORY,Manipur,,Slide,Anthropogenic activity- Unplanned quarrying.,point_04447
24.80864,93.73572,GSI_INVENTORY,Manipur,,Slide,Rainfall,point_04448
24.80861,93.72908,GSI_INVENTORY,Manipur,,Slide,Anthropgenic,point_04449
24.79804,93.72244,GSI_INVENTORY,Manipur,,Slide,rainfall,point_04450
24.79825,93.72408,GSI_INVENTORY,Manipur,,Slide,Anthropogenic,point_04451
24.80078,93.70261,GSI_INVENTORY,Manipur,,Slide,Anthropogenic activity- Road cutting.,point_04452
24.79969,93.70634,GSI_INVENTORY,Manipur,,Slide,Anthropogenic activity- Road cutting.,point_04453
24.82923,93.72047,GSI_INVENTORY,Manipur,,Slide,Rainfall,point_04454
24.83439,93.71502,GSI_INVENTORY,Manipur,,Slide,Rainfall,point_04455
24.82295,93.71076,GSI_INVENTORY,Manipur,,Slide,Rainfall,point_04456
24.81894,93.68894,GSI_INVENTORY,Manipur,,Slide,Anthropogenic,point_04457
24.81794,93.68868,GSI_INVENTORY,Manipur,,Slide,Anthropogenic,point_04458
24.81562,93.68667,GSI_INVENTORY,Manipur,,Slide,Rainfall,point_04459
24.80013,93.70002,GSI_INVENTORY,Manipur,,Slide,rainfall,point_04460
24.80242,93.69917,GSI_INVENTORY,Manipur,,Slide,Rainfall,point_04461
24.78725,93.69669,GSI_INVENTORY,Manipur,,Slide,Rainfall,point_04462
24.80056,93.67422,GSI_INVENTORY,Manipur,,Slide,Anthropogenic factors- roadcutting,point_04463
24.78767,93.66667,GSI_INVENTORY,Manipur,,Slide,Rainfall,point_04464
24.78461,93.65953,GSI_INVENTORY,Manipur,,Subsidence,Rainfall,point_04465
24.79233,93.65822,GSI_INVENTORY,Manipur,,Slide,Rainfall,point_04466
24.79039,93.65704,GSI_INVENTORY,Manipur,,Slide,Anthropogenic activity- Road cutting.,point_04467
24.79472,93.65578,GSI_INVENTORY,Manipur,,Slide,Rainfall,point_04468
24.80459,93.65572,GSI_INVENTORY,Manipur,,Slide,Rainfall,point_04469
24.89017,93.70757,GSI_INVENTORY,Manipur,,Slide, ,point_04470
24.94378,93.70647,GSI_INVENTORY,Manipur,,Slide,Rainfall,point_04471
24.96505,93.73151,GSI_INVENTORY,Manipur,,Slide,Rainfall,point_04472
24.97413,93.66613,GSI_INVENTORY,Manipur,,Slide,Rainfall,point_04473
24.98799,93.67126,GSI_INVENTORY,Manipur,,Slide,Rainfall,point_04474
25.11042,93.79181,GSI_INVENTORY,Manipur,,Slide,Rainfall,point_04475
25.16792,93.74908,GSI_INVENTORY,Manipur,,Slide,Rainfall,point_04476
25.16875,93.74231,GSI_INVENTORY,Manipur,,Slide,Rainfall,point_04477
25.16903,93.74108,GSI_INVENTORY,Manipur,,Slide,Rainfall,point_04478
25.16893,93.73989,GSI_INVENTORY,Manipur,,Slide,Rainfall,point_04479
25.16744,93.73547,GSI_INVENTORY,Manipur,,Slide,Rainfall,point_04480
25.15775,93.72275,GSI_INVENTORY,Manipur,,Slide,Rainfall,point_04481
25.15672,93.72389,GSI_INVENTORY,Manipur,,Slide,Rainfall,point_04482
25.15939,93.72042,GSI_INVENTORY,Manipur,,Slide,Rainfall,point_04483
25.16258,93.70397,GSI_INVENTORY,Manipur,,Slide,Rainfall,point_04484
25.16058,93.7055,GSI_INVENTORY,Manipur,,Slide,Rainfall,point_04485
25.15978,93.7065,GSI_INVENTORY,Manipur,,Slide,Rainfall,point_04486
25.15683,93.70322,GSI_INVENTORY,Manipur,,Slide,Rainfall,point_04487
25.159,93.71206,GSI_INVENTORY,Manipur,,Slide,Rainfall,point_04488
25.15492,93.71128,GSI_INVENTORY,Manipur,,Slide,Rainfall,point_04489
25.15347,93.71244,GSI_INVENTORY,Manipur,,Slide,Rainfall,point_04490
25.15239,93.71283,GSI_INVENTORY,Manipur,,Slide,Rainfall,point_04491
25.16167,93.73036,GSI_INVENTORY,Manipur,,Slide,Rainfall,point_04492
25.16136,93.73233,GSI_INVENTORY,Manipur,,Slide,Rainfall,point_04493
25.16203,93.73331,GSI_INVENTORY,Manipur,,Slide,Rainfall,point_04494
25.16169,93.73131,GSI_INVENTORY,Manipur,,Slide,Rainfall,point_04495
25.16422,93.73636,GSI_INVENTORY,Manipur,,Slide,Rainfall,point_04496
25.16317,93.73556,GSI_INVENTORY,Manipur,,Slide,Rainfall,point_04497
25.12336,93.65631,GSI_INVENTORY,Manipur,,Slide,Rainfall,point_04498
25.12492,93.65733,GSI_INVENTORY,Manipur,,Slide,Rainfall,point_04499
25.13622,93.66764,GSI_INVENTORY,Manipur,,Slide,Rainfall,point_04500
25.13831,93.66903,GSI_INVENTORY,Manipur,,Slide,Rainfall,point_04501
25.13917,93.66944,GSI_INVENTORY,Manipur,,Fall,Rainfall,point_04502
25.13964,93.66964,GSI_INVENTORY,Manipur,,Fall,Rainfall,point_04503
25.13533,93.667,GSI_INVENTORY,Manipur,,Slide,Rainfall,point_04504
25.1345,93.66642,GSI_INVENTORY,Manipur,,Slide,Rainfall,point_04505
25.13072,93.66358,GSI_INVENTORY,Manipur,,Slide,Rainfall,point_04506
25.12964,93.66181,GSI_INVENTORY,Manipur,,Slide,Rainfall,point_04507
25.15561,93.67664,GSI_INVENTORY,Manipur,,Slide,Rainfall,point_04508
25.15247,93.67367,GSI_INVENTORY,Manipur,,Slide,Rainfall,point_04509
25.15236,93.67325,GSI_INVENTORY,Manipur,,Slide,Rainfall,point_04510
25.15142,93.67283,GSI_INVENTORY,Manipur,,Slide,Rainfall,point_04511
25.14625,93.67119,GSI_INVENTORY,Manipur,,Slide,Rainfall,point_04512
25.15903,93.69983,GSI_INVENTORY,Manipur,,Slide,Rainfall,point_04513
25.16372,93.70056,GSI_INVENTORY,Manipur,,Slide,Rainfall,point_04514
25.16583,93.69961,GSI_INVENTORY,Manipur,,Slide,Rainfall,point_04515
25.16522,93.69772,GSI_INVENTORY,Manipur,,Slide,Rainfall,point_04516
25.16485,93.6973,GSI_INVENTORY,Manipur,,Slide,Rainfall,point_04517
25.16547,93.69553,GSI_INVENTORY,Manipur,,Slide,Rainfall,point_04518
25.16447,93.69394,GSI_INVENTORY,Manipur,,Slide,Rainfall,point_04519
25.16231,93.69111,GSI_INVENTORY,Manipur,,Fall,Rainfall,point_04520
25.16428,93.69136,GSI_INVENTORY,Manipur,,Slide,Rainfall,point_04521
25.16333,93.69119,GSI_INVENTORY,Manipur,,Fall,Rainfall,point_04522
25.16406,93.69286,GSI_INVENTORY,Manipur,,Slide,Rainfall,point_04523
25.16039,93.68817,GSI_INVENTORY,Manipur,,Slide,Rainfall,point_04524
25.16033,93.68853,GSI_INVENTORY,Manipur,,Slide,Rainfall,point_04525
25.15767,93.6845,GSI_INVENTORY,Manipur,,Slide,Rainfall,point_04526
25.15867,93.68522,GSI_INVENTORY,Manipur,,Slide,Rainfall,point_04527
25.15808,93.68494,GSI_INVENTORY,Manipur,,Slide,Rainfall,point_04528
25.15709,93.68269,GSI_INVENTORY,Manipur,,Slide,Rainfall,point_04529
25.15592,93.68158,GSI_INVENTORY,Manipur,,Slide,Rainfall,point_04530
25.15631,93.67892,GSI_INVENTORY,Manipur,,Slide,Rainfall,point_04531
25.23861,94.00919,GSI_INVENTORY,Manipur,,Slide,Rainfall,point_04532
25.24587,94.01444,GSI_INVENTORY,Manipur,,Slide,Rainfall,point_04533
25.2691,94.02257,GSI_INVENTORY,Manipur,,Slide,Rainfall,point_04534
25.30492,94.01144,GSI_INVENTORY,Manipur,,Slide,Rainfall,point_04535
25.30264,94.01462,GSI_INVENTORY,Manipur,,Slide, ,point_04536
25.44433,94.00663,GSI_INVENTORY,Manipur,,Slide,Rainfall,point_04537
25.44839,94.00314,GSI_INVENTORY,Manipur,,Slide,Rainfall,point_04538
25.45242,94.01892,GSI_INVENTORY,Manipur,,Slide,Rainfall,point_04539
25.529,93.952,GSI_INVENTORY,Manipur,,Slide,Rainfall,point_04540
25.527,93.953,GSI_INVENTORY,Manipur,,Slide,Rainfall,point_04541
25.523,93.955,GSI_INVENTORY,Manipur,,Slide,Rainfall,point_04542
25.521,93.964,GSI_INVENTORY,Manipur,,Slide,Rainfall,point_04543
25.52,93.958,GSI_INVENTORY,Manipur,,Slide,Rainfall,point_04544
25.517,93.957,GSI_INVENTORY,Manipur,,Slide,Rainfall,point_04545
25.532,93.927,GSI_INVENTORY,Manipur,,Slide,Rainfall,point_04546
25.523,93.898,GSI_INVENTORY,Manipur,,Fall,Rainfall,point_04547
25.523,93.899,GSI_INVENTORY,Manipur,,Fall,Rainfall,point_04548
25.529,93.87,GSI_INVENTORY,Manipur,,Slide,Rainfall,point_04549
25.528,93.871,GSI_INVENTORY,Manipur,,Slide,Rainfall,point_04550
25.528,93.872,GSI_INVENTORY,Manipur,,Slide,Rainfall,point_04551
25.523,93.873,GSI_INVENTORY,Manipur,,Slide,Rainfall,point_04552
25.566,93.863,GSI_INVENTORY,Nagaland,,Fall,Rainfall,point_04553
25.561,93.858,GSI_INVENTORY,Nagaland,,Fall,Rainfall,point_04554
25.571,93.871,GSI_INVENTORY,Nagaland,,Slide,Rainfall,point_04555
25.569,93.872,GSI_INVENTORY,Nagaland,,Slide,Rainfall,point_04556
25.57,93.871,GSI_INVENTORY,Nagaland,,Slide,Rainfall,point_04557
25.579,93.87,GSI_INVENTORY,Nagaland,,Slide,Rainfall,point_04558
25.576,93.878,GSI_INVENTORY,Nagaland,,Slide,Rainfall,point_04559
25.598,93.848,GSI_INVENTORY,Nagaland,,Slide,Rainfall,point_04560
25.578,93.805,GSI_INVENTORY,Nagaland,,Slide,Rainfall,point_04561
25.576,93.783,GSI_INVENTORY,Nagaland,,Slide,Rainfall,point_04562
25.575,93.777,GSI_INVENTORY,Nagaland,,Slide,Rainfall,point_04563
25.572,93.787,GSI_INVENTORY,Nagaland,,Slide,Rainfall,point_04564
25.531,93.762,GSI_INVENTORY,Nagaland,,Slide,Rainfall,point_04565
25.526,93.766,GSI_INVENTORY,Nagaland,,Slide,Rainfall,point_04566
25.47278,93.72732,GSI_INVENTORY,Nagaland,,Slide,Rainfall,point_04567
25.47156,93.72678,GSI_INVENTORY,Nagaland,,Slide,Rainfall,point_04568
25.5,93.67,GSI_INVENTORY,Nagaland,,Slide,Rainfall,point_04569
25.51,93.67,GSI_INVENTORY,Nagaland,,Slide,Rainfall,point_04570
25.51,93.7,GSI_INVENTORY,Nagaland,,Slide,Rainfall,point_04571
25.51,93.68,GSI_INVENTORY,Nagaland,,Slide,Rainfall,point_04572
25.51,93.71,GSI_INVENTORY,Nagaland,,Slide,Rainfall,point_04573
25.52,93.72,GSI_INVENTORY,Nagaland,,Slide,Rainfall,point_04574
25.51,93.72,GSI_INVENTORY,Nagaland,,Slide,Rainfall,point_04575
25.52,93.73,GSI_INVENTORY,Nagaland,,Slide,Rainfall,point_04576
25.53,93.73,GSI_INVENTORY,Nagaland,,Slide,Rainfall,point_04577
25.53,93.74,GSI_INVENTORY,Nagaland,,Slide,Rainfall,point_04578
25.54,93.74,GSI_INVENTORY,Nagaland,,Slide,Rainfall,point_04579
25.53,93.72,GSI_INVENTORY,Nagaland,,Slide,Rainfall,point_04580
25.726,93.773,GSI_INVENTORY,Nagaland,,Slide, ,point_04581
25.74,93.775,GSI_INVENTORY,Nagaland,,Slide, ,point_04582
25.745,93.782,GSI_INVENTORY,Nagaland,,Slide, ,point_04583
25.745,93.784,GSI_INVENTORY,Nagaland,,Slide, ,point_04584
25.724,93.777,GSI_INVENTORY,Nagaland,,Slide, ,point_04585
25.723,93.778,GSI_INVENTORY,Nagaland,,Slide, ,point_04586
25.743,93.798,GSI_INVENTORY,Nagaland,,Slide, ,point_04587
25.76939,93.80278,GSI_INVENTORY,Nagaland,,Slide,Heavy rainfall,point_04588
25.77,93.81,GSI_INVENTORY,Nagaland,,Slide,Anthropogenic,point_04589
25.77,93.82,GSI_INVENTORY,Nagaland,,Slide,Rainfall,point_04590
25.78,93.82,GSI_INVENTORY,Nagaland,,Slide,Anthropogenic,point_04591
25.8,93.83,GSI_INVENTORY,Nagaland,,Slide,Rainfall,point_04592
25.8,93.81,GSI_INVENTORY,Nagaland,,Slide,Anthropogenic,point_04593
25.78417,93.80028,GSI_INVENTORY,Nagaland,,Slide,Heavy rainfall,point_04594
25.78214,93.80528,GSI_INVENTORY,Nagaland,,Slide,Inherent slope character and incessant rainfall,point_04595
25.78,93.8,GSI_INVENTORY,Nagaland,,Slide,Anthropogenic,point_04596
25.79,93.8,GSI_INVENTORY,Nagaland,,Slide,Rainfall,point_04597
25.8,93.8,GSI_INVENTORY,Nagaland,,Slide,Anthropogenic,point_04598
25.79,93.78,GSI_INVENTORY,Nagaland,,Slide,Anthropogenic,point_04599
25.7517,93.73449,GSI_INVENTORY,Nagaland,,Slide,1. Incessant rainfall. 2. Slope cut for road.,point_04600
25.71,93.74,GSI_INVENTORY,Nagaland,,Slide,Rainfall,point_04601
25.84516,93.68408,GSI_INVENTORY,Assam,,Slide,1. Incessant rainfall. 2. Slope cut for rail line.,point_04602
25.84541,93.68312,GSI_INVENTORY,Assam,,Slide,1. Incessant rainfall. 2. Slope cut for road.,point_04603
25.8465,93.687,GSI_INVENTORY,Assam,,Slide,1. Incessant rainfall. 2. Slope cut for rail line.,point_04604
25.84782,93.70174,GSI_INVENTORY,Assam,,Slide,1. Toe erosion by Dhansiri River.,point_04605
25.95514,93.72997,GSI_INVENTORY,Assam,,Slide,1. Incessant rainfall. 2. Slope cut.,point_04606
26.0054,93.9794,GSI_INVENTORY,Nagaland,,Slide,1. Incessant rainfall 2. Slope cut for road,point_04607
26.0044,93.9789,GSI_INVENTORY,Nagaland,,Slide,1. Incessant rainfall 2. Slope cut for road,point_04608
26.0039,93.9807,GSI_INVENTORY,Nagaland,,Slide,1. Incessant rainfall 2. Slope cut for road,point_04609
26.0043,93.9803,GSI_INVENTORY,Nagaland,,Slide,1. Incessant rainfall 2. Slope cut for road,point_04610
26.0051,93.9795,GSI_INVENTORY,Nagaland,,Slide,1. Incessant rainfall 2. Slope cut for road 3. Natural drainage,point_04611
26.0046,93.9814,GSI_INVENTORY,Nagaland,,Slide,1. Incessant rainfall 2. Slope cut for road,point_04612
26.0045,93.9828,GSI_INVENTORY,Nagaland,,Slide,1. Incessant rainfall 2. Slope cut for road 3. Sub-surface drainage,point_04613
26.0034,93.9855,GSI_INVENTORY,Nagaland,,Slide,1. Incessant rainfall 2. Slope cut for road,point_04614
26.0037,93.9862,GSI_INVENTORY,Nagaland,,Slide,1. Incessant rainfall 2. Slope cut for road,point_04615
26.0038,93.9873,GSI_INVENTORY,Nagaland,,Slide,1. Incessant rainfall 2. Slope cut for road,point_04616
26.0049,93.9901,GSI_INVENTORY,Nagaland,,Slide,1. Incessant rainfall 2. Slope cut for road,point_04617
26.0049,93.9914,GSI_INVENTORY,Nagaland,,Slide,1. Incessant rainfall 2. Slope cut for road,point_04618
26.0052,93.9927,GSI_INVENTORY,Nagaland,,Slide,1. Incessant rainfall 2. Slope cut for road,point_04619
26.00603,94.00319,GSI_INVENTORY,Nagaland,,Slide,Rainfall,point_04620
25.98532,94.0219,GSI_INVENTORY,Nagaland,,Slide,Rainfall,point_04621
25.94928,94.02553,GSI_INVENTORY,Nagaland,,Slide,Rainfall,point_04622
25.95114,94.02419,GSI_INVENTORY,Nagaland,,Fall,Rainfall,point_04623
25.95158,94.02367,GSI_INVENTORY,Nagaland,,Slide,Rainfall,point_04624
25.95286,94.02103,GSI_INVENTORY,Nagaland,,Slide,Rainfall,point_04625
25.95439,94.02278,GSI_INVENTORY,Nagaland,,Slide,Rainfall,point_04626
25.95094,94.01961,GSI_INVENTORY,Nagaland,,Slide,Rainfall,point_04627
25.94822,94.01436,GSI_INVENTORY,Nagaland,,Slide,Rainfall,point_04628
25.94564,94.01642,GSI_INVENTORY,Nagaland,,Slide,Rainfall,point_04629
25.94758,94.02386,GSI_INVENTORY,Nagaland,,Slide,Rainfall,point_04630
25.94436,94.02322,GSI_INVENTORY,Nagaland,,Slide,Rainfall,point_04631
25.85475,94.00278,GSI_INVENTORY,Nagaland,,Slide,Rainfall,point_04632
25.86,93.99,GSI_INVENTORY,Nagaland,,Slide,Rainfall,point_04633
25.84,93.98,GSI_INVENTORY,Nagaland,,Slide,Rainfall,point_04634
25.83972,94.01117,GSI_INVENTORY,Nagaland,,Slide,Rainfall,point_04635
25.83958,94.00719,GSI_INVENTORY,Nagaland,,Slide,Rainfall,point_04636
25.85189,94.00506,GSI_INVENTORY,Nagaland,,Slide,Rainfall,point_04637
25.84353,94.01181,GSI_INVENTORY,Nagaland,,Slide,Rainfall,point_04638
25.8,94.0,GSI_INVENTORY,Nagaland,,Slide,Rainfall,point_04639
25.77,93.98,GSI_INVENTORY,Nagaland,,Slide,Rainfall,point_04640
25.736,94.012,GSI_INVENTORY,Nagaland,,Slide, ,point_04641
25.738,94.008,GSI_INVENTORY,Nagaland,,Slide,Heavy rainfall,point_04642
25.733,94.022,GSI_INVENTORY,Nagaland,,Composite, ,point_04643
25.735,94.02,GSI_INVENTORY,Nagaland,,Slide, ,point_04644
25.74697,93.98167,GSI_INVENTORY,Nagaland,,Slide,Inherent slope character and incessant rainfall,point_04645
25.75,93.97,GSI_INVENTORY,Nagaland,,Slide,Anthropogenic,point_04646
25.712,93.949,GSI_INVENTORY,Nagaland,,Slide, ,point_04647
25.76,93.94,GSI_INVENTORY,Nagaland,,Slide,Anthropogenic,point_04648
25.77,93.94,GSI_INVENTORY,Nagaland,,Slide,Anthropogenic,point_04649
25.76,93.95,GSI_INVENTORY,Nagaland,,Slide,Anthropogenic,point_04650
25.76,93.96,GSI_INVENTORY,Nagaland,,Slide,Rainfall,point_04651
25.78,93.92,GSI_INVENTORY,Nagaland,,Slide,Anthropogenic,point_04652
25.78,93.93,GSI_INVENTORY,Nagaland,,Slide,Anthropogenic,point_04653
25.77,93.93,GSI_INVENTORY,Nagaland,,Slide,Anthropogenic,point_04654
25.77,93.9,GSI_INVENTORY,Nagaland,,Slide,Anthropogenic,point_04655
25.77,93.91,GSI_INVENTORY,Nagaland,,Slide,Anthropogenic,point_04656
25.696,93.924,GSI_INVENTORY,Nagaland,,Slide, ,point_04657
25.697,93.916,GSI_INVENTORY,Nagaland,,Slide, ,point_04658
25.688,93.907,GSI_INVENTORY,Nagaland,,Slide, ,point_04659
25.646,93.843,GSI_INVENTORY,Nagaland,,Slide, ,point_04660
25.629,93.855,GSI_INVENTORY,Nagaland,,Slide, ,point_04661
25.615,93.944,GSI_INVENTORY,Nagaland,,Slide,Rainfall,point_04662
25.617,93.941,GSI_INVENTORY,Nagaland,,Slide,Rainfall,point_04663
25.677,94.0202,GSI_INVENTORY,Nagaland,,Slide,Heavy rainfall,point_04664
25.67661,94.02364,GSI_INVENTORY,Nagaland,,Slide, ,point_04665
25.63,94.014,GSI_INVENTORY,Nagaland,,Slide,Heavy rainfall,point_04666
25.645,93.992,GSI_INVENTORY,Nagaland,,Slide,Rainfall,point_04667
25.631,93.999,GSI_INVENTORY,Nagaland,,Slide,Rainfall,point_04668
25.645,94.034,GSI_INVENTORY,Nagaland,,Slide,Heavy rainfall,point_04669
25.646,94.033,GSI_INVENTORY,Nagaland,,Slide,Heavy rainfall,point_04670
25.605,94.051,GSI_INVENTORY,Nagaland,,Fall, ,point_04671
25.61597,94.09208,GSI_INVENTORY,Nagaland,,Slide, ,point_04672
25.617,94.113,GSI_INVENTORY,Nagaland,,Slide,Rainfall,point_04673
25.621,94.11806,GSI_INVENTORY,Nagaland,,Flow,Heavy rainfall,point_04674
25.622,94.114,GSI_INVENTORY,Nagaland,,Composite,Heavy rainfall,point_04675
25.623,94.113,GSI_INVENTORY,Nagaland,,Composite,Heavy rainfall,point_04676
25.63,94.103,GSI_INVENTORY,Nagaland,,Slide,Rainfall,point_04677
25.638,94.109,GSI_INVENTORY,Nagaland,,Composite, ,point_04678
25.63861,94.115,GSI_INVENTORY,Nagaland,,Slide, ,point_04679
25.644,94.107,GSI_INVENTORY,Nagaland,,Slide,Rainfall,point_04680
25.675,94.075,GSI_INVENTORY,Nagaland,,Subsidence, ,point_04681
25.673,94.077,GSI_INVENTORY,Nagaland,,Slide, ,point_04682
25.674,94.081,GSI_INVENTORY,Nagaland,,Subsidence, ,point_04683
25.667,94.089,GSI_INVENTORY,Nagaland,,Composite,Heavy rainfall,point_04684
25.674,94.085,GSI_INVENTORY,Nagaland,,Slide,Heavy rainfall,point_04685
25.67286,94.08883,GSI_INVENTORY,Nagaland,,Slide, ,point_04686
25.669,94.091,GSI_INVENTORY,Nagaland,,Slide,Heavy rainfall,point_04687
25.667,94.094,GSI_INVENTORY,Nagaland,,Slide,Heavy rainfall,point_04688
25.666,94.09,GSI_INVENTORY,Nagaland,,Slide,Heavy rainfall,point_04689
25.65967,94.09297,GSI_INVENTORY,Nagaland,,Slide, ,point_04690
25.65653,94.09061,GSI_INVENTORY,Nagaland,,Slide, ,point_04691
25.65747,94.08611,GSI_INVENTORY,Nagaland,,Slide, ,point_04692
25.659,94.089,GSI_INVENTORY,Nagaland,,Composite,Heavy rainfall,point_04693
25.651,94.097,GSI_INVENTORY,Nagaland,,Slide,Rainfall,point_04694
25.66,94.096,GSI_INVENTORY,Nagaland,,Composite,Heavy rainfall,point_04695
25.662,94.096,GSI_INVENTORY,Nagaland,,Slide,Rainfall,point_04696
25.657,94.102,GSI_INVENTORY,Nagaland,,Composite,Heavy rainfall,point_04697
25.66083,94.10278,GSI_INVENTORY,Nagaland,,Fall, ,point_04698
25.659,94.112,GSI_INVENTORY,Nagaland,,Slide,Heavy rainfall,point_04699
25.659,94.107,GSI_INVENTORY,Nagaland,,Slide,Heavy rainfall,point_04700
25.662,94.108,GSI_INVENTORY,Nagaland,,Slide,Heavy rainfall,point_04701
25.668,94.107,GSI_INVENTORY,Nagaland,,Slide,Rainfall,point_04702
25.66667,94.10972,GSI_INVENTORY,Nagaland,,Slide, ,point_04703
25.663,94.113,GSI_INVENTORY,Nagaland,,Slide,Heavy rainfall,point_04704
25.66264,94.11353,GSI_INVENTORY,Nagaland,,Slide, ,point_04705
25.67,94.113,GSI_INVENTORY,Nagaland,,Slide,Heavy rainfall,point_04706
25.669,94.114,GSI_INVENTORY,Nagaland,,Slide,Rainfall,point_04707
25.67222,94.11083,GSI_INVENTORY,Nagaland,,Slide, ,point_04708
25.67,94.109,GSI_INVENTORY,Nagaland,,Slide,Heavy rainfall,point_04709
25.66917,94.10722,GSI_INVENTORY,Nagaland,,Slide, ,point_04710
25.672,94.106,GSI_INVENTORY,Nagaland,,Slide,Heavy rainfall,point_04711
25.673,94.101,GSI_INVENTORY,Nagaland,,Slide,Heavy rainfall,point_04712
25.672,94.101,GSI_INVENTORY,Nagaland,,Slide,Heavy rainfall,point_04713
25.669,94.104,GSI_INVENTORY,Nagaland,,Slide,Heavy rainfall,point_04714
25.663,94.10439,GSI_INVENTORY,Nagaland,,Slide, ,point_04715
25.665,94.104,GSI_INVENTORY,Nagaland,,Slide,Rainfall,point_04716
25.664,94.101,GSI_INVENTORY,Nagaland,,Slide,Rainfall,point_04717
25.663,94.097,GSI_INVENTORY,Nagaland,,Slide, ,point_04718
25.665,94.096,GSI_INVENTORY,Nagaland,,Composite,Heavy rainfall,point_04719
25.666,94.098,GSI_INVENTORY,Nagaland,,Slide, ,point_04720
25.679,94.096,GSI_INVENTORY,Nagaland,,Slide,Rainfall,point_04721
25.682,94.096,GSI_INVENTORY,Nagaland,,Slide,Heavy rainfall,point_04722
25.683,94.099,GSI_INVENTORY,Nagaland,,Slide, ,point_04723
25.678,94.101,GSI_INVENTORY,Nagaland,,Slide,Heavy rainfall,point_04724
25.677,94.104,GSI_INVENTORY,Nagaland,,Slide,Heavy rainfall,point_04725
25.678,94.109,GSI_INVENTORY,Nagaland,,Slide,Heavy rainfall,point_04726
25.679,94.108,GSI_INVENTORY,Nagaland,,Composite,Rainfall,point_04727
25.68,94.117,GSI_INVENTORY,Nagaland,,Slide,Heavy rainfall,point_04728
25.694,94.107,GSI_INVENTORY,Nagaland,,Slide,Rainfall,point_04729
25.692,94.11,GSI_INVENTORY,Nagaland,,Slide, ,point_04730
25.69506,94.11203,GSI_INVENTORY,Nagaland,,Slide, ,point_04731
25.69583,94.10833,GSI_INVENTORY,Nagaland,,Slide, ,point_04732
25.695,94.108,GSI_INVENTORY,Nagaland,,Slide,Heavy rainfall,point_04733
25.696,94.104,GSI_INVENTORY,Nagaland,,Slide,Heavy rainfall,point_04734
25.697,94.105,GSI_INVENTORY,Nagaland,,Slide,Rainfall,point_04735
25.694,94.103,GSI_INVENTORY,Nagaland,,Slide,Heavy rainfall,point_04736
25.68867,94.09733,GSI_INVENTORY,Nagaland,,Subsidence,Incessant rainfall prior to the reactivation phase,point_04737
25.698,94.085,GSI_INVENTORY,Nagaland,,Slide,Heavy rainfall,point_04738
25.682,94.094,GSI_INVENTORY,Nagaland,,Slide, ,point_04739
25.676,94.083,GSI_INVENTORY,Nagaland,,Subsidence, ,point_04740
25.677,94.081,GSI_INVENTORY,Nagaland,,Slide, ,point_04741
25.677,94.08,GSI_INVENTORY,Nagaland,,Slide,Heavy rainfall,point_04742
25.68044,94.07336,GSI_INVENTORY,Nagaland,,Flow,Inherent slope character and incessant rainfall,point_04743
25.696,94.079,GSI_INVENTORY,Nagaland,,Slide, ,point_04744
25.696,94.08,GSI_INVENTORY,Nagaland,,Composite, ,point_04745
25.695,94.077,GSI_INVENTORY,Nagaland,,Slide, ,point_04746
25.692,94.068,GSI_INVENTORY,Nagaland,,Slide,Heavy rainfall,point_04747
25.692,94.065,GSI_INVENTORY,Nagaland,,Slide,Heavy rainfall,point_04748
25.685,94.059,GSI_INVENTORY,Nagaland,,Slide, ,point_04749
25.68658,94.05319,GSI_INVENTORY,Nagaland,,Slide, ,point_04750
25.682,94.052,GSI_INVENTORY,Nagaland,,Slide,Heavy rainfall,point_04751
25.683,94.054,GSI_INVENTORY,Nagaland,,Subsidence, ,point_04752
25.687,94.062,GSI_INVENTORY,Nagaland,,Slide, ,point_04753
25.68667,94.06361,GSI_INVENTORY,Nagaland,,Slide, ,point_04754
25.679,94.07,GSI_INVENTORY,Nagaland,,Composite,Heavy rainfall,point_04755
25.6715,94.06942,GSI_INVENTORY,Nagaland,,Slide, ,point_04756
25.67,94.062,GSI_INVENTORY,Nagaland,,Slide,Heavy rainfall,point_04757
25.66969,94.06267,GSI_INVENTORY,Nagaland,,Slide, ,point_04758
25.661,94.055,GSI_INVENTORY,Nagaland,,Slide, ,point_04759
25.65778,94.05683,GSI_INVENTORY,Nagaland,,Slide, ,point_04760
25.661,94.054,GSI_INVENTORY,Nagaland,,Slide,Heavy rainfall,point_04761
25.668,94.051,GSI_INVENTORY,Nagaland,,Slide,Heavy rainfall,point_04762
25.667,94.051,GSI_INVENTORY,Nagaland,,Slide, ,point_04763
25.66806,94.05525,GSI_INVENTORY,Nagaland,,Slide, ,point_04764
25.669,94.051,GSI_INVENTORY,Nagaland,,Slide, ,point_04765
25.66897,94.04664,GSI_INVENTORY,Nagaland,,Slide, ,point_04766
25.65072,94.03294,GSI_INVENTORY,Nagaland,,Slide, ,point_04767
25.65275,94.032,GSI_INVENTORY,Nagaland,,Slide, ,point_04768
25.65,94.03,GSI_INVENTORY,Nagaland,,Slide,Heavy rainfall,point_04769
25.652,94.03,GSI_INVENTORY,Nagaland,,Slide,Heavy rainfall,point_04770
25.667,94.035,GSI_INVENTORY,Nagaland,,Fall,Heavy rainfall,point_04771
25.68625,94.04319,GSI_INVENTORY,Nagaland,,Slide,Rainfall,point_04772
25.683,94.038,GSI_INVENTORY,Nagaland,,Slide, ,point_04773
25.693,94.043,GSI_INVENTORY,Nagaland,,Slide, ,point_04774
25.725,94.031,GSI_INVENTORY,Nagaland,,Subsidence, ,point_04775
25.721,94.039,GSI_INVENTORY,Nagaland,,Composite,Heavy rainfall,point_04776
25.708,94.04,GSI_INVENTORY,Nagaland,,Slide, ,point_04777
25.713,94.06,GSI_INVENTORY,Nagaland,,Slide,Heavy rainfall,point_04778
25.711,94.069,GSI_INVENTORY,Nagaland,,Composite,Heavy rainfall,point_04779
25.75956,94.02606,GSI_INVENTORY,Nagaland,,Slide,Rainfall,point_04780
25.76128,94.03242,GSI_INVENTORY,Nagaland,,Slide,Rainfall,point_04781
25.76942,94.03764,GSI_INVENTORY,Nagaland,,Slide,Rainfall,point_04782
25.76058,94.06458,GSI_INVENTORY,Nagaland,,Slide,Rainfall,point_04783
25.76128,94.07219,GSI_INVENTORY,Nagaland,,Slide,Rainfall,point_04784
25.75894,94.07803,GSI_INVENTORY,Nagaland,,Slide,Rainfall,point_04785
25.77358,94.08683,GSI_INVENTORY,Nagaland,,Slide,Rainfall,point_04786
25.77331,94.08486,GSI_INVENTORY,Nagaland,,Slide,Rainfall,point_04787
25.76717,94.07856,GSI_INVENTORY,Nagaland,,Fall,Rainfall,point_04788
25.77103,94.07617,GSI_INVENTORY,Nagaland,,Slide,Rainfall,point_04789
25.77994,94.11656,GSI_INVENTORY,Nagaland,,Subsidence,Rainfall,point_04790
25.77911,94.11558,GSI_INVENTORY,Nagaland,,Slide,Rainfall,point_04791
25.728,94.112,GSI_INVENTORY,Nagaland,,Slide,Heavy rainfall,point_04792
25.72739,94.10103,GSI_INVENTORY,Nagaland,,Slide, ,point_04793
25.72628,94.10003,GSI_INVENTORY,Nagaland,,Slide, ,point_04794
25.728,94.098,GSI_INVENTORY,Nagaland,,Slide,Heavy rainfall,point_04795
25.74467,94.08672,GSI_INVENTORY,Nagaland,,Slide, ,point_04796
25.746,94.078,GSI_INVENTORY,Nagaland,,Slide, ,point_04797
25.749,94.078,GSI_INVENTORY,Nagaland,,Slide, ,point_04798
25.747,94.075,GSI_INVENTORY,Nagaland,,Slide,Heavy rainfall,point_04799
25.748,94.077,GSI_INVENTORY,Nagaland,,Slide, ,point_04800
25.726,94.076,GSI_INVENTORY,Nagaland,,Slide,Rainfall,point_04801
25.729,94.083,GSI_INVENTORY,Nagaland,,Slide,Heavy rainfall,point_04802
25.72894,94.0855,GSI_INVENTORY,Nagaland,,Slide, ,point_04803
25.731,94.087,GSI_INVENTORY,Nagaland,,Slide,Heavy rainfall,point_04804
25.73572,94.08703,GSI_INVENTORY,Nagaland,,Creep, ,point_04805
25.71611,94.08883,GSI_INVENTORY,Nagaland,,Flow,Heavy rainfall,point_04806
25.714,94.087,GSI_INVENTORY,Nagaland,,Slide,Heavy rainfall,point_04807
25.714,94.086,GSI_INVENTORY,Nagaland,,Slide,Heavy rainfall,point_04808
25.716,94.085,GSI_INVENTORY,Nagaland,,Slide,Heavy rainfall,point_04809
25.717,94.086,GSI_INVENTORY,Nagaland,,Slide,Heavy rainfall,point_04810
25.72,94.085,GSI_INVENTORY,Nagaland,,Slide,Rainfall,point_04811
25.721,94.084,GSI_INVENTORY,Nagaland,,Slide,Heavy rainfall,point_04812
25.72194,94.0855,GSI_INVENTORY,Nagaland,,Slide, ,point_04813
25.722,94.081,GSI_INVENTORY,Nagaland,,Slide,Heavy rainfall,point_04814
25.722,94.082,GSI_INVENTORY,Nagaland,,Slide,Heavy rainfall,point_04815
25.701,94.089,GSI_INVENTORY,Nagaland,,Subsidence, ,point_04816
25.711,94.09,GSI_INVENTORY,Nagaland,,Slide,Heavy rainfall,point_04817
25.71281,94.09194,GSI_INVENTORY,Nagaland,,Slide, ,point_04818
25.71092,94.09306,GSI_INVENTORY,Nagaland,,Slide, ,point_04819
25.719,94.105,GSI_INVENTORY,Nagaland,,Composite,Heavy rainfall,point_04820
25.71906,94.10883,GSI_INVENTORY,Nagaland,,Slide, ,point_04821
25.72,94.109,GSI_INVENTORY,Nagaland,,Slide,Heavy rainfall,point_04822
25.704,94.118,GSI_INVENTORY,Nagaland,,Slide,Heavy rainfall,point_04823
25.703,94.137,GSI_INVENTORY,Nagaland,,Slide,Heavy rainfall,point_04824
25.70106,94.14167,GSI_INVENTORY,Nagaland,,Slide, ,point_04825
25.75521,94.17997,GSI_INVENTORY,Nagaland,,Slide,Rainfall,point_04826
25.76769,94.18511,GSI_INVENTORY,Nagaland,,Slide,Rainfall,point_04827
25.78192,94.17117,GSI_INVENTORY,Nagaland,,Slide,Rainfall,point_04828
25.75094,94.19944,GSI_INVENTORY,Nagaland,,Slide,Rainfall,point_04829
25.75058,94.18083,GSI_INVENTORY,Nagaland,,Slide,Rainfall,point_04830
25.75092,94.17887,GSI_INVENTORY,Nagaland,,Slide,Rainfall,point_04831
25.671,94.21,GSI_INVENTORY,Nagaland,,Slide,Rainfall,point_04832
25.671,94.209,GSI_INVENTORY,Nagaland,,Slide,Rainfall,point_04833
25.667,94.21,GSI_INVENTORY,Nagaland,,Slide,Rainfall,point_04834
25.669,94.192,GSI_INVENTORY,Nagaland,,Slide,Rainfall,point_04835
25.688,94.137,GSI_INVENTORY,Nagaland,,Slide,Heavy rainfall,point_04836
25.691,94.121,GSI_INVENTORY,Nagaland,,Slide,Rainfall,point_04837
25.688,94.12,GSI_INVENTORY,Nagaland,,Slide,Heavy rainfall,point_04838
25.688,94.121,GSI_INVENTORY,Nagaland,,Slide,Heavy rainfall,point_04839
25.68375,94.12436,GSI_INVENTORY,Nagaland,,Slide, ,point_04840
25.68703,94.12442,GSI_INVENTORY,Nagaland,,Slide, ,point_04841
25.68525,94.12347,GSI_INVENTORY,Nagaland,,Slide, ,point_04842
25.687,94.12,GSI_INVENTORY,Nagaland,,Composite,Heavy rainfall,point_04843
25.686,94.119,GSI_INVENTORY,Nagaland,,Slide,Heavy rainfall,point_04844
25.685,94.12,GSI_INVENTORY,Nagaland,,Slide,Heavy rainfall,point_04845
25.684,94.119,GSI_INVENTORY,Nagaland,,Slide, ,point_04846
25.683,94.119,GSI_INVENTORY,Nagaland,,Composite, ,point_04847
25.682,94.12,GSI_INVENTORY,Nagaland,,Subsidence,Rainfall,point_04848
25.678,94.122,GSI_INVENTORY,Nagaland,,Composite,Rainfall,point_04849
25.682,94.131,GSI_INVENTORY,Nagaland,,Composite,Rainfall,point_04850
25.68772,94.14044,GSI_INVENTORY,Nagaland,,Slide, ,point_04851
25.671,94.14,GSI_INVENTORY,Nagaland,,Composite,Rainfall,point_04852
25.653,94.123,GSI_INVENTORY,Nagaland,,Slide,Rainfall,point_04853
25.654,94.122,GSI_INVENTORY,Nagaland,,Slide,Rainfall,point_04854
25.653,94.121,GSI_INVENTORY,Nagaland,,Slide,Rainfall,point_04855
25.652,94.121,GSI_INVENTORY,Nagaland,,Slide,Rainfall,point_04856
25.651,94.119,GSI_INVENTORY,Nagaland,,Slide,Rainfall,point_04857
25.651,94.12,GSI_INVENTORY,Nagaland,,Slide,Rainfall,point_04858
25.651,94.121,GSI_INVENTORY,Nagaland,,Slide,Rainfall,point_04859
25.65,94.122,GSI_INVENTORY,Nagaland,,Slide,Rainfall,point_04860
25.652,94.122,GSI_INVENTORY,Nagaland,,Slide,Rainfall,point_04861
25.652,94.154,GSI_INVENTORY,Nagaland,,Slide,Rainfall,point_04862
25.648,94.124,GSI_INVENTORY,Nagaland,,Slide,Rainfall,point_04863
25.649,94.121,GSI_INVENTORY,Nagaland,,Slide,Rainfall,point_04864
25.61,94.139,GSI_INVENTORY,Nagaland,,Slide, ,point_04865
25.608,94.146,GSI_INVENTORY,Nagaland,,Slide,Rainfall,point_04866
25.631,94.174,GSI_INVENTORY,Nagaland,,Slide,Heavy rainfall,point_04867
25.646,94.177,GSI_INVENTORY,Nagaland,,Subsidence, ,point_04868
25.62978,94.19514,GSI_INVENTORY,Nagaland,,Slide, ,point_04869
25.642,94.201,GSI_INVENTORY,Nagaland,,Composite,Rainfall,point_04870
25.631,94.203,GSI_INVENTORY,Nagaland,,Slide,Rainfall,point_04871
25.624,94.206,GSI_INVENTORY,Nagaland,,Slide,Rainfall,point_04872
25.622,94.206,GSI_INVENTORY,Nagaland,,Slide,Rainfall,point_04873
25.619,94.206,GSI_INVENTORY,Nagaland,,Slide,Rainfall,point_04874
25.618,94.209,GSI_INVENTORY,Nagaland,,Slide, ,point_04875
25.612,94.209,GSI_INVENTORY,Nagaland,,Subsidence, ,point_04876
25.62153,94.19439,GSI_INVENTORY,Nagaland,,Slide, ,point_04877
25.61092,94.20064,GSI_INVENTORY,Nagaland,,Slide, ,point_04878
25.61275,94.21517,GSI_INVENTORY,Nagaland,,Slide, ,point_04879
25.621,94.212,GSI_INVENTORY,Nagaland,,Slide,Heavy rainfall,point_04880
25.622,94.212,GSI_INVENTORY,Nagaland,,Slide,Rainfall,point_04881
25.62067,94.21483,GSI_INVENTORY,Nagaland,,Slide, ,point_04882
25.63,94.25,GSI_INVENTORY,Nagaland,,Slide, ,point_04883
25.631,94.257,GSI_INVENTORY,Nagaland,,Slide,Rainfall,point_04884
25.632,94.257,GSI_INVENTORY,Nagaland,,Slide,Rainfall,point_04885
25.634,94.255,GSI_INVENTORY,Nagaland,,Slide,Rainfall,point_04886
25.635,94.253,GSI_INVENTORY,Nagaland,,Slide,Rainfall,point_04887
25.635,94.252,GSI_INVENTORY,Nagaland,,Slide,Rainfall,point_04888
25.632,94.25,GSI_INVENTORY,Nagaland,,Slide,Rainfall,point_04889
25.63669,94.21986,GSI_INVENTORY,Nagaland,,Slide, ,point_04890
25.635,94.217,GSI_INVENTORY,Nagaland,,Slide,Rainfall,point_04891
25.628,94.211,GSI_INVENTORY,Nagaland,,Slide,Rainfall,point_04892
25.632,94.215,GSI_INVENTORY,Nagaland,,Slide,Rainfall,point_04893
25.655,94.234,GSI_INVENTORY,Nagaland,,Slide,Heavy rainfall,point_04894
25.672,94.218,GSI_INVENTORY,Nagaland,,Slide,Rainfall,point_04895
25.671,94.217,GSI_INVENTORY,Nagaland,,Slide,Rainfall,point_04896
25.669,94.218,GSI_INVENTORY,Nagaland,,Slide,Rainfall,point_04897
25.665,94.216,GSI_INVENTORY,Nagaland,,Slide,Rainfall,point_04898
25.665,94.215,GSI_INVENTORY,Nagaland,,Slide,Rainfall,point_04899
25.665,94.214,GSI_INVENTORY,Nagaland,,Slide,Rainfall,point_04900
25.667,94.211,GSI_INVENTORY,Nagaland,,Slide,Rainfall,point_04901
25.67,94.211,GSI_INVENTORY,Nagaland,,Slide,Rainfall,point_04902
25.677,94.241,GSI_INVENTORY,Nagaland,,Slide, ,point_04903
25.684,94.246,GSI_INVENTORY,Nagaland,,Slide, ,point_04904
25.667,94.254,GSI_INVENTORY,Nagaland,,Slide,Rainfall,point_04905
25.667,94.253,GSI_INVENTORY,Nagaland,,Slide,Rainfall,point_04906
25.665,94.247,GSI_INVENTORY,Nagaland,,Slide,Heavy rainfall,point_04907
25.673,94.239,GSI_INVENTORY,Nagaland,,Slide, ,point_04908
25.666,94.244,GSI_INVENTORY,Nagaland,,Slide,Heavy rainfall,point_04909
25.666,94.258,GSI_INVENTORY,Nagaland,,Slide,Rainfall,point_04910
25.681,94.285,GSI_INVENTORY,Nagaland,,Slide,Rainfall,point_04911
25.68,94.287,GSI_INVENTORY,Nagaland,,Slide,Rainfall,point_04912
25.652,94.288,GSI_INVENTORY,Nagaland,,Slide, ,point_04913
25.651,94.289,GSI_INVENTORY,Nagaland,,Slide, ,point_04914
25.63,94.259,GSI_INVENTORY,Nagaland,,Slide,Rainfall,point_04915
25.629,94.274,GSI_INVENTORY,Nagaland,,Slide,Rainfall,point_04916
25.629,94.273,GSI_INVENTORY,Nagaland,,Slide,Rainfall,point_04917
25.601,94.31,GSI_INVENTORY,Nagaland,,Slide,Rainfall,point_04918
25.607,94.321,GSI_INVENTORY,Nagaland,,Slide,Rainfall,point_04919
25.614,94.319,GSI_INVENTORY,Nagaland,,Slide,Rainfall,point_04920
25.625,94.335,GSI_INVENTORY,Nagaland,,Slide,Rainfall,point_04921
25.625,94.345,GSI_INVENTORY,Nagaland,,Slide,Rainfall,point_04922
25.624,94.348,GSI_INVENTORY,Nagaland,,Slide,Rainfall,point_04923
25.623,94.336,GSI_INVENTORY,Nagaland,,Slide,Rainfall,point_04924
25.621,94.335,GSI_INVENTORY,Nagaland,,Slide,Rainfall,point_04925
25.62,94.332,GSI_INVENTORY,Nagaland,,Slide,Rainfall,point_04926
25.623,94.354,GSI_INVENTORY,Nagaland,,Slide,Rainfall,point_04927
25.624,94.361,GSI_INVENTORY,Nagaland,,Slide,Rainfall,point_04928
25.646,94.378,GSI_INVENTORY,Nagaland,,Subsidence, ,point_04929
25.647,94.378,GSI_INVENTORY,Nagaland,,Slide,Rainfall,point_04930
25.647,94.361,GSI_INVENTORY,Nagaland,,Slide,Rainfall,point_04931
25.661,94.388,GSI_INVENTORY,Nagaland,,Slide,Rainfall,point_04932
25.67,94.382,GSI_INVENTORY,Nagaland,,Slide,Rainfall,point_04933
25.681,94.387,GSI_INVENTORY,Nagaland,,Slide,Rainfall,point_04934
25.695,94.349,GSI_INVENTORY,Nagaland,,Slide,Heavy rainfall,point_04935
25.696,94.32,GSI_INVENTORY,Nagaland,,Composite,Rainfall,point_04936
25.696,94.318,GSI_INVENTORY,Nagaland,,Slide,Rainfall,point_04937
25.713,94.309,GSI_INVENTORY,Nagaland,,Slide,Heavy rainfall,point_04938
25.736,94.329,GSI_INVENTORY,Nagaland,,Slide,Rainfall,point_04939
25.745,94.338,GSI_INVENTORY,Nagaland,,Slide,Rainfall,point_04940
25.744,94.337,GSI_INVENTORY,Nagaland,,Slide,Rainfall,point_04941
25.703,94.338,GSI_INVENTORY,Nagaland,,Slide,Rainfall,point_04942
25.708,94.386,GSI_INVENTORY,Nagaland,,Fall,Rainfall,point_04943
25.77092,94.35732,GSI_INVENTORY,Nagaland,,Slide,Rainfall,point_04944
25.76011,94.36653,GSI_INVENTORY,Nagaland,,Slide,Rainfall,point_04945
25.75658,94.36369,GSI_INVENTORY,Nagaland,,Subsidence,Rainfall,point_04946
25.78328,94.38831,GSI_INVENTORY,Nagaland,,Slide,Rainfall,point_04947
25.75169,94.31636,GSI_INVENTORY,Nagaland,,Slide,Rainfall,point_04948
25.75062,94.23736,GSI_INVENTORY,Nagaland,,Slide,Rainfall,point_04949
25.744,94.242,GSI_INVENTORY,Nagaland,,Slide, ,point_04950
25.743,94.242,GSI_INVENTORY,Nagaland,,Slide, ,point_04951
25.742,94.245,GSI_INVENTORY,Nagaland,,Slide, ,point_04952
25.75281,94.21331,GSI_INVENTORY,Nagaland,,Slide,Rainfall,point_04953
25.76146,94.2171,GSI_INVENTORY,Nagaland,,Slide,Rainfall,point_04954
25.767,94.22978,GSI_INVENTORY,Nagaland,,Slide,Rainfall,point_04955
25.75764,94.22358,GSI_INVENTORY,Nagaland,,Slide,Rainfall,point_04956
25.75644,94.24533,GSI_INVENTORY,Nagaland,,Slide,Rainfall,point_04957
25.75714,94.24619,GSI_INVENTORY,Nagaland,,Slide,Rainfall,point_04958
25.78875,94.23411,GSI_INVENTORY,Nagaland,,Slide,Rainfall,point_04959
25.80686,94.23733,GSI_INVENTORY,Nagaland,,Slide,Rainfall,point_04960
25.80497,94.24109,GSI_INVENTORY,Nagaland,,Slide,Rainfall,point_04961
25.82856,94.23953,GSI_INVENTORY,Nagaland,,Slide,Rainfall,point_04962
25.88164,94.21286,GSI_INVENTORY,Nagaland,,Slide,Rainfall,point_04963
25.87886,94.22133,GSI_INVENTORY,Nagaland,,Slide,Rainfall,point_04964
25.87892,94.22389,GSI_INVENTORY,Nagaland,,Fall,Rainfall,point_04965
25.88008,94.23417,GSI_INVENTORY,Nagaland,,Slide,Rainfall,point_04966
25.88521,94.24449,GSI_INVENTORY,Nagaland,,Slide,Rainfall,point_04967
25.89203,94.27453,GSI_INVENTORY,Nagaland,,Slide,Rainfall,point_04968
25.88906,94.27836,GSI_INVENTORY,Nagaland,,Slide,Rainfall,point_04969
25.88086,94.30067,GSI_INVENTORY,Nagaland,,Slide,Rainfall,point_04970
25.81719,94.28006,GSI_INVENTORY,Nagaland,,Slide,Rainfall,point_04971
25.84497,94.32861,GSI_INVENTORY,Nagaland,,Slide,Rainfall,point_04972
25.86672,94.37264,GSI_INVENTORY,Nagaland,,Slide,Rainfall,point_04973
25.90161,94.39369,GSI_INVENTORY,Nagaland,,Slide,Rainfall,point_04974
25.87975,94.35872,GSI_INVENTORY,Nagaland,,Slide,Rainfall,point_04975
25.87711,94.34325,GSI_INVENTORY,Nagaland,,Slide,Rainfall,point_04976
25.86919,94.32489,GSI_INVENTORY,Nagaland,,Fall,Rainfall,point_04977
25.97757,94.32222,GSI_INVENTORY,Nagaland,,Slide,Rainfall,point_04978
25.99878,94.26485,GSI_INVENTORY,Nagaland,,Slide,Rainfall,point_04979
25.93606,94.21644,GSI_INVENTORY,Nagaland,,Slide,Rainfall,point_04980
25.96686,94.2215,GSI_INVENTORY,Nagaland,,Slide,Rainfall,point_04981
25.96594,94.21697,GSI_INVENTORY,Nagaland,,Slide,Rainfall,point_04982
25.96192,94.21619,GSI_INVENTORY,Nagaland,,Slide,Rainfall,point_04983
25.97008,94.21364,GSI_INVENTORY,Nagaland,,Slide,Rainfall,point_04984
25.97092,94.21403,GSI_INVENTORY,Nagaland,,Slide,Rainfall,point_04985
26.00214,94.25397,GSI_INVENTORY,Nagaland,,Slide,Rainfall,point_04986
26.00197,94.18367,GSI_INVENTORY,Nagaland,,Subsidence,Incessant rainfall prior to the reactivation phase,point_04987
25.9799,94.15228,GSI_INVENTORY,Nagaland,,Slide,Rainfall,point_04988
25.91544,94.11964,GSI_INVENTORY,Nagaland,,Fall,Rainfall,point_04989
25.91058,94.20642,GSI_INVENTORY,Nagaland,,Slide,Rainfall,point_04990
25.89639,94.20356,GSI_INVENTORY,Nagaland,,Slide,Rainfall,point_04991
25.89125,94.20231,GSI_INVENTORY,Nagaland,,Slide,Rainfall,point_04992
25.88936,94.20058,GSI_INVENTORY,Nagaland,,Slide,Rainfall,point_04993
25.86778,94.16806,GSI_INVENTORY,Nagaland,,Slide,Rainfall,point_04994
25.84586,94.19025,GSI_INVENTORY,Nagaland,,Subsidence,Rainfall,point_04995
25.84469,94.19583,GSI_INVENTORY,Nagaland,,Slide,Rainfall,point_04996
25.84961,94.15681,GSI_INVENTORY,Nagaland,,Slide,Rainfall,point_04997
25.85067,94.15467,GSI_INVENTORY,Nagaland,,Slide,Rainfall,point_04998
25.84036,94.15217,GSI_INVENTORY,Nagaland,,Slide,Rainfall,point_04999
25.83978,94.15033,GSI_INVENTORY,Nagaland,,Slide,Rainfall,point_05000
25.83889,94.15269,GSI_INVENTORY,Nagaland,,Slide, ,point_05001
25.83967,94.14922,GSI_INVENTORY,Nagaland,,Slide,Rainfall,point_05002
25.83986,94.15528,GSI_INVENTORY,Nagaland,,Slide, ,point_05003
25.82428,94.14747,GSI_INVENTORY,Nagaland,,Slide,Rainfall,point_05004
25.80872,94.13828,GSI_INVENTORY,Nagaland,,Slide,Rainfall,point_05005
25.85442,94.15525,GSI_INVENTORY,Nagaland,,Subsidence,Rainfall,point_05006
25.85453,94.15725,GSI_INVENTORY,Nagaland,,Subsidence,Rainfall,point_05007
25.85944,94.16014,GSI_INVENTORY,Nagaland,,Slide,Rainfall,point_05008
25.84017,94.11519,GSI_INVENTORY,Nagaland,,Slide,Rainfall,point_05009
25.82703,94.07814,GSI_INVENTORY,Nagaland,,Slide,Rainfall,point_05010
25.829,94.07528,GSI_INVENTORY,Nagaland,,Slide,Rainfall,point_05011
25.83025,94.07664,GSI_INVENTORY,Nagaland,,Subsidence,Rainfall,point_05012
25.83233,94.07331,GSI_INVENTORY,Nagaland,,Slide,Rainfall,point_05013
25.84981,94.05708,GSI_INVENTORY,Nagaland,,Slide,Rainfall,point_05014
25.84744,94.05636,GSI_INVENTORY,Nagaland,,Slide,Rainfall,point_05015
25.84322,94.05314,GSI_INVENTORY,Nagaland,,Slide,Rainfall,point_05016
25.84575,94.05508,GSI_INVENTORY,Nagaland,,Slide,Rainfall,point_05017
25.83972,94.05033,GSI_INVENTORY,Nagaland,,Slide,Rainfall,point_05018
25.83303,94.05006,GSI_INVENTORY,Nagaland,,Slide,Rainfall,point_05019
25.83281,94.06175,GSI_INVENTORY,Nagaland,,Slide,Rainfall,point_05020
25.80381,94.06556,GSI_INVENTORY,Nagaland,,Slide,Rainfall,point_05021
25.82678,94.04783,GSI_INVENTORY,Nagaland,,Slide,Rainfall,point_05022
25.87564,94.0395,GSI_INVENTORY,Nagaland,,Slide,Rainfall,point_05023
25.86572,94.04881,GSI_INVENTORY,Nagaland,,Slide,Rainfall,point_05024
25.86416,94.04726,GSI_INVENTORY,Nagaland,,Slide,Rainfall,point_05025
25.86547,94.04994,GSI_INVENTORY,Nagaland,,Slide,Rainfall,point_05026
25.86061,94.0555,GSI_INVENTORY,Nagaland,,Slide,Rainfall,point_05027
25.87989,94.03542,GSI_INVENTORY,Nagaland,,Slide,Rainfall,point_05028
25.88053,94.03533,GSI_INVENTORY,Nagaland,,Slide,Rainfall,point_05029
25.88192,94.03569,GSI_INVENTORY,Nagaland,,Slide,Rainfall,point_05030
25.88421,94.0262,GSI_INVENTORY,Nagaland,,Slide,Rainfall,point_05031
25.90717,94.04158,GSI_INVENTORY,Nagaland,,Slide,Rainfall,point_05032
25.94394,94.02656,GSI_INVENTORY,Nagaland,,Slide,Rainfall,point_05033
25.9545,94.04008,GSI_INVENTORY,Nagaland,,Slide,Rainfall,point_05034
25.94211,94.04625,GSI_INVENTORY,Nagaland,,Slide,Rainfall,point_05035
25.9365,94.04769,GSI_INVENTORY,Nagaland,,Slide,Rainfall,point_05036
25.93072,94.04842,GSI_INVENTORY,Nagaland,,Slide,Rainfall,point_05037
25.93117,94.04889,GSI_INVENTORY,Nagaland,,Slide,Rainfall,point_05038
25.90543,94.09739,GSI_INVENTORY,Nagaland,,Slide,Rainfall,point_05039
25.93569,94.11147,GSI_INVENTORY,Nagaland,,Slide,Rainfall,point_05040
25.93061,94.11214,GSI_INVENTORY,Nagaland,,Slide,Rainfall,point_05041
25.92973,94.07248,GSI_INVENTORY,Nagaland,,Slide,Rainfall,point_05042
25.96675,94.03192,GSI_INVENTORY,Nagaland,,Slide,Rainfall,point_05043
25.95747,94.03628,GSI_INVENTORY,Nagaland,,Slide,Rainfall,point_05044
25.99316,94.0348,GSI_INVENTORY,Nagaland,,Slide,Rainfall,point_05045
25.98446,94.03164,GSI_INVENTORY,Nagaland,,Slide,Rainfall,point_05046
26.00453,94.03958,GSI_INVENTORY,Nagaland,,Slide,Rainfall,point_05047
26.00592,94.03967,GSI_INVENTORY,Nagaland,,Slide,Rainfall,point_05048
25.99533,94.03136,GSI_INVENTORY,Nagaland,,Slide,Rainfall,point_05049
25.99875,94.0262,GSI_INVENTORY,Nagaland,,Slide,Rainfall,point_05050
25.99974,94.03006,GSI_INVENTORY,Nagaland,,Slide,Rainfall,point_05051
26.00833,94.03233,GSI_INVENTORY,Nagaland,,Slide,Rainfall,point_05052
26.01289,94.04422,GSI_INVENTORY,Nagaland,,Slide,Rainfall,point_05053
26.02108,94.04036,GSI_INVENTORY,Nagaland,,Slide,Rainfall,point_05054
26.05316,94.04517,GSI_INVENTORY,Nagaland,,Slide,Rainfall,point_05055
26.05352,94.04436,GSI_INVENTORY,Nagaland,,Slide,Rainfall,point_05056
26.05501,94.04432,GSI_INVENTORY,Nagaland,,Slide,Rainfall,point_05057
26.03738,94.03739,GSI_INVENTORY,Nagaland,,Slide,Rainfall,point_05058
26.08792,94.09806,GSI_INVENTORY,Nagaland,,Slide,Rainfall,point_05059
26.09153,94.10081,GSI_INVENTORY,Nagaland,,Slide,Rainfall,point_05060
26.09806,94.10547,GSI_INVENTORY,Nagaland,,Slide,Rainfall,point_05061
26.08444,94.09,GSI_INVENTORY,Nagaland,,Slide,Rainfall,point_05062
26.13464,94.04928,GSI_INVENTORY,Nagaland,,Slide,Rainfall,point_05063
26.20939,94.11641,GSI_INVENTORY,Nagaland,,Slide,Rainfall,point_05064
26.18064,94.10103,GSI_INVENTORY,Nagaland,,Slide,Rainfall,point_05065
26.10917,94.11617,GSI_INVENTORY,Nagaland,,Slide,Rainfall,point_05066
26.11139,94.11903,GSI_INVENTORY,Nagaland,,Slide,Rainfall,point_05067
26.12217,94.13153,GSI_INVENTORY,Nagaland,,Slide,Rainfall,point_05068
26.12556,94.13464,GSI_INVENTORY,Nagaland,,Slide,Rainfall,point_05069
26.1295,94.13611,GSI_INVENTORY,Nagaland,,Slide,Rainfall,point_05070
26.13042,94.13889,GSI_INVENTORY,Nagaland,,Slide,Rainfall,point_05071
26.14372,94.15111,GSI_INVENTORY,Nagaland,,Slide,Rainfall,point_05072
26.179,94.18261,GSI_INVENTORY,Nagaland,,Slide,Rainfall,point_05073
26.20842,94.20439,GSI_INVENTORY,Nagaland,,Slide,Rainfall,point_05074
26.08875,94.20244,GSI_INVENTORY,Nagaland,,Slide,Rainfall,point_05075
26.0905,94.20458,GSI_INVENTORY,Nagaland,,Slide,Rainfall,point_05076
26.01653,94.17106,GSI_INVENTORY,Nagaland,,Slide,Rainfall,point_05077
26.01356,94.25514,GSI_INVENTORY,Nagaland,,Slide,Rainfall,point_05078
26.01633,94.25431,GSI_INVENTORY,Nagaland,,Slide,Rainfall,point_05079
26.017,94.25431,GSI_INVENTORY,Nagaland,,Slide,Rainfall,point_05080
26.0325,94.256,GSI_INVENTORY,Nagaland,,Slide,Rainfall,point_05081
26.03336,94.25711,GSI_INVENTORY,Nagaland,,Slide,Rainfall,point_05082
26.06789,94.22489,GSI_INVENTORY,Nagaland,,Slide,Rainfall,point_05083
26.06972,94.22344,GSI_INVENTORY,Nagaland,,Subsidence,Rainfall,point_05084
26.09397,94.21742,GSI_INVENTORY,Nagaland,,Slide,Rainfall,point_05085
26.10158,94.25322,GSI_INVENTORY,Nagaland,,Slide,Rainfall,point_05086
26.09678,94.25261,GSI_INVENTORY,Nagaland,,Slide,Rainfall,point_05087
26.09672,94.25369,GSI_INVENTORY,Nagaland,,Slide,Rainfall,point_05088
26.09006,94.25617,GSI_INVENTORY,Nagaland,,Slide,Rainfall,point_05089
26.05925,94.24447,GSI_INVENTORY,Nagaland,,Slide,Rainfall,point_05090
26.05925,94.25197,GSI_INVENTORY,Nagaland,,Slide,Rainfall,point_05091
26.06597,94.27039,GSI_INVENTORY,Nagaland,,Slide,Rainfall,point_05092
26.08539,94.258,GSI_INVENTORY,Nagaland,,Slide,Rainfall,point_05093
26.08553,94.25756,GSI_INVENTORY,Nagaland,,Slide,Rainfall,point_05094
26.08481,94.26308,GSI_INVENTORY,Nagaland,,Slide,Rainfall,point_05095
26.08297,94.26753,GSI_INVENTORY,Nagaland,,Slide,Rainfall,point_05096
26.08836,94.26422,GSI_INVENTORY,Nagaland,,Slide,Rainfall,point_05097
26.09478,94.25928,GSI_INVENTORY,Nagaland,,Slide,Rainfall,point_05098
26.10558,94.25778,GSI_INVENTORY,Nagaland,,Slide,Rainfall,point_05099
26.07031,94.28059,GSI_INVENTORY,Nagaland,,Slide,Rainfall,point_05100
26.03714,94.25831,GSI_INVENTORY,Nagaland,,Slide,Rainfall,point_05101
26.03353,94.25731,GSI_INVENTORY,Nagaland,,Slide,Rainfall,point_05102
26.02228,94.25756,GSI_INVENTORY,Nagaland,,Slide,Rainfall,point_05103
26.05617,94.3065,GSI_INVENTORY,Nagaland,,Slide,Rainfall,point_05104
26.05367,94.30792,GSI_INVENTORY,Nagaland,,Slide,Rainfall,point_05105
26.02639,94.33172,GSI_INVENTORY,Nagaland,,Slide,Rainfall,point_05106
26.10367,94.36314,GSI_INVENTORY,Nagaland,,Slide,Rainfall,point_05107
26.08872,94.34983,GSI_INVENTORY,Nagaland,,Topple,Rainfall,point_05108
26.10453,94.35383,GSI_INVENTORY,Nagaland,,Slide,Rainfall,point_05109
26.10733,94.33914,GSI_INVENTORY,Nagaland,,Slide,Rainfall,point_05110
26.10494,94.3375,GSI_INVENTORY,Nagaland,,Slide,Rainfall,point_05111
26.09056,94.34908,GSI_INVENTORY,Nagaland,,Slide,Rainfall,point_05112
26.08981,94.34931,GSI_INVENTORY,Nagaland,,Slide,Rainfall,point_05113
26.06803,94.31783,GSI_INVENTORY,Nagaland,,Subsidence,Rainfall,point_05114
26.06719,94.31761,GSI_INVENTORY,Nagaland,,Slide,Rainfall,point_05115
26.11636,94.32378,GSI_INVENTORY,Nagaland,,Slide,Rainfall,point_05116
26.13192,94.32361,GSI_INVENTORY,Nagaland,,Slide,Rainfall,point_05117
26.12722,94.30644,GSI_INVENTORY,Nagaland,,Slide,Rainfall,point_05118
26.11719,94.33697,GSI_INVENTORY,Nagaland,,Slide,Rainfall,point_05119
26.11575,94.33075,GSI_INVENTORY,Nagaland,,Slide,Rainfall,point_05120
26.11333,94.33861,GSI_INVENTORY,Nagaland,,Slide,Rainfall,point_05121
26.1125,94.34756,GSI_INVENTORY,Nagaland,,Slide,Rainfall,point_05122
26.193,94.29297,GSI_INVENTORY,Nagaland,,Slide,Rainfall,point_05123
26.19328,94.29522,GSI_INVENTORY,Nagaland,,Slide,Rainfall,point_05124
26.19267,94.28219,GSI_INVENTORY,Nagaland,,Slide,Rainfall,point_05125
26.19161,94.28436,GSI_INVENTORY,Nagaland,,Slide,Rainfall,point_05126
26.19297,94.28322,GSI_INVENTORY,Nagaland,,Slide,Rainfall,point_05127
26.18258,94.26336,GSI_INVENTORY,Nagaland,,Slide,Rainfall,point_05128
26.18261,94.26486,GSI_INVENTORY,Nagaland,,Subsidence,Rainfall,point_05129
26.18389,94.26547,GSI_INVENTORY,Nagaland,,Subsidence,Rainfall,point_05130
26.12381,94.29489,GSI_INVENTORY,Nagaland,,Slide,Rainfall,point_05131
26.11128,94.25719,GSI_INVENTORY,Nagaland,,Slide,Rainfall,point_05132
26.11219,94.25911,GSI_INVENTORY,Nagaland,,Slide,Rainfall,point_05133
26.15508,94.25036,GSI_INVENTORY,Nagaland,,Slide,Rainfall,point_05134
26.15331,94.24061,GSI_INVENTORY,Nagaland,,Slide,Rainfall,point_05135
26.15228,94.24106,GSI_INVENTORY,Nagaland,,Slide,Rainfall,point_05136
26.14425,94.24619,GSI_INVENTORY,Nagaland,,Slide,Rainfall,point_05137
26.11422,94.25442,GSI_INVENTORY,Nagaland,,Slide,Rainfall,point_05138
26.16939,94.24675,GSI_INVENTORY,Nagaland,,Slide,Rainfall,point_05139
26.18094,94.24947,GSI_INVENTORY,Nagaland,,Subsidence,Rainfall,point_05140
26.19306,94.2465,GSI_INVENTORY,Nagaland,,Slide,Rainfall,point_05141
26.20403,94.23839,GSI_INVENTORY,Nagaland,,Slide,Rainfall,point_05142
26.2095,94.23208,GSI_INVENTORY,Nagaland,,Slide,Rainfall,point_05143
26.20611,94.22333,GSI_INVENTORY,Nagaland,,Slide,Rainfall,point_05144
26.20653,94.22333,GSI_INVENTORY,Nagaland,,Slide,Rainfall,point_05145
26.20297,94.21342,GSI_INVENTORY,Nagaland,,Slide,Rainfall,point_05146
26.20589,94.22158,GSI_INVENTORY,Nagaland,,Slide,Rainfall,point_05147
26.20678,94.215,GSI_INVENTORY,Nagaland,,Slide,Rainfall,point_05148
26.20447,94.21486,GSI_INVENTORY,Nagaland,,Slide,Rainfall,point_05149
26.21389,94.21111,GSI_INVENTORY,Nagaland,,Slide,Rainfall,point_05150
26.21589,94.21208,GSI_INVENTORY,Nagaland,,Slide,Rainfall,point_05151
26.22231,94.21406,GSI_INVENTORY,Nagaland,,Slide,Rainfall,point_05152
26.22697,94.21181,GSI_INVENTORY,Nagaland,,Slide,Rainfall,point_05153
26.23472,94.21525,GSI_INVENTORY,Nagaland,,Slide,Rainfall,point_05154
26.23103,94.21708,GSI_INVENTORY,Nagaland,,Slide,Rainfall,point_05155
26.21222,94.234,GSI_INVENTORY,Nagaland,,Slide,Rainfall,point_05156
26.21286,94.23589,GSI_INVENTORY,Nagaland,,Slide,Rainfall,point_05157
26.21439,94.23669,GSI_INVENTORY,Nagaland,,Slide,Rainfall,point_05158
26.21658,94.24056,GSI_INVENTORY,Nagaland,,Slide,Rainfall,point_05159
26.21103,94.24139,GSI_INVENTORY,Nagaland,,Slide,Rainfall,point_05160
26.23528,94.21556,GSI_INVENTORY,Nagaland,,Slide,Rainfall,point_05161
26.237,94.21261,GSI_INVENTORY,Nagaland,,Slide,Rainfall,point_05162
26.23564,94.21342,GSI_INVENTORY,Nagaland,,Slide,Rainfall,point_05163
26.23634,94.21222,GSI_INVENTORY,Nagaland,,Slide,Rainfall,point_05164
26.29989,94.24967,GSI_INVENTORY,Nagaland,,Slide,Rainfall,point_05165
26.29325,94.25181,GSI_INVENTORY,Nagaland,,Slide,Earthquake,point_05166
26.2905,94.39322,GSI_INVENTORY,Nagaland,,Slide,Rainfall,point_05167
26.28622,94.36417,GSI_INVENTORY,Nagaland,,Slide,Rainfall,point_05168
26.41,94.37,GSI_INVENTORY,Nagaland,,Slide, ,point_05169
26.33383,94.28433,GSI_INVENTORY,Nagaland,,Slide,Rainfall,point_05170
26.33133,94.28039,GSI_INVENTORY,Nagaland,,Slide,Rainfall,point_05171
26.33103,94.27917,GSI_INVENTORY,Nagaland,,Slide,Rainfall,point_05172
26.33,94.27983,GSI_INVENTORY,Nagaland,,Slide,Rainfall,point_05173
26.23786,94.20503,GSI_INVENTORY,Nagaland,,Slide,Rainfall,point_05174
26.23925,94.20222,GSI_INVENTORY,Nagaland,,Slide,Rainfall,point_05175
26.23869,94.20394,GSI_INVENTORY,Nagaland,,Slide,Rainfall,point_05176
26.23917,94.20061,GSI_INVENTORY,Nagaland,,Slide,Rainfall,point_05177
26.23675,94.20964,GSI_INVENTORY,Nagaland,,Slide,Rainfall,point_05178
26.21311,94.20892,GSI_INVENTORY,Nagaland,,Slide,Rainfall,point_05179
26.23008,94.198,GSI_INVENTORY,Nagaland,,Slide,Rainfall,point_05180
26.22249,94.16727,GSI_INVENTORY,Nagaland,,Slide,Rainfall,point_05181
26.26,94.15,GSI_INVENTORY,Nagaland,,Slide,Rainfall,point_05182
26.23294,94.13064,GSI_INVENTORY,Nagaland,,Slide,Rainfall,point_05183
26.28,94.13,GSI_INVENTORY,Nagaland,,Fall,Rainfall,point_05184
26.27,94.14,GSI_INVENTORY,Nagaland,,Slide,Rainfall,point_05185
26.3,94.11,GSI_INVENTORY,Nagaland,,Slide,Rainfall,point_05186
26.29,94.11,GSI_INVENTORY,Nagaland,,Slide,Rainfall,point_05187
26.21297,94.11658,GSI_INVENTORY,Nagaland,,Slide,Rainfall,point_05188
26.23917,94.07111,GSI_INVENTORY,Nagaland,,Slide,Rainfall,point_05189
26.12972,94.01919,GSI_INVENTORY,Nagaland,,Slide,Rainfall,point_05190
26.0075,94.02144,GSI_INVENTORY,Nagaland,,Slide,Rainfall,point_05191
26.01139,94.02272,GSI_INVENTORY,Nagaland,,Slide,Rainfall,point_05192
26.01372,94.00908,GSI_INVENTORY,Nagaland,,Slide,Rainfall,point_05193
26.0225,94.00444,GSI_INVENTORY,Nagaland,,Fall,Rainfall,point_05194
26.0074,93.9988,GSI_INVENTORY,Nagaland,,Slide,1. Incessant rainfall 2. Slope cut for road,point_05195
26.0073,93.9983,GSI_INVENTORY,Nagaland,,Slide,1. Incessant rainfall 2. Slope cut for road,point_05196
26.07256,93.928,GSI_INVENTORY,Nagaland,,Slide,Rainfall,point_05197
26.34838,93.78208,GSI_INVENTORY,Assam,,Slide,Road cut& Rainfall,point_05198
26.34938,93.78091,GSI_INVENTORY,Assam,,Slide,Roadcut& Rainfall,point_05199
26.35622,93.77941,GSI_INVENTORY,Assam,,Slide,Roadcut & Rainfall,point_05200
26.34075,93.78861,GSI_INVENTORY,Assam,,Slide,Roadcut& Rainfall,point_05201
26.3466,93.7356,GSI_INVENTORY,Assam,,Slide,1. Incessant rainfall 2. Slope cut for road,point_05202
26.3477,93.7399,GSI_INVENTORY,Assam,,Slide,1. Incessant rainfall 2. Slope cut for road,point_05203
26.3478,93.7417,GSI_INVENTORY,Assam,,Slide,1. Incessant rainfall 2. Slope cut for road,point_05204
26.57708,93.65836,GSI_INVENTORY,Assam,,Slide,Roadcut& Rainfall,point_05205
26.57447,93.66297,GSI_INVENTORY,Assam,,Slide,Roadcut& Rainfall,point_05206
27.12444,93.74222,GSI_INVENTORY,Arunachal Pradesh,,Creep,Continuous rainfall,point_05207
27.12314,93.70214,GSI_INVENTORY,Arunachal Pradesh,,Slide,Rainfall and anthropogenic activity,point_05208
27.11222,93.69444,GSI_INVENTORY,Arunachal Pradesh,,Flow,Heavy rainfall during last 24 hrs,point_05209
27.10556,93.69972,GSI_INVENTORY,Arunachal Pradesh,,Slide,Rainfall,point_05210
27.08828,93.66925,GSI_INVENTORY,Arunachal Pradesh,,Slide,Rainfall and anthropogenic activity,point_05211
27.10672,93.66011,GSI_INVENTORY,Arunachal Pradesh,,Slide,Rainfall and anthropogenic activity,point_05212
27.10647,93.66389,GSI_INVENTORY,Arunachal Pradesh,,Slide,Rainfall,point_05213
27.21628,93.65564,GSI_INVENTORY,Arunachal Pradesh,,Slide,Rainfalland anthropogenic activity,point_05214
27.21664,93.69147,GSI_INVENTORY,Arunachal Pradesh,,Slide,Rainfall and anthropogenic activity,point_05215
27.21861,93.69528,GSI_INVENTORY,Arunachal Pradesh,,Slide,Rainfall and anthropogenic activity,point_05216
27.22083,93.69819,GSI_INVENTORY,Arunachal Pradesh,,Slide,Rainfall and anthropogenic activity,point_05217
27.16,93.73917,GSI_INVENTORY,Arunachal Pradesh,,Slide,Rainfall and anthropogenic activity,point_05218
27.12897,93.70533,GSI_INVENTORY,Arunachal Pradesh,,Slide,Rainfall and anthropogenic activity,point_05219
27.1275,93.73164,GSI_INVENTORY,Arunachal Pradesh,,Slide,Rainfall,point_05220
27.16356,93.75231,GSI_INVENTORY,Arunachal Pradesh,,Slide,Rainfall,point_05221
27.16581,93.75117,GSI_INVENTORY,Arunachal Pradesh,,Slide,Rainfall and anthropogenic activity,point_05222
27.19343,93.78098,GSI_INVENTORY,Arunachal Pradesh,,Slide,Heavy antecedent rainfall,point_05223
27.19411,93.78094,GSI_INVENTORY,Arunachal Pradesh,,Slide,Rainfall and anthropogenic activity,point_05224
26.6,94.34,GSI_INVENTORY,Assam,,Slide,Rainfall,point_05225
26.57,94.35,GSI_INVENTORY,Assam,,Slide,Rainfall,point_05226
26.58,94.35,GSI_INVENTORY,Assam,,Slide,Rainfall,point_05227
26.6,94.35,GSI_INVENTORY,Assam,,Slide,Rainfall,point_05228
26.56,94.36,GSI_INVENTORY,Assam,,Slide,Rainfall,point_05229
26.55,94.36,GSI_INVENTORY,Assam,,Slide,Rainfall,point_05230
26.54,94.37,GSI_INVENTORY,Assam,,Slide,Rainfall,point_05231
26.49,94.36,GSI_INVENTORY,Nagaland,,Slide,Rainfall,point_05232
26.49,94.37,GSI_INVENTORY,Nagaland,,Slide,Rainfall,point_05233
26.43,94.38,GSI_INVENTORY,Nagaland,,Slide,Rainfall,point_05234
26.42,94.38,GSI_INVENTORY,Nagaland,,Slide,Rainfall,point_05235
26.5,94.43,GSI_INVENTORY,Nagaland,,Slide,Rainfall,point_05236
26.47189,94.45467,GSI_INVENTORY,Nagaland,,Slide,Rainfall,point_05237
26.47533,94.45483,GSI_INVENTORY,Nagaland,,Slide,Rainfall,point_05238
26.48639,94.44839,GSI_INVENTORY,Nagaland,,Slide,Rainfall,point_05239
26.47917,94.54381,GSI_INVENTORY,Nagaland,,Slide,Rainfall,point_05240
26.58806,94.54911,GSI_INVENTORY,Nagaland,,Slide,Anthropogenic,point_05241
26.6,94.49,GSI_INVENTORY,Nagaland,,Slide,Rainfall,point_05242
26.61,94.5,GSI_INVENTORY,Nagaland,,Slide,Rainfall,point_05243
26.55,94.44,GSI_INVENTORY,Nagaland,,Slide,Rainfall,point_05244
26.54,94.44,GSI_INVENTORY,Nagaland,,Subsidence,Rainfall,point_05245
26.68696,94.544,GSI_INVENTORY,Nagaland,,Slide,Anthropogenic,point_05246
26.68883,94.54602,GSI_INVENTORY,Nagaland,,Slide,Anthropogenic,point_05247
26.68,94.53466,GSI_INVENTORY,Nagaland,,Slide,Rainfall,point_05248
26.62,94.5,GSI_INVENTORY,Nagaland,,Slide,Rainfall,point_05249
26.66725,94.61403,GSI_INVENTORY,Nagaland,,Slide,Anthropogenic,point_05250
26.66325,94.61708,GSI_INVENTORY,Nagaland,,Slide,Anthropogenic,point_05251
26.68072,94.63931,GSI_INVENTORY,Nagaland,,Slide,Anthropogenic,point_05252
26.68414,94.63908,GSI_INVENTORY,Nagaland,,Slide,Rainfall,point_05253
26.70069,94.64383,GSI_INVENTORY,Nagaland,,Slide,Heavy rainfall,point_05254
26.70319,94.63392,GSI_INVENTORY,Nagaland,,Slide,Anthropogenic,point_05255
26.70122,94.63508,GSI_INVENTORY,Nagaland,,Slide,Anthropogenic,point_05256
26.69519,94.63619,GSI_INVENTORY,Nagaland,,Slide,Anthropogenic,point_05257
26.69783,94.63506,GSI_INVENTORY,Nagaland,,Slide,Anthropogenic,point_05258
26.69858,94.63517,GSI_INVENTORY,Nagaland,,Slide,Rainfall,point_05259
26.70639,94.63117,GSI_INVENTORY,Nagaland,,Slide,Anthropogenic,point_05260
26.71906,94.65753,GSI_INVENTORY,Nagaland,,Slide,Anthropogenic,point_05261
26.71942,94.66067,GSI_INVENTORY,Nagaland,,Slide,Anthropogenic,point_05262
26.67414,94.74625,GSI_INVENTORY,Nagaland,,Slide,Anthropogenic,point_05263
26.67364,94.74414,GSI_INVENTORY,Nagaland,,Slide,Rainfall,point_05264
26.67328,94.74383,GSI_INVENTORY,Nagaland,,Slide,Anthropogenic,point_05265
26.70744,94.70858,GSI_INVENTORY,Nagaland,,Slide,Heavy rainfall,point_05266
26.70675,94.70475,GSI_INVENTORY,Nagaland,,Slide,Heavy rainfall,point_05267
26.63567,94.70361,GSI_INVENTORY,Nagaland,,Slide,Anthropogenic,point_05268
26.59056,94.76417,GSI_INVENTORY,Nagaland,,Slide,Rainfall and Anthropogenic,point_05269
26.56186,94.68661,GSI_INVENTORY,Nagaland,,Slide,Anthropogenic,point_05270
26.556,94.68017,GSI_INVENTORY,Nagaland,,Slide,Rainfall,point_05271
26.55686,94.68094,GSI_INVENTORY,Nagaland,,Slide,Anthropogenic,point_05272
26.60817,94.64514,GSI_INVENTORY,Nagaland,,Slide,Anthropogenic,point_05273
26.50492,94.66242,GSI_INVENTORY,Nagaland,,Slide,Anthropogenic,point_05274
26.42936,94.623,GSI_INVENTORY,Nagaland,,Slide,Rainfall,point_05275
26.42694,94.669,GSI_INVENTORY,Nagaland,,Slide,Rainfall,point_05276
26.42642,94.66844,GSI_INVENTORY,Nagaland,,Slide,Rainfall,point_05277
26.428,94.66861,GSI_INVENTORY,Nagaland,,Slide,Rainfall,point_05278
26.431,94.66994,GSI_INVENTORY,Nagaland,,Slide,Rainfall,point_05279
26.42575,94.66942,GSI_INVENTORY,Nagaland,,Slide,Rainfall,point_05280
26.42447,94.67,GSI_INVENTORY,Nagaland,,Slide,Rainfall,point_05281
26.46333,94.8575,GSI_INVENTORY,Nagaland,,Slide,Rainfall,point_05282
26.46167,94.855,GSI_INVENTORY,Nagaland,,Slide,Rainfall and Anthropogenic,point_05283
26.46,94.85222,GSI_INVENTORY,Nagaland,,Slide,Rainfall and Anthropogenic,point_05284
26.48806,94.82139,GSI_INVENTORY,Nagaland,,Slide,Rainfall and Anthropogenic,point_05285
26.51083,94.83694,GSI_INVENTORY,Nagaland,,Slide,Anthropogenic,point_05286
26.49139,94.82444,GSI_INVENTORY,Nagaland,,Slide,Rainfall and Anthropogenic,point_05287
26.49472,94.82472,GSI_INVENTORY,Nagaland,,Slide,Anthropogenic,point_05288
26.49083,94.82,GSI_INVENTORY,Nagaland,,Slide,Anthropogenic,point_05289
26.50611,94.79417,GSI_INVENTORY,Nagaland,,Slide,Rainfall and Anthropogenic,point_05290
26.50639,94.79611,GSI_INVENTORY,Nagaland,,Slide,Rainfall and Anthropogenic,point_05291
26.46861,94.80639,GSI_INVENTORY,Nagaland,,Slide,Rainfall and Anthropogenic,point_05292
26.50639,94.78722,GSI_INVENTORY,Nagaland,,Slide,Rainfall and Anthropogenic,point_05293
26.53556,94.78806,GSI_INVENTORY,Nagaland,,Slide,Rainfall and Anthropogenic,point_05294
26.51611,94.78583,GSI_INVENTORY,Nagaland,,Slide,Rainfall and Anthropogenic,point_05295
26.55111,94.79,GSI_INVENTORY,Nagaland,,Slide,Rainfall and Anthropogenic,point_05296
26.55611,94.78333,GSI_INVENTORY,Nagaland,,Slide,Rainfall and Anthropogenic,point_05297
26.55222,94.78861,GSI_INVENTORY,Nagaland,,Slide,Rainfall and Anthropogenic,point_05298
26.56222,94.77306,GSI_INVENTORY,Nagaland,,Fall,Rainfall and Anthropogenic,point_05299
26.52944,94.83778,GSI_INVENTORY,Nagaland,,Slide,Anthropogenic,point_05300
26.54139,94.94639,GSI_INVENTORY,Nagaland,,Slide,Anthropogenic,point_05301
26.54278,94.94417,GSI_INVENTORY,Nagaland,,Slide,Anthropogenic,point_05302
26.545,94.94139,GSI_INVENTORY,Nagaland,,Fall,Anthropogenic,point_05303
26.43556,94.86306,GSI_INVENTORY,Nagaland,,Slide,Rainfall and Anthropogenic,point_05304
26.43472,94.86306,GSI_INVENTORY,Nagaland,,Slide,Rainfall,point_05305
26.43389,94.86444,GSI_INVENTORY,Nagaland,,Slide,Rainfall and Anthropogenic,point_05306
26.42417,94.86389,GSI_INVENTORY,Nagaland,,Slide,Rainfall,point_05307
26.4175,94.96028,GSI_INVENTORY,Nagaland,,Slide,Rainfall,point_05308
26.41722,94.96083,GSI_INVENTORY,Nagaland,,Slide,Rainfall,point_05309
26.42056,94.97306,GSI_INVENTORY,Nagaland,,Slide,Rainfall and Anthropogenic,point_05310
26.41833,94.96778,GSI_INVENTORY,Nagaland,,Slide,Rainfall,point_05311
26.41861,94.96611,GSI_INVENTORY,Nagaland,,Slide,Rainfall,point_05312
26.41931,94.97369,GSI_INVENTORY,Nagaland,,Slide,Heavy rainfall,point_05313
26.42139,94.975,GSI_INVENTORY,Nagaland,,Slide,Rainfall,point_05314
26.43953,95.03228,GSI_INVENTORY,Nagaland,,Slide,Rainfall,point_05315
26.43939,95.03181,GSI_INVENTORY,Nagaland,,Creep,Rainfall,point_05316
26.4285,95.0185,GSI_INVENTORY,Nagaland,,Creep,Rainfall,point_05317
26.42167,95.01131,GSI_INVENTORY,Nagaland,,Slide,Rainfall,point_05318
26.42522,95.02169,GSI_INVENTORY,Nagaland,,Slide,Rainfall,point_05319
26.42017,95.05383,GSI_INVENTORY,Nagaland,,Slide,Rainfall,point_05320
26.41542,95.05367,GSI_INVENTORY,Nagaland,,Slide,Anthropogenic,point_05321
26.42722,95.05239,GSI_INVENTORY,Nagaland,,Slide,Anthropogenic,point_05322
26.43164,95.04842,GSI_INVENTORY,Nagaland,,Slide,Anthropogenic,point_05323
26.44106,95.04611,GSI_INVENTORY,Nagaland,,Slide,Anthropogenic,point_05324
26.56367,95.09014,GSI_INVENTORY,Nagaland,,Slide,Anthropogenic,point_05325
26.55047,95.10189,GSI_INVENTORY,Nagaland,,Slide,Anthropogenic,point_05326
26.55053,95.09958,GSI_INVENTORY,Nagaland,,Slide,Anthropogenic,point_05327
26.55075,95.09808,GSI_INVENTORY,Nagaland,,Slide,Anthropogenic,point_05328
26.54806,95.0905,GSI_INVENTORY,Nagaland,,Slide,Anthropogenic,point_05329
26.54717,95.09217,GSI_INVENTORY,Nagaland,,Slide,Anthropogenic,point_05330
26.5585,95.09742,GSI_INVENTORY,Nagaland,,Slide,Anthropogenic,point_05331
26.5715,95.09764,GSI_INVENTORY,Nagaland,,Slide,Anthropogenic,point_05332
26.57142,95.0985,GSI_INVENTORY,Nagaland,,Slide,Anthropogenic,point_05333
26.57122,95.09636,GSI_INVENTORY,Nagaland,,Creep,Anthropogenic,point_05334
26.57289,95.09894,GSI_INVENTORY,Nagaland,,Slide,Anthropogenic,point_05335
26.57681,95.09689,GSI_INVENTORY,Nagaland,,Slide,Anthropogenic,point_05336
26.57739,95.09631,GSI_INVENTORY,Nagaland,,Slide,Rainfall,point_05337
26.57625,95.09584,GSI_INVENTORY,Nagaland,,Topple,Rainfall,point_05338
26.57642,95.09297,GSI_INVENTORY,Nagaland,,Slide,Anthropogenic,point_05339
26.58067,95.09306,GSI_INVENTORY,Nagaland,,Slide,Rainfall,point_05340
26.59217,95.01211,GSI_INVENTORY,Nagaland,,Slide,Rainfall,point_05341
26.58881,95.01767,GSI_INVENTORY,Nagaland,,Slide,Anthropogenic,point_05342
26.58286,95.02031,GSI_INVENTORY,Nagaland,,Slide,Rainfall,point_05343
26.57803,95.02828,GSI_INVENTORY,Nagaland,,Slide,Anthropogenic,point_05344
26.555,94.9525,GSI_INVENTORY,Nagaland,,Slide,Rainfall and Anthropogenic,point_05345
26.59,94.98306,GSI_INVENTORY,Nagaland,,Subsidence,Rainfall,point_05346
26.59639,94.99083,GSI_INVENTORY,Nagaland,,Slide,Rainfall,point_05347
26.62556,94.97083,GSI_INVENTORY,Nagaland,,Slide,Rainfall and Anthropogenic,point_05348
26.64111,94.99028,GSI_INVENTORY,Nagaland,,Slide,Rainfall and Anthropogenic,point_05349
26.63917,94.98944,GSI_INVENTORY,Nagaland,,Slide,Rainfall and Anthropogenic,point_05350
26.63722,94.98139,GSI_INVENTORY,Nagaland,,Slide,Rainfall and Anthropogenic,point_05351
26.71164,95.01494,GSI_INVENTORY,Nagaland,,Slide,Rainfall,point_05352
26.71231,95.01258,GSI_INVENTORY,Nagaland,,Slide,Rainfall,point_05353
26.71061,95.02028,GSI_INVENTORY,Nagaland,,Slide,Rainfall,point_05354
26.71125,95.01672,GSI_INVENTORY,Nagaland,,Slide,Rainfall,point_05355
26.7175,95.03125,GSI_INVENTORY,Nagaland,,Slide,Rainfall,point_05356
26.71856,95.03322,GSI_INVENTORY,Nagaland,,Slide,Rainfall,point_05357
26.6575,95.01203,GSI_INVENTORY,Nagaland,,Slide,Rainfall,point_05358
26.6435,95.07544,GSI_INVENTORY,Nagaland,,Slide,Anthropogenic,point_05359
26.64269,95.07531,GSI_INVENTORY,Nagaland,,Slide,Anthropogenic,point_05360
26.64692,95.07494,GSI_INVENTORY,Nagaland,,Slide,Anthropogenic,point_05361
26.63947,95.07508,GSI_INVENTORY,Nagaland,,Slide,Anthropogenic,point_05362
26.64186,95.07475,GSI_INVENTORY,Nagaland,,Topple,Anthropogenic,point_05363
26.62625,95.12014,GSI_INVENTORY,Nagaland,,Slide,Rainfall,point_05364
26.62125,95.12575,GSI_INVENTORY,Nagaland,,Slide,Rainfall,point_05365
26.63886,95.12333,GSI_INVENTORY,Nagaland,,Slide,Rainfall,point_05366
26.65033,95.12519,GSI_INVENTORY,Nagaland,,Slide,Anthropogenic,point_05367
26.65139,95.12525,GSI_INVENTORY,Nagaland,,Slide,Anthropogenic,point_05368
26.70619,95.11033,GSI_INVENTORY,Nagaland,,Slide,Anthropogenic,point_05369
26.71122,95.07422,GSI_INVENTORY,Nagaland,,Slide,Rainfall,point_05370
26.70603,95.07836,GSI_INVENTORY,Nagaland,,Slide,Rainfall,point_05371
26.69492,95.07275,GSI_INVENTORY,Nagaland,,Slide,Rainfall,point_05372
26.69711,95.07708,GSI_INVENTORY,Nagaland,,Slide,Rainfall,point_05373
26.69906,95.07942,GSI_INVENTORY,Nagaland,,Slide,Rainfall,point_05374
26.7015,95.07936,GSI_INVENTORY,Nagaland,,Slide,Rainfall,point_05375
26.73231,95.05572,GSI_INVENTORY,Nagaland,,Slide,Rainfall,point_05376
26.74781,95.062,GSI_INVENTORY,Nagaland,,Slide,Rainfall,point_05377
26.75003,95.06442,GSI_INVENTORY,Nagaland,,Slide,Rainfall,point_05378
26.76883,95.08619,GSI_INVENTORY,Nagaland,,Slide,Rainfall,point_05379
26.76797,95.08703,GSI_INVENTORY,Nagaland,,Slide,Rainfall,point_05380
26.75939,95.10894,GSI_INVENTORY,Nagaland,,Slide,Rainfall,point_05381
26.76019,95.10778,GSI_INVENTORY,Nagaland,,Slide,Rainfall,point_05382
26.75917,95.11097,GSI_INVENTORY,Nagaland,,Slide,Rainfall,point_05383
26.75806,95.11175,GSI_INVENTORY,Nagaland,,Slide,Rainfall,point_05384
26.75831,95.11289,GSI_INVENTORY,Nagaland,,Slide,Rainfall,point_05385
26.82053,95.07872,GSI_INVENTORY,Nagaland,,Slide,Rainfall,point_05386
26.81606,95.07464,GSI_INVENTORY,Nagaland,,Slide,Rainfall,point_05387
26.81775,95.07292,GSI_INVENTORY,Nagaland,,Slide,Rainfall,point_05388
26.81889,95.07222,GSI_INVENTORY,Nagaland,,Slide,Rainfall,point_05389
26.81817,95.07242,GSI_INVENTORY,Nagaland,,Slide,Rainfall,point_05390
26.81742,95.07269,GSI_INVENTORY,Nagaland,,Slide,Rainfall,point_05391
26.81392,95.07567,GSI_INVENTORY,Nagaland,,Slide,Anthropogenic,point_05392
26.81239,95.07644,GSI_INVENTORY,Nagaland,,Slide,Anthropogenic,point_05393
26.77361,95.07761,GSI_INVENTORY,Nagaland,,Slide,Rainfall,point_05394
26.77358,95.07739,GSI_INVENTORY,Nagaland,,Slide,Rainfall,point_05395
26.77567,95.07292,GSI_INVENTORY,Nagaland,,Slide,Rainfall,point_05396
26.77844,95.06908,GSI_INVENTORY,Nagaland,,Slide,Rainfall,point_05397
26.77706,95.06936,GSI_INVENTORY,Nagaland,,Slide,Rainfall,point_05398
26.78422,95.06994,GSI_INVENTORY,Nagaland,,Slide,Anthropogenic,point_05399
26.78861,95.06819,GSI_INVENTORY,Nagaland,,Slide,Rainfall,point_05400
26.78825,95.06836,GSI_INVENTORY,Nagaland,,Slide,Rainfall,point_05401
26.78733,95.06892,GSI_INVENTORY,Nagaland,,Slide,Rainfall,point_05402
26.78697,95.07122,GSI_INVENTORY,Nagaland,,Slide,Rainfall,point_05403
26.787,95.07008,GSI_INVENTORY,Nagaland,,Slide,Rainfall,point_05404
26.78469,95.07222,GSI_INVENTORY,Nagaland,,Slide,Rainfall,point_05405
26.7855,95.07186,GSI_INVENTORY,Nagaland,,Slide,Rainfall,point_05406
26.78522,95.07056,GSI_INVENTORY,Nagaland,,Slide,Rainfall,point_05407
26.79447,95.07272,GSI_INVENTORY,Nagaland,,Slide,Rainfall,point_05408
26.80403,95.00372,GSI_INVENTORY,Nagaland,,Slide,Anthropogenic,point_05409
26.78247,95.00903,GSI_INVENTORY,Nagaland,,Slide,Anthropogenic,point_05410
26.77706,95.02036,GSI_INVENTORY,Nagaland,,Slide,Anthropogenic,point_05411
26.72789,95.04039,GSI_INVENTORY,Nagaland,,Slide,Rainfall,point_05412
26.72428,95.04283,GSI_INVENTORY,Nagaland,,Slide,Rainfall,point_05413
26.72272,95.04336,GSI_INVENTORY,Nagaland,,Slide,Rainfall,point_05414
26.72772,95.03306,GSI_INVENTORY,Nagaland,,Slide,Anthropogenic,point_05415
26.72856,95.03231,GSI_INVENTORY,Nagaland,,Slide,Rainfall,point_05416
26.72875,95.03119,GSI_INVENTORY,Nagaland,,Slide,Rainfall,point_05417
26.72667,95.02728,GSI_INVENTORY,Nagaland,,Slide,Rainfall,point_05418
26.72817,95.02989,GSI_INVENTORY,Nagaland,,Slide,Rainfall,point_05419
26.72464,95.03153,GSI_INVENTORY,Nagaland,,Slide,Anthropogenic,point_05420
26.723,95.02914,GSI_INVENTORY,Nagaland,,Slide,Rainfall,point_05421
26.72483,95.02586,GSI_INVENTORY,Nagaland,,Slide,Rainfall,point_05422
26.72508,95.02386,GSI_INVENTORY,Nagaland,,Slide,Rainfall,point_05423
26.72544,95.022,GSI_INVENTORY,Nagaland,,Slide,Rainfall,point_05424
26.73194,95.01836,GSI_INVENTORY,Nagaland,,Slide,Rainfall,point_05425
26.73022,95.02025,GSI_INVENTORY,Nagaland,,Slide,Rainfall,point_05426
26.72997,95.01878,GSI_INVENTORY,Nagaland,,Slide,Rainfall,point_05427
26.74944,94.99944,GSI_INVENTORY,Nagaland,,Slide,Rainfall and Anthropogenic,point_05428
26.75831,94.95581,GSI_INVENTORY,Nagaland,,Slide,Rainfall,point_05429
26.74972,94.82722,GSI_INVENTORY,Nagaland,,Subsidence,Rainfall and Anthropogenic,point_05430
26.83419,95.08164,GSI_INVENTORY,Nagaland,,Slide,Rainfall,point_05431
26.8365,95.08131,GSI_INVENTORY,Nagaland,,Slide,Anthropogenic,point_05432
26.83542,95.08044,GSI_INVENTORY,Nagaland,,Slide,Rainfall,point_05433
26.83456,95.08111,GSI_INVENTORY,Nagaland,,Slide,Rainfall,point_05434
26.83389,95.08097,GSI_INVENTORY,Nagaland,,Slide,Rainfall,point_05435
26.834,95.07981,GSI_INVENTORY,Nagaland,,Slide,Rainfall,point_05436
26.84114,95.07969,GSI_INVENTORY,Nagaland,,Slide,Rainfall,point_05437
26.84167,95.07933,GSI_INVENTORY,Nagaland,,Slide,Rainfall,point_05438
26.84403,95.08097,GSI_INVENTORY,Nagaland,,Slide,Rainfall,point_05439
26.84325,95.08031,GSI_INVENTORY,Nagaland,,Slide,Rainfall,point_05440
26.84425,95.08028,GSI_INVENTORY,Nagaland,,Slide,Rainfall,point_05441
26.84547,95.07764,GSI_INVENTORY,Nagaland,,Slide,Rainfall,point_05442
26.84614,95.07786,GSI_INVENTORY,Nagaland,,Slide,Rainfall,point_05443
26.84528,95.07717,GSI_INVENTORY,Nagaland,,Slide,Rainfall,point_05444
26.84439,95.07767,GSI_INVENTORY,Nagaland,,Slide,Rainfall,point_05445
26.83189,95.07794,GSI_INVENTORY,Nagaland,,Slide,Rainfall,point_05446
26.83142,95.07792,GSI_INVENTORY,Nagaland,,Slide,Rainfall,point_05447
26.82428,95.077,GSI_INVENTORY,Nagaland,,Slide,Rainfall,point_05448
26.82469,95.07689,GSI_INVENTORY,Nagaland,,Slide,Rainfall,point_05449
26.82619,95.07592,GSI_INVENTORY,Nagaland,,Slide,Rainfall,point_05450
26.82081,95.07789,GSI_INVENTORY,Nagaland,,Slide,Anthropogenic,point_05451
26.82172,95.07839,GSI_INVENTORY,Nagaland,,Slide,Rainfall,point_05452
26.82214,95.07894,GSI_INVENTORY,Nagaland,,Slide,Rainfall,point_05453
27.83408,94.76897,GSI_INVENTORY,Arunachal Pradesh,,Slide,Rainfall,point_05454
27.79049,94.95815,GSI_INVENTORY,Arunachal Pradesh,,Slide,Rainfall,point_05455
27.79376,94.9591,GSI_INVENTORY,Arunachal Pradesh,,Slide,Rainfall,point_05456
27.95131,95.07406,GSI_INVENTORY,Arunachal Pradesh,,slide,Rainfall,point_05457
27.94439,95.11759,GSI_INVENTORY,Arunachal Pradesh,,Slide,Rainfall,point_05458
27.89339,94.84219,GSI_INVENTORY,Arunachal Pradesh,,Slide,Rainfall,point_05459
27.89736,94.84411,GSI_INVENTORY,Arunachal Pradesh,,Slide,Rainfall,point_05460
27.87036,94.81786,GSI_INVENTORY,Arunachal Pradesh,,Slide,Rainfall,point_05461
27.85944,94.78922,GSI_INVENTORY,Arunachal Pradesh,,Slide,Natural,point_05462
27.85897,94.78392,GSI_INVENTORY,Arunachal Pradesh,,Slide,Rainfall,point_05463
27.83982,94.77864,GSI_INVENTORY,Arunachal Pradesh,,Slide,Natural,point_05464
27.84711,94.78314,GSI_INVENTORY,Arunachal Pradesh,,Slide,Rainfall,point_05465
27.84097,94.77117,GSI_INVENTORY,Arunachal Pradesh,,Slide,Natural,point_05466
27.86867,94.78708,GSI_INVENTORY,Arunachal Pradesh,,Slide,Rainfall,point_05467
27.95731,94.68625,GSI_INVENTORY,Arunachal Pradesh,,Slide,Rainfall and anthropogenic activity,point_05468
27.94175,94.69569,GSI_INVENTORY,Arunachal Pradesh,,Slide,Rainfall and anthropogenic activity,point_05469
27.94292,94.69453,GSI_INVENTORY,Arunachal Pradesh,,Slide,Rainfall and anthropogenic activity,point_05470
27.94444,94.69253,GSI_INVENTORY,Arunachal Pradesh,,Slide,Rainfall and anthropogenic activity,point_05471
28.02985,94.61646,GSI_INVENTORY,Arunachal Pradesh,,Slide,"Rainfall, Anthropogenic",point_05472
28.02651,94.59092,GSI_INVENTORY,Arunachal Pradesh,,Slide,"Rainfall, Anthropogenic",point_05473
28.02417,94.58218,GSI_INVENTORY,Arunachal Pradesh,,Slide,"Rainfall, Anthropogenic",point_05474
28.02673,94.59347,GSI_INVENTORY,Arunachal Pradesh,,Slide,"Rainfall, Anthropogenic",point_05475
27.93806,94.70031,GSI_INVENTORY,Arunachal Pradesh,,Slide,Rainfall and anthropogenic activity,point_05476
27.93786,94.70214,GSI_INVENTORY,Arunachal Pradesh,,Slide,Rainfall,point_05477
27.93361,94.70347,GSI_INVENTORY,Arunachal Pradesh,,Slide,Rainfall and anthropogenic activity,point_05478
27.91042,94.73953,GSI_INVENTORY,Arunachal Pradesh,,Slide,Rainfall and anthropogenic activity,point_05479
27.91333,94.73747,GSI_INVENTORY,Arunachal Pradesh,,Slide,Rainfall and anthropogenic activity,point_05480
27.90928,94.73611,GSI_INVENTORY,Arunachal Pradesh,,Slide,Rainfall and anthropogenic activity,point_05481
27.91281,94.72697,GSI_INVENTORY,Arunachal Pradesh,,Slide,Rainfall and anthropogenic activity,point_05482
27.91494,94.72181,GSI_INVENTORY,Arunachal Pradesh,,Slide,Rainfall,point_05483
27.82569,94.747,GSI_INVENTORY,Arunachal Pradesh,,Slide,Rainfall and anthropogenic activity,point_05484
27.79739,94.73533,GSI_INVENTORY,Arunachal Pradesh,,Slide,Rainfall,point_05485
27.79433,94.73075,GSI_INVENTORY,Arunachal Pradesh,,Slide,Rainfall and anthropogenic activity,point_05486
27.79392,94.72881,GSI_INVENTORY,Arunachal Pradesh,,Slide,Rainfall,point_05487
27.82189,94.73042,GSI_INVENTORY,Arunachal Pradesh,,Slide,Rainfall and anthropogenic activity,point_05488
27.82128,94.73028,GSI_INVENTORY,Arunachal Pradesh,,Slide,Rainfall and anthropogenic activity,point_05489
27.82489,94.73956,GSI_INVENTORY,Arunachal Pradesh,,Slide,Rainfall and anthropogenic activity,point_05490
27.82314,94.73297,GSI_INVENTORY,Arunachal Pradesh,,Slide,Rainfall and anthropogenic activity,point_05491
27.80494,94.71986,GSI_INVENTORY,Arunachal Pradesh,,Slide,Rainfall and anthropogenic activity,point_05492
27.80436,94.71506,GSI_INVENTORY,Arunachal Pradesh,,Slide,Rainfall and anthropogenic activity,point_05493
27.77728,94.71558,GSI_INVENTORY,Arunachal Pradesh,,Slide,Rainfall and anthropogenic activity,point_05494
27.77397,94.7135,GSI_INVENTORY,Arunachal Pradesh,,Slide,Rainfall and anthropogenic activity,point_05495
27.76019,94.71228,GSI_INVENTORY,Arunachal Pradesh,,Slide,Rainfall and anthropogenic activity,point_05496
27.762,94.71228,GSI_INVENTORY,Arunachal Pradesh,,Slide,Rainfall and anthropogenic activity,point_05497
27.75742,94.71617,GSI_INVENTORY,Arunachal Pradesh,,Slide,Rainfall and anthropogenic activity,point_05498
27.75481,94.71544,GSI_INVENTORY,Arunachal Pradesh,,Slide,Rainfall and anthropogenic activity,point_05499
27.75261,94.7175,GSI_INVENTORY,Arunachal Pradesh,,Slide,Rainfall,point_05500
27.78683,94.72011,GSI_INVENTORY,Arunachal Pradesh,,Slide,Rainfall and anthropogenic activity,point_05501
27.78819,94.72419,GSI_INVENTORY,Arunachal Pradesh,,Slide,Rainfall and anthropogenic activity,point_05502
27.72044,94.72153,GSI_INVENTORY,Arunachal Pradesh,,Slide,Rainfall and anthropogenic activity,point_05503
27.66219,94.70267,GSI_INVENTORY,Arunachal Pradesh,,Slide,Rainfall and anthropogenic activity,point_05504
27.66497,94.69386,GSI_INVENTORY,Arunachal Pradesh,,Slide,Rainfall,point_05505
27.68389,94.68244,GSI_INVENTORY,Arunachal Pradesh,,Slide,Rainfall and anthropogenic activity,point_05506
27.688,94.67875,GSI_INVENTORY,Arunachal Pradesh,,Slide,Rainfall and anthropogenic activity,point_05507
27.68858,94.681,GSI_INVENTORY,Arunachal Pradesh,,Slide,Rainfall and anthropogenic activity,point_05508
27.70625,94.67383,GSI_INVENTORY,Arunachal Pradesh,,Slide,Rainfall and anthropogenic activity,point_05509
27.70322,94.67275,GSI_INVENTORY,Arunachal Pradesh,,Slide,Rainfall and anthropogenic activity,point_05510
28.01477,94.56947,GSI_INVENTORY,Arunachal Pradesh,,Slide,"Rainfall, Anthropogenic",point_05511
28.01358,94.56846,GSI_INVENTORY,Arunachal Pradesh,,Slide,"Rainfall, Anthropogenic",point_05512
28.02267,94.57429,GSI_INVENTORY,Arunachal Pradesh,,Slide,Anthropogenic,point_05513
28.02469,94.55363,GSI_INVENTORY,Arunachal Pradesh,,Slide,"Rainfall, Anthropogenic",point_05514
28.02168,94.53626,GSI_INVENTORY,Arunachal Pradesh,,Slide,"Rainfall, Anthropogenic",point_05515
27.99589,94.52594,GSI_INVENTORY,Arunachal Pradesh,,Slide,"Rainfall, Anthropogenic",point_05516
27.97931,94.22853,GSI_INVENTORY,Arunachal Pradesh,,Slide,Rainfall,point_05517
27.96582,94.29367,GSI_INVENTORY,Arunachal Pradesh,,Slide,Rainfall,point_05518
28.00539,94.20131,GSI_INVENTORY,Arunachal Pradesh,,Slide,Rainfall,point_05519
28.00386,94.20194,GSI_INVENTORY,Arunachal Pradesh,,Slide,Rainfall,point_05520
27.8305,94.15744,GSI_INVENTORY,Arunachal Pradesh,,Fall,Rainfall,point_05521
27.81975,94.13872,GSI_INVENTORY,Arunachal Pradesh,,Slide,Anthropogenic,point_05522
27.81383,94.13433,GSI_INVENTORY,Arunachal Pradesh,,Slide,Rainfall,point_05523
27.82256,94.13542,GSI_INVENTORY,Arunachal Pradesh,,Slide,Rainfall,point_05524
27.82186,94.10481,GSI_INVENTORY,Arunachal Pradesh,,Slide,Rainfall,point_05525
27.75936,94.04708,GSI_INVENTORY,Arunachal Pradesh,,Slide,Anthropogenic,point_05526
27.75889,94.05983,GSI_INVENTORY,Arunachal Pradesh,,Slide,Rainfall,point_05527
27.62297,93.84136,GSI_INVENTORY,Arunachal Pradesh,,Slide,Rainfall and anthropogenic activity,point_05528
27.62225,93.84078,GSI_INVENTORY,Arunachal Pradesh,,Slide,Rainfall and anthropogenic activity,point_05529
27.33927,93.80258,GSI_INVENTORY,Arunachal Pradesh,,Slide,Heavy antecedent rainfall,point_05530
27.33983,93.80517,GSI_INVENTORY,Arunachal Pradesh,,Slide,Rainfall and anthropogenic activity,point_05531
27.33667,93.82072,GSI_INVENTORY,Arunachal Pradesh,,Slide,Rainfall and anthropogenic activity,point_05532
27.33406,93.81942,GSI_INVENTORY,Arunachal Pradesh,,Slide,Rainfall and anthropogenic activity,point_05533
27.32581,93.82239,GSI_INVENTORY,Arunachal Pradesh,,Slide,Rainfall and anthropogenic activity,point_05534
27.32853,93.81253,GSI_INVENTORY,Arunachal Pradesh,,Slide,Rainfall and anthropogenic activity,point_05535
27.32758,93.81339,GSI_INVENTORY,Arunachal Pradesh,,Slide,Rainfall and anthropogenic activity,point_05536
27.30707,93.80601,GSI_INVENTORY,Arunachal Pradesh,,Slide,Heavy antecedent rainfall,point_05537
27.30083,93.80283,GSI_INVENTORY,Arunachal Pradesh,,Slide,Rainfall and anthropogenic activity,point_05538
27.29428,93.80206,GSI_INVENTORY,Arunachal Pradesh,,Slide,Rainfall and anthropogenic activity,point_05539
27.29489,93.80333,GSI_INVENTORY,Arunachal Pradesh,,Slide,Heavy antecedent rainfall,point_05540
27.29108,93.79681,GSI_INVENTORY,Arunachal Pradesh,,Slide,Rainfall and anthropogenic activity,point_05541
27.27925,93.79644,GSI_INVENTORY,Arunachal Pradesh,,Slide,Rainfall and anthropogenic activity,point_05542
27.23631,93.80717,GSI_INVENTORY,Arunachal Pradesh,,Slide,Rainfall and anthropogenic activity,point_05543
27.23822,93.80644,GSI_INVENTORY,Arunachal Pradesh,,Slide,Rainfall and anthropogenic activity,point_05544
27.23892,93.80608,GSI_INVENTORY,Arunachal Pradesh,,Slide,Rainfall and anthropogenic activity,point_05545
27.23995,93.80659,GSI_INVENTORY,Arunachal Pradesh,,Slide,Heavy antecedent rainfall,point_05546
27.22817,93.79911,GSI_INVENTORY,Arunachal Pradesh,,Slide,Rainfall and anthropogenic activity,point_05547
27.24613,93.80471,GSI_INVENTORY,Arunachal Pradesh,,Slide,Heavy antecedent rainfall,point_05548
27.25476,93.8013,GSI_INVENTORY,Arunachal Pradesh,,Slide,Heavy antecedent rainfall,point_05549
27.26772,93.80125,GSI_INVENTORY,Arunachal Pradesh,,Slide,Rainfall and anthropogenic activity,point_05550
27.26986,93.80236,GSI_INVENTORY,Arunachal Pradesh,,Slide,Rainfall and anthropogenic activity,point_05551
27.27002,93.79933,GSI_INVENTORY,Arunachal Pradesh,,Slide,Rainfall and anthropogenic activity,point_05552
27.2745,93.79783,GSI_INVENTORY,Arunachal Pradesh,,Slide,Rainfall and anthropogenic activity,point_05553
27.27625,93.79589,GSI_INVENTORY,Arunachal Pradesh,,Slide,Rainfall and anthropogenic activity,point_05554
27.26072,93.78031,GSI_INVENTORY,Arunachal Pradesh,,Slide,Rainfall and anthropogenic activity,point_05555
27.25856,93.77817,GSI_INVENTORY,Arunachal Pradesh,,Slide,Rainfall and anthropogenic activity,point_05556
27.26044,93.7895,GSI_INVENTORY,Arunachal Pradesh,,Slide,Rainfall and anthropogenic activity,point_05557
27.24817,93.76589,GSI_INVENTORY,Arunachal Pradesh,,Slide,Rainfall and anthropogenic activity,point_05558
27.24675,93.76533,GSI_INVENTORY,Arunachal Pradesh,,Slide,Rainfall and anthropogenic activity,point_05559
27.24056,93.75042,GSI_INVENTORY,Arunachal Pradesh,,Slide,Rainfall and anthropogenic activity,point_05560
27.24106,93.74931,GSI_INVENTORY,Arunachal Pradesh,,Slide,Rainfall and anthropogenic activity,point_05561
27.24292,93.75722,GSI_INVENTORY,Arunachal Pradesh,,Slide,Rainfall and anthropogenic activity,point_05562
27.24125,93.74689,GSI_INVENTORY,Arunachal Pradesh,,Slide,Rainfalland anthropogenic activity,point_05563
27.24008,93.74592,GSI_INVENTORY,Arunachal Pradesh,,Slide,Rainfall and anthropogenic activity,point_05564
27.23933,93.745,GSI_INVENTORY,Arunachal Pradesh,,Slide,Rainfall and anthropogenic activity,point_05565
27.241,93.73142,GSI_INVENTORY,Arunachal Pradesh,,Slide,Rainfall and anthropogenic activity,point_05566
27.23614,93.71569,GSI_INVENTORY,Arunachal Pradesh,,Slide,Rainfall and anthropogenic activity,point_05567
27.23414,93.70786,GSI_INVENTORY,Arunachal Pradesh,,Slide,Rainfall and anthropogenic activity,point_05568
27.63825,93.85758,GSI_INVENTORY,Arunachal Pradesh,,Slide,Rainfall and anthropogenic activity,point_05569
27.656,93.87747,GSI_INVENTORY,Arunachal Pradesh,,Slide,Rainfall and anthropogenic activity,point_05570
27.64919,93.874,GSI_INVENTORY,Arunachal Pradesh,,Slide,Rainfall and anthropogenic activity,point_05571
27.66656,93.89186,GSI_INVENTORY,Arunachal Pradesh,,Slide,Rainfall and anthropogenic activity,point_05572
27.66542,93.89222,GSI_INVENTORY,Arunachal Pradesh,,Slide,Rainfall and anthropogenic activity,point_05573
27.77356,93.96978,GSI_INVENTORY,Arunachal Pradesh,,Slide,Rainfall and anthropogenic,point_05574
27.76089,93.99081,GSI_INVENTORY,Arunachal Pradesh,,Slide,Rainfall and anthropogenic,point_05575
27.76092,93.99558,GSI_INVENTORY,Arunachal Pradesh,,Slide,Rainfall and anthropogenic,point_05576
27.75861,93.99722,GSI_INVENTORY,Arunachal Pradesh,,Slide,Rainfall and anthropogenic,point_05577
27.75406,94.01853,GSI_INVENTORY,Arunachal Pradesh,,Slide,Rainfall,point_05578
27.75192,94.02347,GSI_INVENTORY,Arunachal Pradesh,,Slide,Rainfall,point_05579
27.76372,93.99233,GSI_INVENTORY,Arunachal Pradesh,,Slide,Rainfall and anthropogenic,point_05580
27.83875,93.97728,GSI_INVENTORY,Arunachal Pradesh,,Slide,Rainfall and anthropogenic,point_05581
27.83331,93.97861,GSI_INVENTORY,Arunachal Pradesh,,Slide,Rainfall and anthropogenic,point_05582
27.82747,93.97256,GSI_INVENTORY,Arunachal Pradesh,,Slide,Rainfall and anthropogenic,point_05583
27.82781,93.97217,GSI_INVENTORY,Arunachal Pradesh,,Slide,Rainfall and anthropogenic,point_05584
27.79781,93.96175,GSI_INVENTORY,Arunachal Pradesh,,Slide,Rainfall and anthropogenic,point_05585
27.81975,93.94556,GSI_INVENTORY,Arunachal Pradesh,,Slide,Rainfall and anthropogenic,point_05586
27.8345,93.93369,GSI_INVENTORY,Arunachal Pradesh,,Slide,Rainfall and anthropogenic,point_05587
27.82925,93.91119,GSI_INVENTORY,Arunachal Pradesh,,Slide,Rainfall and anthropogenic,point_05588
27.83094,93.91703,GSI_INVENTORY,Arunachal Pradesh,,Slide,Rainfall and anthropogenic,point_05589
27.84444,93.97394,GSI_INVENTORY,Arunachal Pradesh,,Slide,Rainfall and anthropogenic,point_05590
27.83975,93.97744,GSI_INVENTORY,Arunachal Pradesh,,Slide,Rainfall and anthropogenic,point_05591
27.84017,93.98086,GSI_INVENTORY,Arunachal Pradesh,,Slide,Rainfall and anthropogenic,point_05592
27.85458,93.48472,GSI_INVENTORY,Arunachal Pradesh,,Slide,Rainfall and anthropogenic,point_05593
27.86372,93.47339,GSI_INVENTORY,Arunachal Pradesh,,Slide,Rainfall and anthropogenic,point_05594
27.79458,93.59731,GSI_INVENTORY,Arunachal Pradesh,,Slide,Rainfall and anthropogenic,point_05595
27.78367,93.60081,GSI_INVENTORY,Arunachal Pradesh,,Slide,Rainfall and anthropogenic,point_05596
27.76344,93.60828,GSI_INVENTORY,Arunachal Pradesh,,Slide,Rainfall and anthropogenic,point_05597
27.77385,93.59553,GSI_INVENTORY,Arunachal Pradesh,,Slide,Rainfall and anthropogenic,point_05598
27.77219,93.59325,GSI_INVENTORY,Arunachal Pradesh,,Slide,Rainfall and anthropogenic,point_05599
27.75881,93.60917,GSI_INVENTORY,Arunachal Pradesh,,Slide,Rainfall and anthropogenic,point_05600
27.69011,93.63256,GSI_INVENTORY,Arunachal Pradesh,,Slide,Anthropogenic (construction of retaining wall),point_05601
27.63761,93.63772,GSI_INVENTORY,Arunachal Pradesh,,Slide,Rainfall and anthropogenic activity,point_05602
27.65217,93.63242,GSI_INVENTORY,Arunachal Pradesh,,Slide,Rainfall and anthropogenic activity,point_05603
27.66828,93.62947,GSI_INVENTORY,Arunachal Pradesh,,Slide,Rainfall and anthropogenic activity,point_05604
27.66861,93.63,GSI_INVENTORY,Arunachal Pradesh,,Slide,Rainfall and anthropogenic activity,point_05605
27.78179,93.47794,GSI_INVENTORY,Arunachal Pradesh,,Slide,Rainfall and anthropogenic,point_05606
27.78214,93.54614,GSI_INVENTORY,Arunachal Pradesh,,Slide,Rainfall and anthropogenic,point_05607
27.78839,93.52653,GSI_INVENTORY,Arunachal Pradesh,,Slide,Rainfall and anthropogenic,point_05608
27.78864,93.53967,GSI_INVENTORY,Arunachal Pradesh,,Slide,Rainfall and anthropogenic,point_05609
27.80397,93.54308,GSI_INVENTORY,Arunachal Pradesh,,Slide,Rainfall and anthropogenic,point_05610
27.80119,93.54194,GSI_INVENTORY,Arunachal Pradesh,,Slide,Rainfall and anthropogenic,point_05611
27.81481,93.521,GSI_INVENTORY,Arunachal Pradesh,,Slide,Rainfall and anthropogenic,point_05612
27.83275,93.50442,GSI_INVENTORY,Arunachal Pradesh,,Slide,Rainfall and anthropogenic,point_05613
27.75651,93.41786,GSI_INVENTORY,Arunachal Pradesh,,Slide,Rainfall and anthropogenic,point_05614
27.75678,93.43676,GSI_INVENTORY,Arunachal Pradesh,,Slide,Rainfall and anthropogenic,point_05615
27.78,93.45623,GSI_INVENTORY,Arunachal Pradesh,,Slide,Rainfall,point_05616
27.90342,93.37172,GSI_INVENTORY,Arunachal Pradesh,,Slide,Rainfall and anthropogenic,point_05617
27.90339,93.37036,GSI_INVENTORY,Arunachal Pradesh,,Slide,Rainfall and anthropogenic,point_05618
27.87467,93.45292,GSI_INVENTORY,Arunachal Pradesh,,Slide,Rainfall and anthropogenic,point_05619
27.87272,93.45631,GSI_INVENTORY,Arunachal Pradesh,,Slide,Rainfall and anthropogenic,point_05620
27.86775,93.46586,GSI_INVENTORY,Arunachal Pradesh,,Slide,Rainfall and anthropogenic,point_05621
27.86608,93.46731,GSI_INVENTORY,Arunachal Pradesh,,Slide,Rainfall and anthropogenic,point_05622
27.88206,93.44433,GSI_INVENTORY,Arunachal Pradesh,,Slide,Rainfall and anthropogenic,point_05623
27.89881,93.40844,GSI_INVENTORY,Arunachal Pradesh,,Slide,Rainfall and anthropogenic,point_05624
27.89772,93.40631,GSI_INVENTORY,Arunachal Pradesh,,Slide,Rainfall and anthropogenic,point_05625
27.53581,92.93067,GSI_INVENTORY,Arunachal Pradesh,,Slide,Rainfall & anthropogenic,point_05626
27.54208,92.946,GSI_INVENTORY,Arunachal Pradesh,,Slide,Rainfall,point_05627
27.54092,92.94933,GSI_INVENTORY,Arunachal Pradesh,,Slide,Rainfall,point_05628
27.55539,92.96078,GSI_INVENTORY,Arunachal Pradesh,,Slide,Rainfall,point_05629
27.54467,92.95881,GSI_INVENTORY,Arunachal Pradesh,,Slide,Rainfall& Anthropogenic,point_05630
27.54347,92.95525,GSI_INVENTORY,Arunachal Pradesh,,Slide,Rainfall,point_05631
27.54264,92.95442,GSI_INVENTORY,Arunachal Pradesh,,Slide,Rainfall& Anthropogenic,point_05632
27.54378,92.98281,GSI_INVENTORY,Arunachal Pradesh,,Slide,Rainfall,point_05633
27.54628,92.98147,GSI_INVENTORY,Arunachal Pradesh,,Slide,Rainfall,point_05634
27.54939,92.97903,GSI_INVENTORY,Arunachal Pradesh,,Slide,Rainfall& Anthropogenic,point_05635
27.55361,92.97558,GSI_INVENTORY,Arunachal Pradesh,,Fall,Rainfall,point_05636
27.55264,92.96586,GSI_INVENTORY,Arunachal Pradesh,,Slide,Rainfall,point_05637
27.55039,92.96486,GSI_INVENTORY,Arunachal Pradesh,,Slide,Rainfall,point_05638
27.55561,92.96219,GSI_INVENTORY,Arunachal Pradesh,,Slide,Rainfall & anthropogenic,point_05639
27.55558,92.96303,GSI_INVENTORY,Arunachal Pradesh,,Slide,Rainfall & anthropogenic,point_05640
27.55519,92.96622,GSI_INVENTORY,Arunachal Pradesh,,Slide,Rainfall,point_05641
27.56111,92.96528,GSI_INVENTORY,Arunachal Pradesh,,Slide,Rainfall & anthropogenic,point_05642
27.56661,92.96764,GSI_INVENTORY,Arunachal Pradesh,,Slide,Rainfall& Anthropogenic,point_05643
27.57111,92.96556,GSI_INVENTORY,Arunachal Pradesh,,Slide,Rainfall& Anthropogenic,point_05644
27.56878,92.96658,GSI_INVENTORY,Arunachal Pradesh,,Slide,Rainfall& Anthropogenic,point_05645
27.56613,92.97307,GSI_INVENTORY,Arunachal Pradesh,,Slide,Rainfall,point_05646
27.56317,92.97514,GSI_INVENTORY,Arunachal Pradesh,,Slide,Rainfall,point_05647
27.56292,92.98314,GSI_INVENTORY,Arunachal Pradesh,,Slide,Rainfall,point_05648
27.56803,92.99394,GSI_INVENTORY,Arunachal Pradesh,,Slide,Rainfall,point_05649
27.57431,92.99956,GSI_INVENTORY,Arunachal Pradesh,,Slide,Rainfall,point_05650
27.53878,92.98814,GSI_INVENTORY,Arunachal Pradesh,,Slide,Rainfall,point_05651
27.53969,92.99131,GSI_INVENTORY,Arunachal Pradesh,,Fall,Rainfall,point_05652
27.52108,92.99544,GSI_INVENTORY,Arunachal Pradesh,,Slide,Rainfall& Anthropogenic,point_05653
27.52011,92.99714,GSI_INVENTORY,Arunachal Pradesh,,Slide,Rainfall,point_05654
27.5335,92.96486,GSI_INVENTORY,Arunachal Pradesh,,Slide,Rainfall & anthropogenic,point_05655
27.53056,92.95917,GSI_INVENTORY,Arunachal Pradesh,,Slide,Rainfall & anthropogenic,point_05656
27.43672,93.00364,GSI_INVENTORY,Arunachal Pradesh,,Slide,Rainfall,point_05657
27.44169,93.02147,GSI_INVENTORY,Arunachal Pradesh,,Slide,Rainfall,point_05658
27.44103,93.02039,GSI_INVENTORY,Arunachal Pradesh,,Slide,Rainfall,point_05659
27.43733,93.02967,GSI_INVENTORY,Arunachal Pradesh,,Slide,Rainfall,point_05660
27.36122,93.03578,GSI_INVENTORY,Arunachal Pradesh,,Slide,Rainfall,point_05661
27.34214,93.04158,GSI_INVENTORY,Arunachal Pradesh,,Slide,Rainfall,point_05662
27.34792,93.01219,GSI_INVENTORY,Arunachal Pradesh,,Slide,Rainfall,point_05663
27.34675,93.01853,GSI_INVENTORY,Arunachal Pradesh,,Slide,Rainfall,point_05664
27.35708,93.02636,GSI_INVENTORY,Arunachal Pradesh,,Slide,Rainfall,point_05665
27.36383,93.02514,GSI_INVENTORY,Arunachal Pradesh,,Slide,Rainfall,point_05666
27.39164,93.01186,GSI_INVENTORY,Arunachal Pradesh,,Slide,Rainfall,point_05667
27.42883,93.02531,GSI_INVENTORY,Arunachal Pradesh,,Slide,Rainfall,point_05668
27.41194,93.01053,GSI_INVENTORY,Arunachal Pradesh,,Slide,Rainfall,point_05669
27.42372,93.00758,GSI_INVENTORY,Arunachal Pradesh,,Fall,Rainfall,point_05670
27.42072,93.01108,GSI_INVENTORY,Arunachal Pradesh,,Slide,Rainfall,point_05671
27.42211,93.01464,GSI_INVENTORY,Arunachal Pradesh,,Slide,Rainfall,point_05672
27.42114,93.01761,GSI_INVENTORY,Arunachal Pradesh,,Slide,Rainfall,point_05673
27.32733,93.04361,GSI_INVENTORY,Arunachal Pradesh,,Slide,Rainfall,point_05674
27.32008,93.05092,GSI_INVENTORY,Arunachal Pradesh,,Slide,Rainfall,point_05675
27.32025,93.05322,GSI_INVENTORY,Arunachal Pradesh,,Slide,Rainfall,point_05676
27.30286,93.05092,GSI_INVENTORY,Arunachal Pradesh,,Slide,Rainfall,point_05677
27.29381,93.05014,GSI_INVENTORY,Arunachal Pradesh,,Slide,Rainfall,point_05678
27.29717,93.05089,GSI_INVENTORY,Arunachal Pradesh,,Slide,Rainfall,point_05679
27.29494,93.07242,GSI_INVENTORY,Arunachal Pradesh,,Slide,Rainfall,point_05680
27.30239,93.05583,GSI_INVENTORY,Arunachal Pradesh,,Slide,Rainfall,point_05681
27.30436,93.05461,GSI_INVENTORY,Arunachal Pradesh,,Slide,Rainfall,point_05682
27.32586,93.05547,GSI_INVENTORY,Arunachal Pradesh,,Slide,Rainfall,point_05683
27.32861,93.05658,GSI_INVENTORY,Arunachal Pradesh,,Planar/Wedge failure,Rainfall,point_05684
27.29661,93.09906,GSI_INVENTORY,Arunachal Pradesh,,Slide,Rainfall,point_05685
27.30061,93.09342,GSI_INVENTORY,Arunachal Pradesh,,Slide,Rainfall,point_05686
27.30114,93.09189,GSI_INVENTORY,Arunachal Pradesh,,Slide,Rainfall,point_05687
27.25692,93.06447,GSI_INVENTORY,Arunachal Pradesh,,Slide,Rainfall,point_05688
27.24044,93.06436,GSI_INVENTORY,Arunachal Pradesh,,Slide,Rainfall,point_05689
27.25378,93.50778,GSI_INVENTORY,Arunachal Pradesh,,Slide,Rainfall and anthropogenic activity,point_05690
27.25181,93.50428,GSI_INVENTORY,Arunachal Pradesh,,Slide,Rainfall and anthropogenic activity,point_05691
27.2495,93.50783,GSI_INVENTORY,Arunachal Pradesh,,Slide,Rainfall and anthropogenic activity,point_05692
27.23531,93.52439,GSI_INVENTORY,Arunachal Pradesh,,Slide,Rainfall and anthropogenic activity,point_05693
27.23492,93.53614,GSI_INVENTORY,Arunachal Pradesh,,Slide,Rainfall and anthropogenic activity,point_05694
27.21478,93.63567,GSI_INVENTORY,Arunachal Pradesh,,Slide,Rainfall and anthropogenic activity,point_05695
27.20758,93.61567,GSI_INVENTORY,Arunachal Pradesh,,Slide,Rainfall and anthropogenic activity,point_05696
27.21056,93.62856,GSI_INVENTORY,Arunachal Pradesh,,Slide,Rainfall and anthropogenic activity,point_05697
27.22367,93.58042,GSI_INVENTORY,Arunachal Pradesh,,Slide,Rainfall and anthropogenic activity,point_05698
27.22075,93.58117,GSI_INVENTORY,Arunachal Pradesh,,Slide,Rainfall and anthropogenic activity,point_05699
27.22536,93.57028,GSI_INVENTORY,Arunachal Pradesh,,Slide,Rainfall and anthropogenic activity,point_05700
27.22806,93.56897,GSI_INVENTORY,Arunachal Pradesh,,Slide,Rainfall and anthropogenic activity,point_05701
27.10736,93.64975,GSI_INVENTORY,Arunachal Pradesh,,Slide, ,point_05702
27.10307,93.64178,GSI_INVENTORY,Arunachal Pradesh,,Slide,Rainfall and anthropogenic activity,point_05703
27.10294,93.64042,GSI_INVENTORY,Arunachal Pradesh,,Slide,Rainfall and anthropogenic activity,point_05704
27.10344,93.63872,GSI_INVENTORY,Arunachal Pradesh,,Slide,Rainfall and anthropogenic activity,point_05705
27.10394,93.63761,GSI_INVENTORY,Arunachal Pradesh,,Slide,Rainfall and anthropogenic activity,point_05706
27.10311,93.63402,GSI_INVENTORY,Arunachal Pradesh,,Slide,Rainfall and anthropogenic activity,point_05707
27.10111,93.61922,GSI_INVENTORY,Arunachal Pradesh,,Slide,Rainfall,point_05708
27.09528,93.61569,GSI_INVENTORY,Arunachal Pradesh,,Slide,Heavy rainfall during last 24 hrs and 7 days prior to event,point_05709
27.09114,93.61567,GSI_INVENTORY,Arunachal Pradesh,,Slide,Rainfall,point_05710
27.07847,93.60564,GSI_INVENTORY,Arunachal Pradesh,,Slide,Heavy rainfall during last 24 hrs,point_05711
26.95052,93.45136,GSI_INVENTORY,Assam,,Slide,Road cut & Rainfall,point_05712
26.9498,93.45291,GSI_INVENTORY,Assam,,Slide,Road cut & Rainfall,point_05713
26.95266,93.44166,GSI_INVENTORY,Assam,,Slide,Road cut & Rainfall,point_05714
26.59011,93.57466,GSI_INVENTORY,Assam,,Slide,Roadcut& Rainfall,point_05715
26.51925,93.47147,GSI_INVENTORY,Assam,,Slide,Roadcut& Rainfall,point_05716
26.59416,93.54736,GSI_INVENTORY,Assam,,Slide,Roadcut & Rainfall,point_05717
26.59041,93.47616,GSI_INVENTORY,Assam,,Slide,Rainfall,point_05718
26.60358,93.481,GSI_INVENTORY,Assam,,Slide,Roadcut& Rainfall,point_05719
26.60275,93.48408,GSI_INVENTORY,Assam,,Slide,Roadcut& Rainfall,point_05720
26.5235,93.28166,GSI_INVENTORY,Assam,,Slide,Roadcut& Rainfall,point_05721
26.48328,93.18131,GSI_INVENTORY,Assam,,Slide,Rainfall,point_05722
26.57463,93.11297,GSI_INVENTORY,Assam,,Slide,Roadcut & Rainfall,point_05723
26.57455,93.11244,GSI_INVENTORY,Assam,,Slide,Roadcut& Rainfall,point_05724
26.57436,93.10647,GSI_INVENTORY,Assam,,Slide,Roadcut & Rainfall,point_05725
26.57719,93.10008,GSI_INVENTORY,Assam,,Slide,Rainfall,point_05726
26.57411,93.09811,GSI_INVENTORY,Assam,,Slide,Rainfall,point_05727
26.56111,93.04925,GSI_INVENTORY,Assam,,Slide,Rainfall,point_05728
26.56252,93.05658,GSI_INVENTORY,Assam,,Slide,Rainfall,point_05729
26.94755,93.25752,GSI_INVENTORY,Assam,,Slide,Rainfall & Toe erosion,point_05730
27.17767,93.14869,GSI_INVENTORY,Arunachal Pradesh,,Slide,Rainfall,point_05731
27.16181,93.13619,GSI_INVENTORY,Arunachal Pradesh,,Slide,Rainfall,point_05732
27.18869,93.13606,GSI_INVENTORY,Arunachal Pradesh,,Fall,Rainfall,point_05733
27.19694,93.13972,GSI_INVENTORY,Arunachal Pradesh,,Slide,Rainfall,point_05734
27.20808,93.13347,GSI_INVENTORY,Arunachal Pradesh,,Slide,Rainfall,point_05735
27.21561,93.12314,GSI_INVENTORY,Arunachal Pradesh,,Slide,Rainfall,point_05736
27.21594,93.06922,GSI_INVENTORY,Arunachal Pradesh,,Slide,Rainfall,point_05737
27.21678,93.07494,GSI_INVENTORY,Arunachal Pradesh,,Slide,Rainfall,point_05738
27.21733,93.06483,GSI_INVENTORY,Arunachal Pradesh,,Slide,Rainfall,point_05739
27.10364,92.76025,GSI_INVENTORY,Arunachal Pradesh,,Slide,Anthropogenic and Rainfall,point_05740
27.11569,92.76303,GSI_INVENTORY,Arunachal Pradesh,,Slide,Anthropogenic and Rainfall,point_05741
27.19086,92.60781,GSI_INVENTORY,Arunachal Pradesh,,Slide,Rainfall,point_05742
27.19167,92.61011,GSI_INVENTORY,Arunachal Pradesh,,Slide,Rainfall,point_05743
27.18383,92.59933,GSI_INVENTORY,Arunachal Pradesh,,Slide,Rainfall,point_05744
27.18228,92.59989,GSI_INVENTORY,Arunachal Pradesh,,Slide,Rainfall,point_05745
27.20822,92.55475,GSI_INVENTORY,Arunachal Pradesh,,Slide,Rainfall,point_05746
27.16631,92.58714,GSI_INVENTORY,Arunachal Pradesh,,Slide,Rainfall,point_05747
27.16714,92.58792,GSI_INVENTORY,Arunachal Pradesh,,Slide,Rainfall,point_05748
27.15242,92.56178,GSI_INVENTORY,Arunachal Pradesh,,Slide,Rainfall,point_05749
27.15306,92.56175,GSI_INVENTORY,Arunachal Pradesh,,Slide,Rainfall,point_05750
27.13444,92.59961,GSI_INVENTORY,Arunachal Pradesh,,Slide,Anthropogenic and Rainfall,point_05751
27.14806,92.61389,GSI_INVENTORY,Arunachal Pradesh,,Slide,Anthropogenic and Rainfall,point_05752
27.09908,92.62631,GSI_INVENTORY,Arunachal Pradesh,,Slide,Anthropogenic and Rainfall,point_05753
27.09389,92.59139,GSI_INVENTORY,Arunachal Pradesh,, ,Rainfall,point_05754
27.09203,92.59703,GSI_INVENTORY,Arunachal Pradesh,,Slide,Anthropogenic and Rainfall,point_05755
27.10694,92.57354,GSI_INVENTORY,Arunachal Pradesh,,Slide,Rainfall,point_05756
27.1055,92.55628,GSI_INVENTORY,Arunachal Pradesh,,Slide,Rainfall,point_05757
27.10508,92.55522,GSI_INVENTORY,Arunachal Pradesh,,Slide,Rainfall,point_05758
27.08667,92.58528,GSI_INVENTORY,Arunachal Pradesh,, ,Rainfall,point_05759
27.08614,92.58436,GSI_INVENTORY,Arunachal Pradesh,,Slide,Rainfall,point_05760
27.03528,92.61056,GSI_INVENTORY,Arunachal Pradesh,,Slide,Rainfall,point_05761
27.03611,92.60333,GSI_INVENTORY,Arunachal Pradesh,,Flow,Rainfall,point_05762
27.06658,92.59572,GSI_INVENTORY,Arunachal Pradesh,,Slide,Heavy rainfall on the day of failure and preceding day.,point_05763
26.93438,92.729,GSI_INVENTORY,Assam,,Slide,Toe erosion,point_05764
26.93362,92.70757,GSI_INVENTORY,Assam,,Slide,Toe erosion,point_05765
26.9358,92.70369,GSI_INVENTORY,Assam,,Slide,Rainfall,point_05766
26.93641,92.70308,GSI_INVENTORY,Assam,,Slide,Rainfall,point_05767
26.93855,92.70336,GSI_INVENTORY,Assam,,Slide,Rainfall,point_05768
26.93819,92.70402,GSI_INVENTORY,Assam,,Slide,Rainfall,point_05769
26.93597,92.70455,GSI_INVENTORY,Assam,,Slide,Rainfall,point_05770
27.01834,92.6356,GSI_INVENTORY,Arunachal Pradesh,,Slide,Heavy antecedent rainfall,point_05771
27.01858,92.63567,GSI_INVENTORY,Arunachal Pradesh,,Slide,Earthquake & Rainfall,point_05772
26.9693,92.634,GSI_INVENTORY,Assam,,Slide,Toe erosion,point_05773
26.97013,92.63363,GSI_INVENTORY,Assam,,Slide,Toe erosion,point_05774
26.97289,92.63283,GSI_INVENTORY,Assam,,Slide,Toe erosion,point_05775
26.9174,92.77163,GSI_INVENTORY,Assam,,Slide,Rainfall & Toe erosion by nala,point_05776
26.92216,92.7678,GSI_INVENTORY,Assam,,Slide,Roadcut& Rainfall,point_05777
26.92088,92.75933,GSI_INVENTORY,Assam,,Slide,Road cut & Rainfall,point_05778
26.92013,92.75994,GSI_INVENTORY,Assam,,Slide,Rainfall & Toe erosion by nala,point_05779
26.92666,92.73966,GSI_INVENTORY,Assam,,Slide,Rainfall & Toe erosion by nala,point_05780
26.9231,92.76755,GSI_INVENTORY,Assam,,Slide,Rainfall & Toe erosion,point_05781
27.11269,92.54347,GSI_INVENTORY,Arunachal Pradesh,,Slide,Rainfall,point_05782
27.1105,92.53744,GSI_INVENTORY,Arunachal Pradesh,,Slide,Rainfall,point_05783
27.11375,92.53758,GSI_INVENTORY,Arunachal Pradesh,,Slide,Rainfall,point_05784
27.11619,92.54311,GSI_INVENTORY,Arunachal Pradesh,,Slide,Rainfall,point_05785
27.20414,92.52928,GSI_INVENTORY,Arunachal Pradesh,,Fall,Rainfall,point_05786
27.20675,92.53739,GSI_INVENTORY,Arunachal Pradesh,,Slide,Rainfall,point_05787
27.20692,92.53767,GSI_INVENTORY,Arunachal Pradesh,,Slide,Rainfall,point_05788
27.34056,92.27494,GSI_INVENTORY,Arunachal Pradesh,,Slide,Rainfall,point_05789
27.36244,92.24397,GSI_INVENTORY,Arunachal Pradesh,,Slide,Rainfall,point_05790
27.34556,92.26639,GSI_INVENTORY,Arunachal Pradesh,,Flow,Rainfall,point_05791
27.35819,92.24325,GSI_INVENTORY,Arunachal Pradesh,,Slide,Rainfall,point_05792
27.36342,92.24375,GSI_INVENTORY,Arunachal Pradesh,,Slide,Rainfall,point_05793
27.36761,92.2415,GSI_INVENTORY,Arunachal Pradesh,,Slide,Rainfall,point_05794
27.32528,92.37372,GSI_INVENTORY,Arunachal Pradesh,,Slide,Rainfall,point_05795
27.29153,92.39178,GSI_INVENTORY,Arunachal Pradesh,,Slide,Rainfall,point_05796
27.30067,92.39183,GSI_INVENTORY,Arunachal Pradesh,,Slide,Rainfall,point_05797
27.29381,92.39169,GSI_INVENTORY,Arunachal Pradesh,,Slide,Rainfall,point_05798
27.26667,92.40439,GSI_INVENTORY,Arunachal Pradesh,,Slide,Rainfall,point_05799
27.27742,92.42528,GSI_INVENTORY,Arunachal Pradesh,,Slide,Rainfall,point_05800
27.27842,92.42692,GSI_INVENTORY,Arunachal Pradesh,,Slide,Rainfall,point_05801
27.24872,92.73772,GSI_INVENTORY,Arunachal Pradesh,,Slide,Rainfall,point_05802
27.57681,91.99344,GSI_INVENTORY,Arunachal Pradesh,,Slide,Rainfall,point_05803
27.43306,92.12358,GSI_INVENTORY,Arunachal Pradesh,,Slide,Rainfall,point_05804
27.44136,92.11742,GSI_INVENTORY,Arunachal Pradesh,,Slide,Rainfall,point_05805
27.45628,92.10956,GSI_INVENTORY,Arunachal Pradesh,,Slide,Rainfall,point_05806
27.46028,92.11028,GSI_INVENTORY,Arunachal Pradesh,,Fall,Rainfall,point_05807
27.49633,92.10433,GSI_INVENTORY,Arunachal Pradesh,,Slide,Rainfall,point_05808
27.49722,92.10467,GSI_INVENTORY,Arunachal Pradesh,,Slide,Rainfall,point_05809
27.48367,92.10925,GSI_INVENTORY,Arunachal Pradesh,,Slide,Rainfall,point_05810
27.39672,92.16386,GSI_INVENTORY,Arunachal Pradesh,,Slide,Rainfall,point_05811
27.39544,92.16417,GSI_INVENTORY,Arunachal Pradesh,,Slide,Rainfall,point_05812
27.39431,92.15733,GSI_INVENTORY,Arunachal Pradesh,,Slide,Rainfall,point_05813
27.40372,92.14106,GSI_INVENTORY,Arunachal Pradesh,,Slide,Rainfall,point_05814
27.40586,92.13378,GSI_INVENTORY,Arunachal Pradesh,,Slide,Rainfall,point_05815
27.40978,92.13217,GSI_INVENTORY,Arunachal Pradesh,,Slide,Rainfall,point_05816
27.51228,91.87556,GSI_INVENTORY,Arunachal Pradesh,,Flow,Rainfall,point_05817
27.56108,91.91153,GSI_INVENTORY,Arunachal Pradesh,,Slide,Heavy rainfall,point_05818
27.58361,91.97306,GSI_INVENTORY,Arunachal Pradesh,,Slide,Rainfall,point_05819
27.58006,91.97728,GSI_INVENTORY,Arunachal Pradesh,,Slide,Heavy rainfall during preceding 2 days,point_05820
27.59142,91.97308,GSI_INVENTORY,Arunachal Pradesh,,Slide,Rainfall,point_05821
27.59139,91.9025,GSI_INVENTORY,Arunachal Pradesh,,Slide,Heavy rainfall,point_05822
27.58942,91.86144,GSI_INVENTORY,Arunachal Pradesh,,Slide,Heavy rainfall,point_05823
27.58464,91.86092,GSI_INVENTORY,Arunachal Pradesh,, , ,point_05824
27.59056,91.86767,GSI_INVENTORY,Arunachal Pradesh,,Subsidence,Heavy rainfall,point_05825
27.59483,91.86642,GSI_INVENTORY,Arunachal Pradesh,,Slide,Heavy rainfall,point_05826
27.59264,91.86753,GSI_INVENTORY,Arunachal Pradesh,,Slide,Heavy rainfall,point_05827
27.59267,91.86622,GSI_INVENTORY,Arunachal Pradesh,,Flow,Heavy rainfall,point_05828
27.59181,91.86503,GSI_INVENTORY,Arunachal Pradesh,,Fall,Heavy rainfall,point_05829
27.589,91.87319,GSI_INVENTORY,Arunachal Pradesh,,Slide,Heavy rainfall,point_05830
27.58669,91.87144,GSI_INVENTORY,Arunachal Pradesh,,Slide,Heavy rainfall,point_05831
27.59064,91.87681,GSI_INVENTORY,Arunachal Pradesh,,Slide,Heavy rainfall,point_05832
27.58989,91.88119,GSI_INVENTORY,Arunachal Pradesh,,Slide,Heavy rainfall,point_05833
27.59153,91.88044,GSI_INVENTORY,Arunachal Pradesh,,Flow,Heavy rainfall,point_05834
27.59336,91.87944,GSI_INVENTORY,Arunachal Pradesh,,Subsidence,Heavy rainfall,point_05835
27.59664,91.87897,GSI_INVENTORY,Arunachal Pradesh,,Slide,Heavy rainfall,point_05836
27.59314,91.87389,GSI_INVENTORY,Arunachal Pradesh,,Slide,Heavy rainfall,point_05837
27.59981,91.87611,GSI_INVENTORY,Arunachal Pradesh,,Slide,Heavy rainfall,point_05838
27.599,91.87653,GSI_INVENTORY,Arunachal Pradesh,,Slide,Heavy rainfall,point_05839
27.59628,91.89433,GSI_INVENTORY,Arunachal Pradesh,,Slide,Heavy rainfall,point_05840
27.59517,91.89544,GSI_INVENTORY,Arunachal Pradesh,,Slide,Heavy rainfall,point_05841
27.58742,91.88694,GSI_INVENTORY,Arunachal Pradesh,,Slide,Heavy rainfall,point_05842
27.58761,91.89417,GSI_INVENTORY,Arunachal Pradesh,,Slide,Heavy rainfall,point_05843
27.579,91.86864,GSI_INVENTORY,Arunachal Pradesh,,Subsidence,Heavy rainfall,point_05844
27.58925,91.79567,GSI_INVENTORY,Arunachal Pradesh,,Slide,Heavy rainfall,point_05845
26.37456,91.84561,GSI_INVENTORY,Assam,,Slide,Heavy rainfall,point_05846
26.25033,91.97669,GSI_INVENTORY,Assam,,Slide, ,point_05847
26.20558,91.96322,GSI_INVENTORY,Assam,,Slide, ,point_05848
26.15864,91.92189,GSI_INVENTORY,Assam,,Slide, ,point_05849
26.12958,91.93831,GSI_INVENTORY,Assam,,Slide, ,point_05850
26.10922,91.939,GSI_INVENTORY,Assam,,Slide, ,point_05851
26.11006,91.90894,GSI_INVENTORY,Assam,,Slide, ,point_05852
26.15914,91.91558,GSI_INVENTORY,Assam,,Slide, ,point_05853
26.15933,91.91761,GSI_INVENTORY,Assam,,Slide, ,point_05854
26.18842,91.85125,GSI_INVENTORY,Assam,,Slide,Heavy rainfall,point_05855
26.20536,91.86497,GSI_INVENTORY,Assam,,Slide,Heavy rainfall,point_05856
26.19081,91.84528,GSI_INVENTORY,Assam,,Slide,Heavy rainfall,point_05857
26.19039,91.80994,GSI_INVENTORY,Assam,,Slide,Heavy rainfall,point_05858
26.19025,91.80647,GSI_INVENTORY,Assam,,Slide, ,point_05859
26.11514,91.83783,GSI_INVENTORY,Assam,,Slide, ,point_05860
26.13222,91.83972,GSI_INVENTORY,Assam,,Fall,Heavy downpour throughout the whole day on 6 October 2013,point_05861
26.11267,91.85389,GSI_INVENTORY,Assam,,Slide,Rainfall,point_05862
26.11094,91.88792,GSI_INVENTORY,Assam,,Slide, ,point_05863
26.09998,91.87663,GSI_INVENTORY,Assam,,Slide, ,point_05864
26.09817,91.88128,GSI_INVENTORY,Assam,,Slide,Rainfall,point_05865
26.08639,91.87908,GSI_INVENTORY,Meghalaya,,Slide, ,point_05866
26.0641,91.88914,GSI_INVENTORY,Assam,,Slide, ,point_05867
26.10294,91.86211,GSI_INVENTORY,Assam,,Slide, ,point_05868
26.07594,91.82081,GSI_INVENTORY,Meghalaya,,Slide, ,point_05869
26.02209,91.83291,GSI_INVENTORY,Meghalaya,,Slide, ,point_05870
26.01061,91.86886,GSI_INVENTORY,Meghalaya,,Slide, ,point_05871
26.02547,91.87158,GSI_INVENTORY,Meghalaya,,Slide, ,point_05872
26.02897,91.87197,GSI_INVENTORY,Meghalaya,,Slide, ,point_05873
26.03358,91.86708,GSI_INVENTORY,Meghalaya,,Slide, ,point_05874
26.05029,91.88007,GSI_INVENTORY,Assam,,Slide, ,point_05875
26.02758,91.88656,GSI_INVENTORY,Meghalaya,,Slide, ,point_05876
26.02703,91.88175,GSI_INVENTORY,Meghalaya,,Slide, ,point_05877
26.00708,91.90981,GSI_INVENTORY,Meghalaya,,Slide, ,point_05878
26.09799,91.98059,GSI_INVENTORY,Assam,,Slide, ,point_05879
26.07765,91.98229,GSI_INVENTORY,Assam,,Slide, ,point_05880
26.03203,91.98953,GSI_INVENTORY,Meghalaya,,Slide, ,point_05881
26.0405,92.0355,GSI_INVENTORY,Assam,,Slide,1. Incessant rainfall,point_05882
26.04327,92.05553,GSI_INVENTORY,Assam,,Slide, ,point_05883
26.10175,92.04022,GSI_INVENTORY,Assam,,Slide, ,point_05884
26.07784,92.03502,GSI_INVENTORY,Assam,,Slide, ,point_05885
26.08014,92.03267,GSI_INVENTORY,Assam,,Slide, ,point_05886
26.17197,92.00261,GSI_INVENTORY,Assam,,Slide, ,point_05887
26.15356,92.03869,GSI_INVENTORY,Assam,,Slide, ,point_05888
26.11208,92.09103,GSI_INVENTORY,Assam,,Slide, ,point_05889
26.07781,92.17039,GSI_INVENTORY,Assam,,Slide, ,point_05890
26.06517,92.15064,GSI_INVENTORY,Assam,,Slide, ,point_05891
26.06186,92.14789,GSI_INVENTORY,Assam,,Slide, ,point_05892
26.09458,92.13514,GSI_INVENTORY,Assam,,Slide, ,point_05893
26.08397,92.14525,GSI_INVENTORY,Assam,,Slide, ,point_05894
25.97006,92.05489,GSI_INVENTORY,Meghalaya,,Slide,Heavy rainfall,point_05895
25.97003,92.05676,GSI_INVENTORY,Meghalaya,,Slide,Heavy rainfall,point_05896
25.98244,92.05741,GSI_INVENTORY,Meghalaya,,Slide,Heavy rainfall,point_05897
25.87429,92.01832,GSI_INVENTORY,Meghalaya,,Slide,Heavy rainfall,point_05898
25.86575,92.15329,GSI_INVENTORY,Meghalaya,,Slide,Heavy rainfall,point_05899
25.79666,92.14346,GSI_INVENTORY,Meghalaya,,Slide,Heavy rainfall,point_05900
25.74733,92.11733,GSI_INVENTORY,Meghalaya,,Slide,Rainfall,point_05901
25.74672,92.11114,GSI_INVENTORY,Meghalaya,,Slide,Rainfall,point_05902
25.7476,92.11417,GSI_INVENTORY,Meghalaya,,Slide,Rainfall,point_05903
25.74681,92.10781,GSI_INVENTORY,Meghalaya,,Slide,Rainfall,point_05904
25.70408,92.11883,GSI_INVENTORY,Meghalaya,,Fall,Rainfall,point_05905
25.676,92.15792,GSI_INVENTORY,Meghalaya,,Slide,Rainfall,point_05906
25.674,92.15767,GSI_INVENTORY,Meghalaya,,Slide,Rainfall,point_05907
25.69656,92.10969,GSI_INVENTORY,Meghalaya,,Fall,Rainfall,point_05908
25.65318,92.04119,GSI_INVENTORY,Meghalaya,,Slide,Rainfall,point_05909
25.64575,92.07117,GSI_INVENTORY,Meghalaya,,Slide,Rainfall,point_05910
25.77609,92.03754,GSI_INVENTORY,Meghalaya,,Slide,Heavy rainfall,point_05911
25.75634,92.01783,GSI_INVENTORY,Meghalaya,,Slide,Heavy rainfall,point_05912
25.66847,91.97508,GSI_INVENTORY,Meghalaya,,Slide,Rainfall,point_05913
25.63719,91.93345,GSI_INVENTORY,Meghalaya,,Slide,Rainfall,point_05914
25.63778,91.93256,GSI_INVENTORY,Meghalaya,,Slide,Rainfall,point_05915
25.63736,91.93224,GSI_INVENTORY,Meghalaya,,Slide,Rainfall,point_05916
25.64366,91.89934,GSI_INVENTORY,Meghalaya,,Slide,Rainfall,point_05917
25.64922,91.899,GSI_INVENTORY,Meghalaya,,Slide,Rainfall,point_05918
25.65464,91.89822,GSI_INVENTORY,Meghalaya,,Slide,Rainfall,point_05919
25.65641,91.90053,GSI_INVENTORY,Meghalaya,,Slide,Rainfall,point_05920
25.66344,91.91594,GSI_INVENTORY,Meghalaya,,Slide, ,point_05921
25.69555,91.90378,GSI_INVENTORY,Meghalaya,,Slide,Rainfall,point_05922
25.64119,91.89067,GSI_INVENTORY,Meghalaya,,Slide,Rainfall,point_05923
25.64359,91.89086,GSI_INVENTORY,Meghalaya,,Slide,Rainfall,point_05924
25.63065,91.87886,GSI_INVENTORY,Meghalaya,,Slide,Rainfall,point_05925
25.62795,91.87649,GSI_INVENTORY,Meghalaya,,Slide,Rainfall,point_05926
25.62642,91.88703,GSI_INVENTORY,Meghalaya,,Slide, ,point_05927
25.6339,91.89183,GSI_INVENTORY,Meghalaya,,Slide,Rainfall,point_05928
25.6166,91.87656,GSI_INVENTORY,Meghalaya,,Slide,Rainfall,point_05929
25.61986,91.87511,GSI_INVENTORY,Meghalaya,,Slide,Rainfall,point_05930
25.61454,91.87005,GSI_INVENTORY,Meghalaya,,Slide,Rainfall,point_05931
25.61411,91.86963,GSI_INVENTORY,Meghalaya,,Slide,Rainfall,point_05932
25.61392,91.86864,GSI_INVENTORY,Meghalaya,,Slide,Rainfall,point_05933
25.61466,91.87069,GSI_INVENTORY,Meghalaya,,Slide,Rainfall,point_05934
25.61491,91.87171,GSI_INVENTORY,Meghalaya,,Slide,Rainfall,point_05935
25.61779,91.87274,GSI_INVENTORY,Meghalaya,,Slide,Rainfall,point_05936
25.61358,91.87178,GSI_INVENTORY,Meghalaya,,Slide,Rainfall,point_05937
25.61253,91.87086,GSI_INVENTORY,Meghalaya,,Slide,Rainfall,point_05938
25.59976,91.86081,GSI_INVENTORY,Meghalaya,,Slide,Rainfall,point_05939
25.59981,91.86003,GSI_INVENTORY,Meghalaya,,Slide,Rainfall,point_05940
25.5991,91.85929,GSI_INVENTORY,Meghalaya,,Slide,Rainfall,point_05941
25.60339,91.85622,GSI_INVENTORY,Meghalaya,,Slide,Rainfall,point_05942
25.60619,91.85628,GSI_INVENTORY,Meghalaya,,Slide,Rainfall,point_05943
25.64139,91.85493,GSI_INVENTORY,Meghalaya,,Slide,Rainfall,point_05944
25.64213,91.85185,GSI_INVENTORY,Meghalaya,,Slide,Rainfall,point_05945
25.6422,91.85106,GSI_INVENTORY,Meghalaya,,Slide,Rainfall,point_05946
25.64026,91.84859,GSI_INVENTORY,Meghalaya,,Slide,Rainfall,point_05947
25.63703,91.84446,GSI_INVENTORY,Meghalaya,,Slide,Rainfall,point_05948
25.63691,91.84324,GSI_INVENTORY,Meghalaya,,Slide,Rainfall,point_05949
25.62679,91.82972,GSI_INVENTORY,Meghalaya,,Slide,Rainfall,point_05950
25.70843,91.89641,GSI_INVENTORY,Meghalaya,,Slide,Rainfall,point_05951
25.71103,91.8918,GSI_INVENTORY,Meghalaya,,Slide,Rainfall,point_05952
25.76061,91.88225,GSI_INVENTORY,Meghalaya,,Slide,Heavy rainfall,point_05953
25.75928,91.88286,GSI_INVENTORY,Meghalaya,,Slide,Heavy rainfall,point_05954
25.787,91.87658,GSI_INVENTORY,Meghalaya,,Slide,Heavy rainfall,point_05955
25.86589,91.88028,GSI_INVENTORY,Meghalaya,,Slide,Heavy rainfall,point_05956
25.85311,91.88158,GSI_INVENTORY,Meghalaya,,Slide,Heavy rainfall,point_05957
25.85222,91.88136,GSI_INVENTORY,Meghalaya,,Slide,Heavy rainfall,point_05958
25.95111,91.96889,GSI_INVENTORY,Meghalaya,,Slide,Heavy rainfall,point_05959
25.99703,91.86235,GSI_INVENTORY,Meghalaya,,Slide,Heavy rainfall,point_05960
25.99885,91.86388,GSI_INVENTORY,Meghalaya,,Slide,Heavy rainfall,point_05961
26.00294,91.86692,GSI_INVENTORY,Meghalaya,,Slide, ,point_05962
25.97256,91.86242,GSI_INVENTORY,Meghalaya,,Slide, ,point_05963
25.97924,91.86058,GSI_INVENTORY,Meghalaya,,Slide,Heavy rainfall,point_05964
25.9788,91.86028,GSI_INVENTORY,Meghalaya,,Slide,Heavy rainfall,point_05965
25.97296,91.85834,GSI_INVENTORY,Meghalaya,,Slide,Heavy rainfall,point_05966
25.95847,91.85406,GSI_INVENTORY,Meghalaya,,Slide, ,point_05967
25.95889,91.85124,GSI_INVENTORY,Meghalaya,,Slide,Heavy rainfall,point_05968
25.95678,91.85288,GSI_INVENTORY,Meghalaya,,Slide,Heavy rainfall,point_05969
25.95633,91.85725,GSI_INVENTORY,Meghalaya,,Slide,Heavy rainfall,point_05970
25.96,91.857,GSI_INVENTORY,Meghalaya,,Slide,Heavy rainfall,point_05971
25.937,91.87553,GSI_INVENTORY,Meghalaya,,Slide, ,point_05972
25.92797,91.87719,GSI_INVENTORY,Meghalaya,,Slide,Heavy rainfall,point_05973
25.95489,91.85867,GSI_INVENTORY,Meghalaya,,Slide,Heavy rainfall,point_05974
25.93571,91.71456,GSI_INVENTORY,Meghalaya,,Slide,Rainfall,point_05975
25.93489,91.71439,GSI_INVENTORY,Meghalaya,,Slide,Rainfall,point_05976
25.94098,91.72464,GSI_INVENTORY,Meghalaya,,Slide,Rainfall,point_05977
25.66033,91.63508,GSI_INVENTORY,Meghalaya,,Slide,Rainfall,point_05978
25.66054,91.63543,GSI_INVENTORY,Meghalaya,,Slide,Rainfall,point_05979
25.68743,91.64832,GSI_INVENTORY,Meghalaya,,Slide,Rainfall,point_05980
25.68708,91.65086,GSI_INVENTORY,Meghalaya,,Slide,Rainfall,point_05981
25.68744,91.65618,GSI_INVENTORY,Meghalaya,,Slide,Rainfall,point_05982
25.68731,91.65538,GSI_INVENTORY,Meghalaya,,Slide,Rainfall,point_05983
25.68801,91.65807,GSI_INVENTORY,Meghalaya,,Slide,Rainfall,point_05984
25.69295,91.64804,GSI_INVENTORY,Meghalaya,,Slide,Rainfall,point_05985
25.69145,91.64573,GSI_INVENTORY,Meghalaya,,Slide,Rainfall,point_05986
25.68786,91.64794,GSI_INVENTORY,Meghalaya,,Slide,Rainfall,point_05987
25.69649,91.64453,GSI_INVENTORY,Meghalaya,,Slide,Rainfall,point_05988
25.70005,91.64449,GSI_INVENTORY,Meghalaya,,Slide,Rainfall,point_05989
25.6999,91.64219,GSI_INVENTORY,Meghalaya,,Slide,Rainfall,point_05990
25.79544,91.66211,GSI_INVENTORY,Meghalaya,,Slide,Rainfall,point_05991
25.76335,91.65715,GSI_INVENTORY,Meghalaya,,Slide,Rainfall,point_05992
25.66774,91.59782,GSI_INVENTORY,Meghalaya,,Slide,Rainfall,point_05993
25.61962,91.61657,GSI_INVENTORY,Meghalaya,,Slide,Rainfall,point_05994
25.84,91.47,GSI_INVENTORY,Meghalaya,,Slide,Rainfall,point_05995
25.89558,91.59933,GSI_INVENTORY,Meghalaya,,Slide,Rainfall,point_05996
25.9545,91.54662,GSI_INVENTORY,Meghalaya,,Slide,Rainfall,point_05997
25.94562,91.54888,GSI_INVENTORY,Meghalaya,,Slide,Rainfall,point_05998
25.94523,91.5607,GSI_INVENTORY,Meghalaya,,Slide,Rainfall,point_05999
25.94044,91.56307,GSI_INVENTORY,Meghalaya,,Slide,Rainfall,point_06000
25.93658,91.56392,GSI_INVENTORY,Meghalaya,,Slide,Rainfall,point_06001
25.93583,91.56525,GSI_INVENTORY,Meghalaya,,Slide,Rainfall,point_06002
25.93039,91.57182,GSI_INVENTORY,Meghalaya,,Slide,Rainfall,point_06003
25.914,91.5789,GSI_INVENTORY,Meghalaya,,Slide,Rainfall,point_06004
25.9235,91.57422,GSI_INVENTORY,Meghalaya,,Slide,Rainfall,point_06005
25.99462,91.57721,GSI_INVENTORY,Meghalaya,,Slide,Rainfall,point_06006
25.97848,91.56958,GSI_INVENTORY,Meghalaya,,Slide,Rainfall,point_06007
25.9719,91.56237,GSI_INVENTORY,Meghalaya,,Slide,Rainfall,point_06008
25.97232,91.56113,GSI_INVENTORY,Meghalaya,,Slide,Rainfall,point_06009
26.01186,91.56961,GSI_INVENTORY,Meghalaya,,Slide, ,point_06010
26.10581,91.62275,GSI_INVENTORY,Assam,,Slide, ,point_06011
26.08125,91.79828,GSI_INVENTORY,Meghalaya,,Slide, ,point_06012
26.08697,91.7831,GSI_INVENTORY,Meghalaya,,Slide, ,point_06013
26.10711,91.78917,GSI_INVENTORY,Assam,,Flow, ,point_06014
26.07156,91.73403,GSI_INVENTORY,Assam,,Slide, ,point_06015
26.12106,91.71639,GSI_INVENTORY,Assam,,Slide, ,point_06016
26.13611,91.74056,GSI_INVENTORY,Assam,,Topple, ,point_06017
26.14944,91.748,GSI_INVENTORY,Assam,,Subsidence, ,point_06018
26.13442,91.7501,GSI_INVENTORY,Assam,,Flow, ,point_06019
26.15461,91.80086,GSI_INVENTORY,Assam,,Flow, ,point_06020
26.155,91.79817,GSI_INVENTORY,Assam,,Slide, ,point_06021
26.15428,91.79264,GSI_INVENTORY,Assam,,Slide,"Incessant rainfall on 13th June, 2017",point_06022
26.15478,91.77411,GSI_INVENTORY,Assam,,Flow, ,point_06023
26.1755,91.76175,GSI_INVENTORY,Assam,,Slide,Heavy rainfall,point_06024
26.17806,91.76083,GSI_INVENTORY,Assam,, , ,point_06025
26.17756,91.76589,GSI_INVENTORY,Assam,,Slide,"Incessant rainfall on 13th June, 2017",point_06026
26.17672,91.76525,GSI_INVENTORY,Assam,,Slide,"Incessant rainfall on 13th June, 2017",point_06027
26.17672,91.78672,GSI_INVENTORY,Assam,,Flow, ,point_06028
26.19167,91.79028,GSI_INVENTORY,Assam,, , ,point_06029
26.1895,91.78717,GSI_INVENTORY,Assam,,Slide,Anthropogenic factors and saturation due to heavy rain.,point_06030
26.18931,91.78794,GSI_INVENTORY,Assam,,Slide, ,point_06031
26.18917,91.80111,GSI_INVENTORY,Assam,, , ,point_06032
26.19167,91.80361,GSI_INVENTORY,Assam,,Slide, ,point_06033
26.19553,91.78056,GSI_INVENTORY,Assam,,Slide,Heavy rainfall,point_06034
26.19531,91.76564,GSI_INVENTORY,Assam,,Slide,Rainfall,point_06035
26.19244,91.76422,GSI_INVENTORY,Assam,,Slide,Heavy rainfall,point_06036
26.18867,91.76694,GSI_INVENTORY,Assam,,Flow, ,point_06037
26.1625,91.71444,GSI_INVENTORY,Assam,,Flow,Heavy rainfall,point_06038
26.16658,91.71481,GSI_INVENTORY,Assam,,Slide, ,point_06039
26.25614,91.71158,GSI_INVENTORY,Assam,,Slide, ,point_06040
26.21111,91.68417,GSI_INVENTORY,Assam,,Topple, ,point_06041
26.20261,91.14528,GSI_INVENTORY,Assam,, , ,point_06042
25.83,91.05,GSI_INVENTORY,Meghalaya,,Slide,Rainfall,point_06043
25.81,91.02,GSI_INVENTORY,Meghalaya,,Slide,Rainfall,point_06044
25.71659,90.82254,GSI_INVENTORY,Meghalaya,,Slide,Rainfall,point_06045
25.63556,90.80778,GSI_INVENTORY,Meghalaya,,Slide,Rainfall,point_06046
25.62514,90.79167,GSI_INVENTORY,Meghalaya,,Slide,Rainfall,point_06047
25.8,91.01,GSI_INVENTORY,Meghalaya,,Slide,Rainfall,point_06048
25.79,91.02,GSI_INVENTORY,Meghalaya,,Slide,Rainfall,point_06049
25.69322,91.0555,GSI_INVENTORY,Meghalaya,,Slide,Rainfall,point_06050
25.69144,91.057,GSI_INVENTORY,Meghalaya,,Slide,Rainfall,point_06051
25.6985,91.05661,GSI_INVENTORY,Meghalaya,,Slide,Rainfall,point_06052
25.69931,91.05556,GSI_INVENTORY,Meghalaya,,Slide,Rainfall,point_06053
25.69867,91.05478,GSI_INVENTORY,Meghalaya,,Slide,Rainfall,point_06054
25.6676,91.06317,GSI_INVENTORY,Meghalaya,,Slide,Rainfall,point_06055
25.67158,91.04089,GSI_INVENTORY,Meghalaya,,Slide,Rainfall,point_06056
25.61136,91.02202,GSI_INVENTORY,Meghalaya,,Slide,Rainfall,point_06057
25.629,91.03766,GSI_INVENTORY,Meghalaya,,Slide,Rainfall,point_06058
25.62836,91.03714,GSI_INVENTORY,Meghalaya,,Slide,Rainfall,point_06059
25.63942,91.04481,GSI_INVENTORY,Meghalaya,,Slide,Rainfall,point_06060
25.64751,91.05514,GSI_INVENTORY,Meghalaya,,Slide,Rainfall,point_06061
25.66747,91.06678,GSI_INVENTORY,Meghalaya,,Slide,Rainfall,point_06062
25.67217,91.06603,GSI_INVENTORY,Meghalaya,,Slide,Rainfall,point_06063
25.67292,91.06475,GSI_INVENTORY,Meghalaya,,Slide,Rainfall,point_06064
25.67831,91.07975,GSI_INVENTORY,Meghalaya,,Slide,Rainfall,point_06065
25.66975,91.10022,GSI_INVENTORY,Meghalaya,,Slide,Rainfall,point_06066
25.66968,91.10291,GSI_INVENTORY,Meghalaya,,Slide,Rainfall,point_06067
25.67194,91.09614,GSI_INVENTORY,Meghalaya,,Slide,Rainfall,point_06068
25.6715,91.09523,GSI_INVENTORY,Meghalaya,,Slide,Rainfall,point_06069
25.67064,91.09525,GSI_INVENTORY,Meghalaya,,Slide,Rainfall,point_06070
25.67008,91.09481,GSI_INVENTORY,Meghalaya,,Slide,Rainfall,point_06071
25.66742,91.09233,GSI_INVENTORY,Meghalaya,,Slide,Rainfall,point_06072
25.66603,91.09117,GSI_INVENTORY,Meghalaya,,Slide,Rainfall,point_06073
25.66411,91.08956,GSI_INVENTORY,Meghalaya,,Slide,Rainfall,point_06074
25.66675,91.12147,GSI_INVENTORY,Meghalaya,,Slide,Rainfall,point_06075
25.66832,91.11486,GSI_INVENTORY,Meghalaya,,Slide,Rainfall,point_06076
25.68625,91.11836,GSI_INVENTORY,Meghalaya,,Fall, ,point_06077
25.69483,91.11836,GSI_INVENTORY,Meghalaya,,Slide, ,point_06078
25.6633,91.1347,GSI_INVENTORY,Meghalaya,,Slide,Rainfall,point_06079
25.66082,91.14369,GSI_INVENTORY,Meghalaya,,Slide,Rainfall,point_06080
25.66027,91.14431,GSI_INVENTORY,Meghalaya,,Slide,Rainfall,point_06081
25.65708,91.1474,GSI_INVENTORY,Meghalaya,,Slide,Rainfall,point_06082
25.64986,91.15438,GSI_INVENTORY,Meghalaya,,Slide,Rainfall,point_06083
25.64483,91.13478,GSI_INVENTORY,Meghalaya,,Slide,Rainfall,point_06084
25.60619,91.15771,GSI_INVENTORY,Meghalaya,,Slide,Rainfall,point_06085
25.60746,91.15704,GSI_INVENTORY,Meghalaya,,Slide,Rainfall,point_06086
25.59982,91.17639,GSI_INVENTORY,Meghalaya,,Slide,Rainfall,point_06087
25.59891,91.17563,GSI_INVENTORY,Meghalaya,,Slide,Rainfall,point_06088
25.59958,91.1782,GSI_INVENTORY,Meghalaya,,Slide,Rainfall,point_06089
25.60074,91.17745,GSI_INVENTORY,Meghalaya,,Slide,Rainfall,point_06090
25.60757,91.17491,GSI_INVENTORY,Meghalaya,,Slide,Rainfall,point_06091
25.60697,91.17616,GSI_INVENTORY,Meghalaya,,Slide,Rainfall,point_06092
25.61279,91.1737,GSI_INVENTORY,Meghalaya,,Slide,Rainfall,point_06093
25.62478,91.16775,GSI_INVENTORY,Meghalaya,,Slide,Rainfall,point_06094
25.62677,91.16521,GSI_INVENTORY,Meghalaya,,Slide,Rainfall,point_06095
25.62876,91.16417,GSI_INVENTORY,Meghalaya,,Slide,Rainfall,point_06096
25.62968,91.16317,GSI_INVENTORY,Meghalaya,,Slide,Rainfall,point_06097
25.63229,91.16279,GSI_INVENTORY,Meghalaya,,Slide,Rainfall,point_06098
25.63675,91.16271,GSI_INVENTORY,Meghalaya,,Slide,Rainfall,point_06099
25.64422,91.15853,GSI_INVENTORY,Meghalaya,,Slide,Rainfall,point_06100
25.64494,91.15815,GSI_INVENTORY,Meghalaya,,Slide,Rainfall,point_06101
25.6466,91.15759,GSI_INVENTORY,Meghalaya,,Slide,Rainfall,point_06102
25.64349,91.15922,GSI_INVENTORY,Meghalaya,,Slide,Rainfall,point_06103
25.62533,91.18261,GSI_INVENTORY,Meghalaya,,Slide,Rainfall,point_06104
25.61899,91.18568,GSI_INVENTORY,Meghalaya,,Slide,Rainfall,point_06105
25.60268,91.18071,GSI_INVENTORY,Meghalaya,,Slide,Rainfall,point_06106
25.69811,91.18275,GSI_INVENTORY,Meghalaya,,Slide,Rainfall,point_06107
25.67112,91.17888,GSI_INVENTORY,Meghalaya,,Slide,Rainfall,point_06108
25.65835,91.17701,GSI_INVENTORY,Meghalaya,,Slide,Rainfall,point_06109
25.79,91.24,GSI_INVENTORY,Assam,,Slide,Rainfall,point_06110
25.8,91.11,GSI_INVENTORY,Meghalaya,,Slide,Rainfall,point_06111
25.83,91.14,GSI_INVENTORY,Meghalaya,,Subsidence,Rainfall,point_06112
25.85,91.17,GSI_INVENTORY,Meghalaya,,Slide,Rainfall,point_06113
25.95,91.28,GSI_INVENTORY,Assam,,Slide,Rainfall,point_06114
25.91,91.4,GSI_INVENTORY,Assam,,Slide,Rainfall,point_06115
25.84,91.35,GSI_INVENTORY,Assam,,Slide,Rainfall,point_06116
25.61509,91.30987,GSI_INVENTORY,Meghalaya,,Slide,Rainfall,point_06117
25.52831,91.39571,GSI_INVENTORY,Meghalaya,,Slide,Anthropogenic,point_06118
25.54996,91.34118,GSI_INVENTORY,Meghalaya,,Slide,Rainfall,point_06119
25.54986,91.29571,GSI_INVENTORY,Meghalaya,,Slide,Rainfall,point_06120
25.55125,91.29706,GSI_INVENTORY,Meghalaya,,Slide,Rainfall,point_06121
25.55012,91.25029,GSI_INVENTORY,Meghalaya,,Slide,Rainfall,point_06122
25.54787,91.29259,GSI_INVENTORY,Meghalaya,,Slide,Rainfall,point_06123
25.54594,91.28428,GSI_INVENTORY,Meghalaya,,Slide,Rainfall,point_06124
25.54521,91.27614,GSI_INVENTORY,Meghalaya,,Slide,Rainfall,point_06125
25.54492,91.27072,GSI_INVENTORY,Meghalaya,,Slide,Rainfall,point_06126
25.54506,91.26978,GSI_INVENTORY,Meghalaya,,Slide,Rainfall,point_06127
25.54494,91.26767,GSI_INVENTORY,Meghalaya,,Slide,Rainfall,point_06128
25.54491,91.26857,GSI_INVENTORY,Meghalaya,,Slide,Rainfall,point_06129
25.54489,91.26372,GSI_INVENTORY,Meghalaya,,Slide,Rainfall,point_06130
25.52778,91.26321,GSI_INVENTORY,Meghalaya,,Slide,Rainfall,point_06131
25.52308,91.26897,GSI_INVENTORY,Meghalaya,,Flow,Rainfall,point_06132
25.51956,91.26644,GSI_INVENTORY,Meghalaya,,Slide,Rainfall,point_06133
25.5208,91.25985,GSI_INVENTORY,Meghalaya,,Slide, ,point_06134
25.50335,91.28335,GSI_INVENTORY,Meghalaya,,Slide, ,point_06135
25.50667,91.28318,GSI_INVENTORY,Meghalaya,,Slide, ,point_06136
25.51973,91.28443,GSI_INVENTORY,Meghalaya,,Fall, ,point_06137
25.54564,91.3254,GSI_INVENTORY,Meghalaya,,Slide,Anthropogenic,point_06138
25.44465,91.34622,GSI_INVENTORY,Meghalaya,,Slide, ,point_06139
25.425,91.405,GSI_INVENTORY,Meghalaya,,Slide, ,point_06140
25.23707,91.43212,GSI_INVENTORY,Meghalaya,,Slide, ,point_06141
25.21617,91.38914,GSI_INVENTORY,Meghalaya,,Slide,Rainfall,point_06142
25.22141,91.38709,GSI_INVENTORY,Meghalaya,,Slide,Rainfall,point_06143
25.26694,91.38321,GSI_INVENTORY,Meghalaya,,Slide,Rainfall,point_06144
25.27803,91.34893,GSI_INVENTORY,Meghalaya,,Slide,Rainfall,point_06145
25.29937,91.32558,GSI_INVENTORY,Meghalaya,,Slide,Rainfall,point_06146
25.31488,91.33367,GSI_INVENTORY,Meghalaya,,Slide, ,point_06147
25.35747,91.22917,GSI_INVENTORY,Meghalaya,,Slide,Rainfall,point_06148
25.35647,91.22549,GSI_INVENTORY,Meghalaya,,Slide,Rainfall,point_06149
25.28847,91.22427,GSI_INVENTORY,Meghalaya,,Slide,Rainfall,point_06150
25.201,91.234,GSI_INVENTORY,Meghalaya,,Fall, ,point_06151
25.20676,91.23142,GSI_INVENTORY,Meghalaya,,Slide,Rainfall,point_06152
25.20283,91.20908,GSI_INVENTORY,Meghalaya,,Fall, ,point_06153
25.21127,91.20822,GSI_INVENTORY,Meghalaya,,Slide,Rainfall,point_06154
25.22157,91.18583,GSI_INVENTORY,Meghalaya,,Slide,Rainfall,point_06155
25.22076,91.187,GSI_INVENTORY,Meghalaya,,Slide,Rainfall,point_06156
25.23907,91.17473,GSI_INVENTORY,Meghalaya,,Slide,Rainfall,point_06157
25.19788,91.13956,GSI_INVENTORY,Meghalaya,,Slide,Rainfall,point_06158
25.29588,91.07175,GSI_INVENTORY,Meghalaya,,Slide,Rainfall,point_06159
25.30505,91.07578,GSI_INVENTORY,Meghalaya,,Slide,Rainfall,point_06160
25.45582,91.08629,GSI_INVENTORY,Meghalaya,,Slide,Rainfall,point_06161
25.45564,91.08294,GSI_INVENTORY,Meghalaya,,Slide,Rainfall,point_06162
25.46232,91.09684,GSI_INVENTORY,Meghalaya,,Slide,Rainfall,point_06163
25.49608,91.11768,GSI_INVENTORY,Meghalaya,,Slide,Rainfall,point_06164
25.49686,91.19856,GSI_INVENTORY,Meghalaya,,Slide,Rainfall,point_06165
25.49637,91.16357,GSI_INVENTORY,Meghalaya,,Slide,Rainfall,point_06166
25.50738,91.22388,GSI_INVENTORY,Meghalaya,,Slide,Rainfall,point_06167
25.50753,91.22433,GSI_INVENTORY,Meghalaya,,Slide,Rainfall,point_06168
25.508,91.22569,GSI_INVENTORY,Meghalaya,,Slide,Rainfall,point_06169
25.54655,91.23522,GSI_INVENTORY,Meghalaya,,Slide,Rainfall,point_06170
25.54646,91.23573,GSI_INVENTORY,Meghalaya,,Slide,Rainfall,point_06171
25.54403,91.21547,GSI_INVENTORY,Meghalaya,,Slide,Rainfall,point_06172
25.53318,91.20565,GSI_INVENTORY,Meghalaya,,Slide,Rainfall,point_06173
25.53449,91.20549,GSI_INVENTORY,Meghalaya,,Slide,Rainfall,point_06174
25.53734,91.20754,GSI_INVENTORY,Meghalaya,,Slide,Rainfall,point_06175
25.53725,91.20697,GSI_INVENTORY,Meghalaya,,Slide,Rainfall,point_06176
25.53764,91.20853,GSI_INVENTORY,Meghalaya,,Slide,Rainfall,point_06177
25.57249,91.20916,GSI_INVENTORY,Meghalaya,,Slide,Rainfall,point_06178
25.56978,91.21575,GSI_INVENTORY,Meghalaya,,Slide,Rainfall,point_06179
25.57036,91.21506,GSI_INVENTORY,Meghalaya,,Slide,Rainfall,point_06180
25.56922,91.21722,GSI_INVENTORY,Meghalaya,,Slide,Rainfall,point_06181
25.56533,91.22567,GSI_INVENTORY,Meghalaya,,Slide,Rainfall,point_06182
25.56549,91.22069,GSI_INVENTORY,Meghalaya,,Slide,Rainfall,point_06183
25.55379,91.23114,GSI_INVENTORY,Meghalaya,,Slide,Rainfall,point_06184
25.55844,91.22855,GSI_INVENTORY,Meghalaya,,Slide,Rainfall,point_06185
25.55922,91.22964,GSI_INVENTORY,Meghalaya,,Slide,Rainfall,point_06186
25.55849,91.23091,GSI_INVENTORY,Meghalaya,,Slide,Rainfall,point_06187
25.55526,91.23494,GSI_INVENTORY,Meghalaya,,Slide,Rainfall,point_06188
25.55265,91.23707,GSI_INVENTORY,Meghalaya,,Slide,Rainfall,point_06189
25.55167,91.2325,GSI_INVENTORY,Meghalaya,,Slide,Rainfall,point_06190
25.55122,91.23264,GSI_INVENTORY,Meghalaya,,Slide,Rainfall,point_06191
25.54967,91.24244,GSI_INVENTORY,Meghalaya,,Slide,Rainfall,point_06192
25.54914,91.24442,GSI_INVENTORY,Meghalaya,,Slide,Rainfall,point_06193
25.54933,91.24658,GSI_INVENTORY,Meghalaya,,Slide,Rainfall,point_06194
25.54964,91.24747,GSI_INVENTORY,Meghalaya,,Slide,Rainfall,point_06195
25.56067,91.22803,GSI_INVENTORY,Meghalaya,,Slide,Rainfall,point_06196
25.56324,91.22571,GSI_INVENTORY,Meghalaya,,Slide,Rainfall,point_06197
25.5807,91.23736,GSI_INVENTORY,Meghalaya,,Slide,Rainfall,point_06198
25.58324,91.23732,GSI_INVENTORY,Meghalaya,,Slide,Rainfall,point_06199
25.57425,91.21447,GSI_INVENTORY,Meghalaya,,Slide,Rainfall,point_06200
25.58182,91.18994,GSI_INVENTORY,Meghalaya,,Slide,Rainfall,point_06201
25.58206,91.18561,GSI_INVENTORY,Meghalaya,,Slide,Rainfall,point_06202
25.58284,91.18397,GSI_INVENTORY,Meghalaya,,Slide,Rainfall,point_06203
25.58157,91.18161,GSI_INVENTORY,Meghalaya,,Slide,Rainfall,point_06204
25.58198,91.17697,GSI_INVENTORY,Meghalaya,,Slide,Rainfall,point_06205
25.58539,91.1765,GSI_INVENTORY,Meghalaya,,Slide,Rainfall,point_06206
25.59761,91.15323,GSI_INVENTORY,Meghalaya,,Slide,Rainfall,point_06207
25.43688,91.06105,GSI_INVENTORY,Meghalaya,,Slide,Rainfall,point_06208
25.43671,91.05105,GSI_INVENTORY,Meghalaya,,Slide,Rainfall,point_06209
25.43631,91.05036,GSI_INVENTORY,Meghalaya,,Slide,Rainfall,point_06210
25.44015,90.88137,GSI_INVENTORY,Meghalaya,,Slide,Rainfall,point_06211
25.56003,90.83392,GSI_INVENTORY,Meghalaya,,Slide,Rainfall,point_06212
25.56557,90.80815,GSI_INVENTORY,Meghalaya,,Slide,Rainfall,point_06213
25.55299,90.8145,GSI_INVENTORY,Meghalaya,,Slide,Rainfall,point_06214
25.55806,90.80992,GSI_INVENTORY,Meghalaya,,Slide,Rainfall,point_06215
25.55783,90.8181,GSI_INVENTORY,Meghalaya,,Slide,Rainfall,point_06216
25.55352,90.81522,GSI_INVENTORY,Meghalaya,,Flow,Rainfall,point_06217
25.48586,90.7005,GSI_INVENTORY,Meghalaya,,Slide,Anthropogenic,point_06218
25.47542,90.69861,GSI_INVENTORY,Meghalaya,,Slide,Anthropogenic,point_06219
25.39766,90.70111,GSI_INVENTORY,Meghalaya,,Slide,Anthropogenic,point_06220
25.39799,90.69972,GSI_INVENTORY,Meghalaya,,Slide,Anthropogenic,point_06221
25.40121,90.71722,GSI_INVENTORY,Meghalaya,,Slide,Anthropogenic,point_06222
25.40306,90.72417,GSI_INVENTORY,Meghalaya,,Slide,Anthropogenic,point_06223
25.41646,90.80298,GSI_INVENTORY,Meghalaya,,Slide,Rainfall,point_06224
25.47907,90.80717,GSI_INVENTORY,Meghalaya,,Slide,Rainfall,point_06225
25.37407,90.8146,GSI_INVENTORY,Meghalaya,,Slide,Rainfall,point_06226
25.31134,90.96922,GSI_INVENTORY,Meghalaya,,Slide,Rainfall,point_06227
25.35928,91.03594,GSI_INVENTORY,Meghalaya,,Slide,Rainfall,point_06228
25.36106,91.03489,GSI_INVENTORY,Meghalaya,,Slide,Rainfall,point_06229
25.37699,91.03814,GSI_INVENTORY,Meghalaya,,Slide,Rainfall,point_06230
25.19137,91.04047,GSI_INVENTORY,Meghalaya,,Slide,Rainfall,point_06231
25.18676,91.39651,GSI_INVENTORY,Meghalaya,,Slide,Rainfall,point_06232
25.18833,91.76149,GSI_INVENTORY,Meghalaya,,Slide,Rainfall,point_06233
25.16916,91.69001,GSI_INVENTORY,Meghalaya,,Slide,Rainfall,point_06234
25.18003,91.65815,GSI_INVENTORY,Meghalaya,,Slide,Rainfall,point_06235
25.18197,91.63755,GSI_INVENTORY,Meghalaya,,Slide,Rainfall,point_06236
25.18225,91.61898,GSI_INVENTORY,Meghalaya,,Slide,Rainfall,point_06237
25.18054,91.57684,GSI_INVENTORY,Meghalaya,,Slide,Rainfall,point_06238
25.18176,91.57366,GSI_INVENTORY,Meghalaya,,Slide,Rainfall,point_06239
25.18092,91.57034,GSI_INVENTORY,Meghalaya,,Slide,Rainfall,point_06240
25.16022,91.52784,GSI_INVENTORY,Meghalaya,,Slide,Rainfall,point_06241
25.15947,91.52834,GSI_INVENTORY,Meghalaya,,Slide,Rainfall,point_06242
25.1604,91.48956,GSI_INVENTORY,Meghalaya,,Slide,Rainfall,point_06243
25.15864,91.52522,GSI_INVENTORY,Meghalaya,,Slide,Rainfall,point_06244
25.18955,91.454,GSI_INVENTORY,Meghalaya,,Slide,Rainfall,point_06245
25.24752,91.45055,GSI_INVENTORY,Meghalaya,,Slide,Rainfall,point_06246
25.24736,91.45165,GSI_INVENTORY,Meghalaya,,Slide,Rainfall,point_06247
25.25121,91.45451,GSI_INVENTORY,Meghalaya,,Slide,Rainfall,point_06248
25.19678,91.57473,GSI_INVENTORY,Meghalaya,,Slide,Rainfall,point_06249
25.20508,91.57517,GSI_INVENTORY,Meghalaya,,Slide,Rainfall,point_06250
25.21478,91.59087,GSI_INVENTORY,Meghalaya,,Slide,Rainfall,point_06251
25.20731,91.59236,GSI_INVENTORY,Meghalaya,,Slide,Rainfall,point_06252
25.20831,91.60689,GSI_INVENTORY,Meghalaya,,Slide,Rainfall,point_06253
25.20565,91.59977,GSI_INVENTORY,Meghalaya,,Slide,Rainfall,point_06254
25.21882,91.58158,GSI_INVENTORY,Meghalaya,,Slide,Rainfall,point_06255
25.26505,91.59155,GSI_INVENTORY,Meghalaya,,Slide,Rainfall,point_06256
25.27322,91.60996,GSI_INVENTORY,Meghalaya,,Slide,Rainfall,point_06257
25.26851,91.58042,GSI_INVENTORY,Meghalaya,,Slide,Rainfall,point_06258
25.27342,91.57807,GSI_INVENTORY,Meghalaya,,Slide,Rainfall,point_06259
25.27793,91.575,GSI_INVENTORY,Meghalaya,,Slide,Rainfall,point_06260
25.28249,91.57685,GSI_INVENTORY,Meghalaya,,Slide,Rainfall,point_06261
25.28294,91.58016,GSI_INVENTORY,Meghalaya,,Slide,Rainfall,point_06262
25.28906,91.53304,GSI_INVENTORY,Meghalaya,,Slide,Rainfall,point_06263
25.29562,91.56964,GSI_INVENTORY,Meghalaya,,Slide,Rainfall,point_06264
25.31458,91.45242,GSI_INVENTORY,Meghalaya,,Creep,Heavy rainfall during preceding 2 days,point_06265
25.31848,91.45262,GSI_INVENTORY,Meghalaya,,Fall, ,point_06266
25.31488,91.44913,GSI_INVENTORY,Meghalaya,,Slide, ,point_06267
25.38803,91.46977,GSI_INVENTORY,Meghalaya,,Slide, ,point_06268
25.4013,91.45855,GSI_INVENTORY,Meghalaya,,Slide, ,point_06269
25.40023,91.5159,GSI_INVENTORY,Meghalaya,,Slide, ,point_06270
25.52553,91.46768,GSI_INVENTORY,Meghalaya,,Slide,Rainfall,point_06271
25.52272,91.44833,GSI_INVENTORY,Meghalaya,,Slide,Rainfall,point_06272
25.58711,91.49856,GSI_INVENTORY,Meghalaya,,Slide,Rainfall,point_06273
25.54572,91.52056,GSI_INVENTORY,Meghalaya,,Slide,Rainfall,point_06274
25.523,91.52139,GSI_INVENTORY,Meghalaya,,Slide,Rainfall,point_06275
25.52493,91.51438,GSI_INVENTORY,Meghalaya,,Slide,Rainfall,point_06276
25.52036,91.53776,GSI_INVENTORY,Meghalaya,,Slide,Rainfall,point_06277
25.5502,91.61811,GSI_INVENTORY,Meghalaya,,Slide,Rainfall,point_06278
25.54831,91.61775,GSI_INVENTORY,Meghalaya,,Slide,Rainfall,point_06279
25.53797,91.60236,GSI_INVENTORY,Meghalaya,,Slide,Rainfall,point_06280
25.40547,91.53712,GSI_INVENTORY,Meghalaya,,Slide, ,point_06281
25.54274,91.66207,GSI_INVENTORY,Meghalaya,,Slide,Rainfall,point_06282
25.54979,91.64503,GSI_INVENTORY,Meghalaya,,Slide,Rainfall,point_06283
25.54809,91.64771,GSI_INVENTORY,Meghalaya,,Slide,Rainfall,point_06284
25.53563,91.67957,GSI_INVENTORY,Meghalaya,,Slide,Rainfall,point_06285
25.50759,91.70824,GSI_INVENTORY,Meghalaya,,Slide,Rainfall,point_06286
25.50923,91.70396,GSI_INVENTORY,Meghalaya,,Slide,Rainfall,point_06287
25.50408,91.72303,GSI_INVENTORY,Meghalaya,,Slide,Rainfall,point_06288
25.50936,91.71963,GSI_INVENTORY,Meghalaya,,Slide,Rainfall,point_06289
25.57721,91.75219,GSI_INVENTORY,Meghalaya,,Slide,Rainfall,point_06290
25.57685,91.75342,GSI_INVENTORY,Meghalaya,,Slide,Rainfall,point_06291
25.56806,91.73794,GSI_INVENTORY,Meghalaya,,Slide,Rainfall,point_06292
25.58183,91.76566,GSI_INVENTORY,Meghalaya,,Slide,Rainfall,point_06293
25.58588,91.77733,GSI_INVENTORY,Meghalaya,,Fall,Rainfall,point_06294
25.44693,91.74292,GSI_INVENTORY,Meghalaya,,Slide,Rainfall,point_06295
25.42367,91.72132,GSI_INVENTORY,Meghalaya,,Slide,Rainfall,point_06296
25.39772,91.76942,GSI_INVENTORY,Meghalaya,,Slide,Rainfall,point_06297
25.39834,91.7697,GSI_INVENTORY,Meghalaya,,Slide,Rainfall,point_06298
25.40824,91.7787,GSI_INVENTORY,Meghalaya,,Slide,Rainfall,point_06299
25.39071,91.76477,GSI_INVENTORY,Meghalaya,,Slide,Rainfall,point_06300
25.38791,91.76223,GSI_INVENTORY,Meghalaya,,Slide,Rainfall,point_06301
25.35525,91.76789,GSI_INVENTORY,Meghalaya,,Slide,Rainfall,point_06302
25.35349,91.76554,GSI_INVENTORY,Meghalaya,,Slide,Rainfall,point_06303
25.34839,91.76271,GSI_INVENTORY,Meghalaya,,Slide,Rainfall,point_06304
25.33863,91.77756,GSI_INVENTORY,Meghalaya,,Slide,Rainfall,point_06305
25.33871,91.77511,GSI_INVENTORY,Meghalaya,,Fall,Rainfall,point_06306
25.29895,91.72647,GSI_INVENTORY,Meghalaya,,Slide,Rainfall,point_06307
25.29993,91.72627,GSI_INVENTORY,Meghalaya,,Slide,Rainfall,point_06308
25.30039,91.72672,GSI_INVENTORY,Meghalaya,,Slide, ,point_06309
25.38111,91.75648,GSI_INVENTORY,Meghalaya,,Slide,Rainfall,point_06310
25.38256,91.75768,GSI_INVENTORY,Meghalaya,,Slide,Rainfall,point_06311
25.33195,91.66101,GSI_INVENTORY,Meghalaya,,Slide,Rainfall,point_06312
25.32603,91.65957,GSI_INVENTORY,Meghalaya,,Slide,Rainfall,point_06313
25.33121,91.67737,GSI_INVENTORY,Meghalaya,,Slide,Rainfall,point_06314
25.24723,91.67144,GSI_INVENTORY,Meghalaya,,Slide,Rainfall,point_06315
25.22002,91.63199,GSI_INVENTORY,Meghalaya,,Slide,Rainfall,point_06316
25.20093,91.63449,GSI_INVENTORY,Meghalaya,,Slide,Rainfall,point_06317
25.20111,91.64045,GSI_INVENTORY,Meghalaya,,Slide,Rainfall,point_06318
25.2097,91.64666,GSI_INVENTORY,Meghalaya,,Slide,Rainfall,point_06319
25.20946,91.64632,GSI_INVENTORY,Meghalaya,,Slide,Rainfall,point_06320
25.22355,91.67116,GSI_INVENTORY,Meghalaya,,Slide,Rainfall,point_06321
25.23722,91.67946,GSI_INVENTORY,Meghalaya,,Slide,Rainfall,point_06322
25.24034,91.67779,GSI_INVENTORY,Meghalaya,,Slide,Rainfall,point_06323
25.23572,91.68776,GSI_INVENTORY,Meghalaya,,Slide,Rainfall,point_06324
25.228,91.68791,GSI_INVENTORY,Meghalaya,,Slide,Rainfall,point_06325
25.22256,91.6914,GSI_INVENTORY,Meghalaya,,Slide,Rainfall,point_06326
25.22175,91.69301,GSI_INVENTORY,Meghalaya,,Slide,Rainfall,point_06327
25.22481,91.69618,GSI_INVENTORY,Meghalaya,,Slide,Rainfall,point_06328
25.22834,91.69333,GSI_INVENTORY,Meghalaya,,Slide,Rainfall,point_06329
25.22916,91.69325,GSI_INVENTORY,Meghalaya,,Slide,Rainfall,point_06330
25.22442,91.68989,GSI_INVENTORY,Meghalaya,,Slide,Rainfall,point_06331
25.22706,91.69129,GSI_INVENTORY,Meghalaya,,Slide,Rainfall,point_06332
25.23006,91.68894,GSI_INVENTORY,Meghalaya,,Slide,Rainfall,point_06333
25.22982,91.69355,GSI_INVENTORY,Meghalaya,,Slide,Rainfall,point_06334
25.23497,91.69005,GSI_INVENTORY,Meghalaya,,Slide,Rainfall,point_06335
25.23416,91.69022,GSI_INVENTORY,Meghalaya,,Slide,Rainfall,point_06336
25.23658,91.68886,GSI_INVENTORY,Meghalaya,,Slide,Rainfall,point_06337
25.22605,91.70146,GSI_INVENTORY,Meghalaya,,Slide,Rainfall,point_06338
25.22451,91.7044,GSI_INVENTORY,Meghalaya,,Slide,Rainfall,point_06339
25.21896,91.70709,GSI_INVENTORY,Meghalaya,,Slide,Rainfall,point_06340
25.21979,91.71095,GSI_INVENTORY,Meghalaya,,Slide,Rainfall,point_06341
25.21756,91.70936,GSI_INVENTORY,Meghalaya,,Slide,Rainfall,point_06342
25.21681,91.70941,GSI_INVENTORY,Meghalaya,,Slide,Rainfall,point_06343
25.20826,91.69041,GSI_INVENTORY,Meghalaya,,Slide,Rainfall,point_06344
25.20836,91.7254,GSI_INVENTORY,Meghalaya,,Slide,Rainfall,point_06345
25.20752,91.74684,GSI_INVENTORY,Meghalaya,,Slide,Rainfall,point_06346
25.20643,91.75498,GSI_INVENTORY,Meghalaya,,Slide,Rainfall,point_06347
25.20531,91.75569,GSI_INVENTORY,Meghalaya,,Slide,Rainfall,point_06348
25.21255,91.74796,GSI_INVENTORY,Meghalaya,,Slide,Rainfall,point_06349
25.20957,91.74589,GSI_INVENTORY,Meghalaya,,Slide,Rainfall,point_06350
25.20655,91.74491,GSI_INVENTORY,Meghalaya,,Slide,Rainfall,point_06351
25.20488,91.74254,GSI_INVENTORY,Meghalaya,,Slide,Rainfall,point_06352
25.2071,91.74123,GSI_INVENTORY,Meghalaya,,Slide,Rainfall,point_06353
25.20859,91.74229,GSI_INVENTORY,Meghalaya,,Slide,Rainfall,point_06354
25.20688,91.7405,GSI_INVENTORY,Meghalaya,,Slide,Rainfall,point_06355
25.20657,91.73843,GSI_INVENTORY,Meghalaya,,Slide,Rainfall,point_06356
25.20669,91.73898,GSI_INVENTORY,Meghalaya,,Slide,Rainfall,point_06357
25.20689,91.73634,GSI_INVENTORY,Meghalaya,,Slide,Rainfall,point_06358
25.20562,91.73621,GSI_INVENTORY,Meghalaya,,Slide,Rainfall,point_06359
25.21608,91.73839,GSI_INVENTORY,Meghalaya,,Slide,Rainfall,point_06360
25.21646,91.73563,GSI_INVENTORY,Meghalaya,,Slide,Rainfall,point_06361
25.21873,91.74026,GSI_INVENTORY,Meghalaya,,Slide,Rainfall,point_06362
25.22465,91.73593,GSI_INVENTORY,Meghalaya,,Slide,Rainfall,point_06363
25.22377,91.74016,GSI_INVENTORY,Meghalaya,,Slide,Rainfall,point_06364
25.22222,91.74213,GSI_INVENTORY,Meghalaya,,Slide,Rainfall,point_06365
25.22675,91.75444,GSI_INVENTORY,Meghalaya,,Slide,Rainfall,point_06366
25.22725,91.74892,GSI_INVENTORY,Meghalaya,,Slide,Rainfall,point_06367
25.22971,91.7453,GSI_INVENTORY,Meghalaya,,Slide,Rainfall,point_06368
25.24031,91.73339,GSI_INVENTORY,Meghalaya,,Fall,Rainfall,point_06369
25.21789,91.73381,GSI_INVENTORY,Meghalaya,,Slide,Rainfall,point_06370
25.22026,91.7202,GSI_INVENTORY,Meghalaya,,Slide,Rainfall,point_06371
25.22116,91.71989,GSI_INVENTORY,Meghalaya,,Slide,Rainfall,point_06372
25.2225,91.71441,GSI_INVENTORY,Meghalaya,,Slide,Rainfall,point_06373
25.24378,91.7387,GSI_INVENTORY,Meghalaya,,Slide,Rainfall,point_06374
25.24336,91.74709,GSI_INVENTORY,Meghalaya,,Slide,Rainfall,point_06375
25.22371,91.76661,GSI_INVENTORY,Meghalaya,,Slide,rainfall,point_06376
25.22331,91.76234,GSI_INVENTORY,Meghalaya,,Slide,Rainfall,point_06377
25.2223,91.76362,GSI_INVENTORY,Meghalaya,,Slide,Rainfall,point_06378
25.22253,91.76526,GSI_INVENTORY,Meghalaya,,Slide,Rainfall,point_06379
25.24327,91.86663,GSI_INVENTORY,Meghalaya,,Slide,Rainfall,point_06380
25.24367,91.86685,GSI_INVENTORY,Meghalaya,,Slide,Rainfall,point_06381
25.25626,91.8682,GSI_INVENTORY,Meghalaya,,Slide,Rainfall,point_06382
25.25745,91.87187,GSI_INVENTORY,Meghalaya,,Slide,Rainfall,point_06383
25.25933,91.87271,GSI_INVENTORY,Meghalaya,,Slide,Rainfall,point_06384
25.2608,91.8736,GSI_INVENTORY,Meghalaya,,Slide,Rainfall,point_06385
25.28261,91.86735,GSI_INVENTORY,Meghalaya,,Slide,Rainfall,point_06386
25.27722,91.86545,GSI_INVENTORY,Meghalaya,,Slide,Rainfall,point_06387
25.26995,91.87527,GSI_INVENTORY,Meghalaya,,Slide,Rainfall,point_06388
25.27142,91.87488,GSI_INVENTORY,Meghalaya,,Slide,Rainfall,point_06389
25.27197,91.87487,GSI_INVENTORY,Meghalaya,,Slide,Rainfall,point_06390
25.2341,91.86607,GSI_INVENTORY,Meghalaya,,Slide,Rainfall,point_06391
25.22577,91.86304,GSI_INVENTORY,Meghalaya,,Slide,Rainfall,point_06392
25.19931,91.85886,GSI_INVENTORY,Meghalaya,,Slide,Rainfall,point_06393
25.22875,91.96302,GSI_INVENTORY,Meghalaya,,Slide,Rainfall,point_06394
25.31178,91.91753,GSI_INVENTORY,Meghalaya,,Slide, ,point_06395
25.32083,91.9275,GSI_INVENTORY,Meghalaya,,Slide,Rainfall,point_06396
25.3229,91.92775,GSI_INVENTORY,Meghalaya,,Slide,Rainfall,point_06397
25.33284,91.93439,GSI_INVENTORY,Meghalaya,,Slide,Rainfall,point_06398
25.32669,91.93397,GSI_INVENTORY,Meghalaya,,Slide,Rainfall,point_06399
25.3262,91.93246,GSI_INVENTORY,Meghalaya,,Slide,Rainfall,point_06400
25.32589,91.93522,GSI_INVENTORY,Meghalaya,,Slide,Rainfall,point_06401
25.32486,91.93839,GSI_INVENTORY,Meghalaya,,Slide,Rainfall,point_06402
25.32458,91.94067,GSI_INVENTORY,Meghalaya,,Slide,Rainfall,point_06403
25.32481,91.94219,GSI_INVENTORY,Meghalaya,,Slide,Rainfall,point_06404
25.31518,91.92302,GSI_INVENTORY,Meghalaya,,Slide,Rainfall,point_06405
25.30117,91.92931,GSI_INVENTORY,Meghalaya,,Slide, ,point_06406
25.30156,91.92258,GSI_INVENTORY,Meghalaya,,Slide,Rainfall,point_06407
25.30138,91.92202,GSI_INVENTORY,Meghalaya,,Slide,Rainfall,point_06408
25.30144,91.9245,GSI_INVENTORY,Meghalaya,,Slide, ,point_06409
25.30254,91.92522,GSI_INVENTORY,Meghalaya,,Slide,Rainfall,point_06410
25.29881,91.92317,GSI_INVENTORY,Meghalaya,,Slide, ,point_06411
25.29478,91.93083,GSI_INVENTORY,Meghalaya,,Slide, ,point_06412
25.30028,91.94494,GSI_INVENTORY,Meghalaya,,Slide,Rainfall,point_06413
25.32489,91.94342,GSI_INVENTORY,Meghalaya,,Slide,Rainfall,point_06414
25.35464,91.97324,GSI_INVENTORY,Meghalaya,,Slide,Rainfall,point_06415
25.35017,91.97258,GSI_INVENTORY,Meghalaya,,Slide,Rainfall,point_06416
25.36297,91.97628,GSI_INVENTORY,Meghalaya,,Slide,Rainfall,point_06417
25.36035,91.97498,GSI_INVENTORY,Meghalaya,,Slide,Rainfall,point_06418
25.35933,91.97447,GSI_INVENTORY,Meghalaya,,Slide,Rainfall,point_06419
25.35898,91.97348,GSI_INVENTORY,Meghalaya,,Slide, ,point_06420
25.38554,91.98847,GSI_INVENTORY,Meghalaya,,Slide, ,point_06421
25.38707,91.98829,GSI_INVENTORY,Meghalaya,,Slide,Rainfall,point_06422
25.37214,91.87989,GSI_INVENTORY,Meghalaya,,Slide, ,point_06423
25.37592,91.876,GSI_INVENTORY,Meghalaya,,Slide,Rainfall,point_06424
25.3763,91.87403,GSI_INVENTORY,Meghalaya,,Slide,Rainfall,point_06425
25.37608,91.87694,GSI_INVENTORY,Meghalaya,,Slide, ,point_06426
25.3833,91.87473,GSI_INVENTORY,Meghalaya,,Slide,Rainfall,point_06427
25.38243,91.87457,GSI_INVENTORY,Meghalaya,,Slide,Rainfall,point_06428
25.38619,91.87459,GSI_INVENTORY,Meghalaya,,Slide,Rainfall,point_06429
25.38658,91.87469,GSI_INVENTORY,Meghalaya,,Slide, ,point_06430
25.38778,91.87712,GSI_INVENTORY,Meghalaya,,Slide,Rainfall,point_06431
25.38269,91.87753,GSI_INVENTORY,Meghalaya,,Slide, ,point_06432
25.39044,91.88381,GSI_INVENTORY,Meghalaya,,Slide,Rainfall,point_06433
25.39127,91.88416,GSI_INVENTORY,Meghalaya,,Slide,Rainfall,point_06434
25.38903,91.87492,GSI_INVENTORY,Meghalaya,,Slide, ,point_06435
25.39194,91.87503,GSI_INVENTORY,Meghalaya,,Slide, ,point_06436
25.39498,91.87248,GSI_INVENTORY,Meghalaya,,Slide,Rainfall,point_06437
25.39391,91.87207,GSI_INVENTORY,Meghalaya,,Slide,Rainfall,point_06438
25.39015,91.87196,GSI_INVENTORY,Meghalaya,,Slide,Rainfall,point_06439
25.39172,91.87185,GSI_INVENTORY,Meghalaya,,Slide,Rainfall,point_06440
25.36489,91.881,GSI_INVENTORY,Meghalaya,,Slide, ,point_06441
25.36925,91.87961,GSI_INVENTORY,Meghalaya,,Slide, ,point_06442
25.36013,91.88204,GSI_INVENTORY,Meghalaya,,Slide,Rainfall,point_06443
25.35999,91.88264,GSI_INVENTORY,Meghalaya,,Slide,Rainfall,point_06444
25.36,91.8838,GSI_INVENTORY,Meghalaya,,Slide,Rainfall,point_06445
25.35931,91.88511,GSI_INVENTORY,Meghalaya,,Slide, ,point_06446
25.35961,91.88942,GSI_INVENTORY,Meghalaya,,Slide, ,point_06447
25.3513,91.89353,GSI_INVENTORY,Meghalaya,,Slide,Rainfall,point_06448
25.34555,91.89146,GSI_INVENTORY,Meghalaya,,Slide,Rainfall,point_06449
25.34664,91.89199,GSI_INVENTORY,Meghalaya,,Fall,Rainfall,point_06450
25.34974,91.89342,GSI_INVENTORY,Meghalaya,,Fall,Rainfall,point_06451
25.34815,91.89251,GSI_INVENTORY,Meghalaya,,Fall,Rainfall,point_06452
25.34561,91.895,GSI_INVENTORY,Meghalaya,,Slide, ,point_06453
25.32765,91.89341,GSI_INVENTORY,Meghalaya,,Slide,Rainfall,point_06454
25.41544,91.86749,GSI_INVENTORY,Meghalaya,,Slide,Rainfall,point_06455
25.41331,91.87114,GSI_INVENTORY,Meghalaya,,Slide, ,point_06456
25.39729,91.87232,GSI_INVENTORY,Meghalaya,,Slide,Rainfall,point_06457
25.43849,91.86292,GSI_INVENTORY,Meghalaya,,Slide,Rainfall,point_06458
25.42219,91.86922,GSI_INVENTORY,Meghalaya,,Slide, ,point_06459
25.42594,91.866,GSI_INVENTORY,Meghalaya,,Slide, ,point_06460
25.42384,91.86273,GSI_INVENTORY,Meghalaya,,Slide,Rainfall,point_06461
25.43017,91.86653,GSI_INVENTORY,Meghalaya,,Slide, ,point_06462
25.43561,91.86206,GSI_INVENTORY,Meghalaya,,Slide, ,point_06463
25.43704,91.85717,GSI_INVENTORY,Meghalaya,,Slide,Rainfall,point_06464
25.46189,91.83079,GSI_INVENTORY,Meghalaya,,Slide,Rainfall,point_06465
25.45216,91.81905,GSI_INVENTORY,Meghalaya,,Slide,Rainfall,point_06466
25.44935,91.81712,GSI_INVENTORY,Meghalaya,,Slide,Rainfall,point_06467
25.45063,91.81777,GSI_INVENTORY,Meghalaya,,Slide,Rainfall,point_06468
25.49137,91.82169,GSI_INVENTORY,Meghalaya,,Slide,Rainfall,point_06469
25.57126,91.82546,GSI_INVENTORY,Meghalaya,,Slide,Rainfall,point_06470
25.57156,91.82623,GSI_INVENTORY,Meghalaya,,Slide,Rainfall,point_06471
25.57365,91.83102,GSI_INVENTORY,Meghalaya,,Slide,Rainfall,point_06472
25.57428,91.83185,GSI_INVENTORY,Meghalaya,,Slide,Rainfall,point_06473
25.56884,91.83329,GSI_INVENTORY,Meghalaya,,Slide,Rainfall,point_06474
25.5713,91.83318,GSI_INVENTORY,Meghalaya,,Slide,Rainfall,point_06475
25.57255,91.82883,GSI_INVENTORY,Meghalaya,,Slide,Rainfall,point_06476
25.57175,91.82753,GSI_INVENTORY,Meghalaya,,Slide,Rainfall,point_06477
25.57822,91.86545,GSI_INVENTORY,Meghalaya,,Slide, ,point_06478
25.52277,91.8927,GSI_INVENTORY,Meghalaya,,Slide,Rainfall,point_06479
25.52906,91.92372,GSI_INVENTORY,Meghalaya,,Slide, ,point_06480
25.5275,91.91886,GSI_INVENTORY,Meghalaya,,Fall, ,point_06481
25.56667,91.90194,GSI_INVENTORY,Meghalaya,,Slide, ,point_06482
25.59578,91.91738,GSI_INVENTORY,Meghalaya,,Subsidence,Rainfall,point_06483
25.53697,91.97364,GSI_INVENTORY,Meghalaya,,Fall, ,point_06484
25.39897,91.99337,GSI_INVENTORY,Meghalaya,,Slide, ,point_06485
25.40792,91.99889,GSI_INVENTORY,Meghalaya,,Fall,Rainfall,point_06486
25.40019,92.01573,GSI_INVENTORY,Meghalaya,,Slide,Rainfall,point_06487
25.46378,92.04425,GSI_INVENTORY,Meghalaya,,Slide,Rainfall,point_06488
25.49096,92.0704,GSI_INVENTORY,Meghalaya,,Slide,Rainfall,point_06489
25.48983,92.06903,GSI_INVENTORY,Meghalaya,,Slide,Rainfall,point_06490
25.54161,92.0125,GSI_INVENTORY,Meghalaya,,Slide,Rainfall,point_06491
25.53961,92.00156,GSI_INVENTORY,Meghalaya,,Slide,Rainfall,point_06492
25.59297,92.05514,GSI_INVENTORY,Meghalaya,,Slide,Rainfall,point_06493
25.58217,92.05833,GSI_INVENTORY,Meghalaya,,Slide,Rainfall,point_06494
25.5762,92.05772,GSI_INVENTORY,Meghalaya,,Slide,Rainfall,point_06495
25.57395,92.05858,GSI_INVENTORY,Meghalaya,,Slide,Rainfall,point_06496
25.53458,92.11539,GSI_INVENTORY,Meghalaya,,Slide, ,point_06497
25.54261,92.10867,GSI_INVENTORY,Meghalaya,,Slide, ,point_06498
25.54508,92.10317,GSI_INVENTORY,Meghalaya,,Slide,Rainfall,point_06499
25.54514,92.10478,GSI_INVENTORY,Meghalaya,,Slide,Rainfall,point_06500
25.54328,92.10478,GSI_INVENTORY,Meghalaya,,Fall, ,point_06501
25.54451,92.10203,GSI_INVENTORY,Meghalaya,,Slide,Rainfall,point_06502
25.54264,92.10214,GSI_INVENTORY,Meghalaya,,Slide, ,point_06503
25.54231,92.1,GSI_INVENTORY,Meghalaya,,Slide, ,point_06504
25.54281,92.09697,GSI_INVENTORY,Meghalaya,,Slide,Rainfall,point_06505
25.54269,92.09647,GSI_INVENTORY,Meghalaya,,Slide,Rainfall,point_06506
25.54261,92.09842,GSI_INVENTORY,Meghalaya,,Slide, ,point_06507
25.45046,92.09581,GSI_INVENTORY,Meghalaya,,Slide,Rainfall,point_06508
25.31267,92.13042,GSI_INVENTORY,Meghalaya,,Slide,Rainfall,point_06509
25.35897,92.00313,GSI_INVENTORY,Meghalaya,,Slide,Rainfall,point_06510
25.35636,92.00497,GSI_INVENTORY,Meghalaya,,Slide,Rainfall,point_06511
25.35646,92.00628,GSI_INVENTORY,Meghalaya,,Slide,Rainfall,point_06512
25.34735,92.01056,GSI_INVENTORY,Meghalaya,,Slide,Rainfall,point_06513
25.34744,92.00792,GSI_INVENTORY,Meghalaya,,Slide,Rainfall,point_06514
25.34611,92.00675,GSI_INVENTORY,Meghalaya,,Slide,Rainfall,point_06515
25.34131,92.00961,GSI_INVENTORY,Meghalaya,,Slide,Rainfall,point_06516
25.34303,92.0625,GSI_INVENTORY,Meghalaya,,Slide,Rainfall,point_06517
25.34353,92.06903,GSI_INVENTORY,Meghalaya,,Slide,Rainfall,point_06518
25.21225,92.04731,GSI_INVENTORY,Meghalaya,,Slide,Rainfall,point_06519
25.21415,92.04543,GSI_INVENTORY,Meghalaya,,Slide,Rainfall,point_06520
25.21558,92.07764,GSI_INVENTORY,Meghalaya,,Slide,Rainfall,point_06521
25.21561,92.07736,GSI_INVENTORY,Meghalaya,,Slide,Rainfall,point_06522
25.21494,92.07392,GSI_INVENTORY,Meghalaya,,Slide,Rainfall,point_06523
25.21503,92.07517,GSI_INVENTORY,Meghalaya,,Slide,Rainfall,point_06524
25.21181,92.06552,GSI_INVENTORY,Meghalaya,,Slide,Rainfall,point_06525
25.21172,92.06539,GSI_INVENTORY,Meghalaya,,Slide,Rainfall,point_06526
25.23643,92.09617,GSI_INVENTORY,Meghalaya,,Slide,Rainfall,point_06527
25.23736,92.09699,GSI_INVENTORY,Meghalaya,,Slide,Rainfall,point_06528
25.23492,92.09553,GSI_INVENTORY,Meghalaya,,Slide,Rainfall,point_06529
25.22681,92.09061,GSI_INVENTORY,Meghalaya,,Slide,Rainfall,point_06530
25.24701,92.09614,GSI_INVENTORY,Meghalaya,,Slide,Rainfall,point_06531
25.19161,92.15536,GSI_INVENTORY,Meghalaya,,Slide,Rainfall,point_06532
25.15642,92.14135,GSI_INVENTORY,Meghalaya,,Slide,Rainfall,point_06533
25.14337,92.14186,GSI_INVENTORY,Meghalaya,,Slide,Rainfall,point_06534
25.18911,92.07956,GSI_INVENTORY,Meghalaya,,Slide,Rainfall,point_06535
25.18844,92.07414,GSI_INVENTORY,Meghalaya,,Slide,Rainfall,point_06536
25.18438,92.02953,GSI_INVENTORY,Meghalaya,,Slide,Rainfall,point_06537
25.19111,92.00339,GSI_INVENTORY,Meghalaya,,Slide, ,point_06538
25.14816,92.17717,GSI_INVENTORY,Meghalaya,,Slide,Rainfall,point_06539
25.1483,92.17624,GSI_INVENTORY,Meghalaya,,Slide,Rainfall,point_06540
25.14875,92.17512,GSI_INVENTORY,Meghalaya,,Slide,Rainfall,point_06541
25.14802,92.17811,GSI_INVENTORY,Meghalaya,,Slide,Rainfall,point_06542
25.14808,92.18064,GSI_INVENTORY,Meghalaya,,Slide,Rainfall,point_06543
25.14794,92.18159,GSI_INVENTORY,Meghalaya,,Slide,Rainfall,point_06544
25.15237,92.19571,GSI_INVENTORY,Meghalaya,,Slide,Rainfall,point_06545
25.15119,92.19131,GSI_INVENTORY,Meghalaya,,Slide,Rainfall,point_06546
25.15937,92.20208,GSI_INVENTORY,Meghalaya,,Slide,Rainfall,point_06547
25.15689,92.19819,GSI_INVENTORY,Meghalaya,,Slide,Rainfall,point_06548
25.15327,92.20606,GSI_INVENTORY,Meghalaya,,Slide,Rainfall,point_06549
25.15029,92.21351,GSI_INVENTORY,Meghalaya,,Slide,Rainfall,point_06550
25.14965,92.21452,GSI_INVENTORY,Meghalaya,,Slide,Rainfall,point_06551
25.14397,92.2175,GSI_INVENTORY,Meghalaya,,Slide,Rainfall,point_06552
25.15759,92.23993,GSI_INVENTORY,Meghalaya,,Slide,Rainfall,point_06553
25.13605,92.22206,GSI_INVENTORY,Meghalaya,,Slide,Rainfall,point_06554
25.13329,92.22527,GSI_INVENTORY,Meghalaya,,Slide,Rainfall,point_06555
25.13391,92.22239,GSI_INVENTORY,Meghalaya,,Slide,Rainfall,point_06556
25.12238,92.24307,GSI_INVENTORY,Meghalaya,,Slide,Rainfall,point_06557
25.115,92.35838,GSI_INVENTORY,Meghalaya,,Slide,Rainfall,point_06558
25.11745,92.35705,GSI_INVENTORY,Meghalaya,,Slide,Rainfall,point_06559
25.09308,92.34803,GSI_INVENTORY,Meghalaya,,Slide,Rainfall,point_06560
25.11348,92.35051,GSI_INVENTORY,Meghalaya,,Slide,Rainfall,point_06561
25.11281,92.35019,GSI_INVENTORY,Meghalaya,,Slide,Rainfall,point_06562
25.11133,92.35113,GSI_INVENTORY,Meghalaya,,Slide,Rainfall,point_06563
25.098,92.35597,GSI_INVENTORY,Meghalaya,,Slide,Rainfall,point_06564
25.09659,92.35102,GSI_INVENTORY,Meghalaya,,Slide,Rainfall,point_06565
25.09298,92.35371,GSI_INVENTORY,Meghalaya,,Slide,Rainfall,point_06566
25.09513,92.35011,GSI_INVENTORY,Meghalaya,,Slide,Rainfall,point_06567
25.09218,92.35356,GSI_INVENTORY,Meghalaya,,Slide,Rainfall,point_06568
25.09178,92.35469,GSI_INVENTORY,Meghalaya,,Slide,Incessant rainfall prior to the failure reported (as per local media),point_06569
25.09208,92.35925,GSI_INVENTORY,Meghalaya,,Composite,Rainfall,point_06570
25.09136,92.35689,GSI_INVENTORY,Meghalaya,,Slide,Rainfall,point_06571
25.08792,92.35791,GSI_INVENTORY,Meghalaya,,Slide,Rainfall,point_06572
25.08586,92.35869,GSI_INVENTORY,Meghalaya,,Slide, ,point_06573
25.07972,92.35936,GSI_INVENTORY,Meghalaya,,Slide,Rainfall,point_06574
25.07903,92.35911,GSI_INVENTORY,Meghalaya,,Slide,Rainfall,point_06575
25.08461,92.33567,GSI_INVENTORY,Meghalaya,,Slide,Rainfall,point_06576
25.0,92.43,GSI_INVENTORY,Assam,,Slide,Rainfall,point_06577
24.99,92.45,GSI_INVENTORY,Assam,,Slide,Rainfall,point_06578
25.0372,92.45034,GSI_INVENTORY,Assam,,Slide,Rainfall,point_06579
25.03819,92.44073,GSI_INVENTORY,Meghalaya,,Slide,Rainfall,point_06580
25.03783,92.44042,GSI_INVENTORY,Meghalaya,,Slide,Rainfall,point_06581
25.03836,92.43675,GSI_INVENTORY,Meghalaya,,Slide,Rainfall,point_06582
25.03429,92.43522,GSI_INVENTORY,Meghalaya,,Slide,Rainfall,point_06583
25.03351,92.43554,GSI_INVENTORY,Meghalaya,,Slide,Rainfall,point_06584
25.03363,92.43933,GSI_INVENTORY,Meghalaya,,Slide,Rainfall,point_06585
25.04539,92.41044,GSI_INVENTORY,Meghalaya,,Slide,Rainfall,point_06586
25.04618,92.40888,GSI_INVENTORY,Meghalaya,,Slide,Rainfall,point_06587
25.04744,92.40916,GSI_INVENTORY,Meghalaya,,Slide,Rainfall,point_06588
25.04539,92.42076,GSI_INVENTORY,Meghalaya,,Slide,Rainfall,point_06589
25.04511,92.4215,GSI_INVENTORY,Meghalaya,,Slide,Rainfall,point_06590
25.04495,92.42026,GSI_INVENTORY,Meghalaya,,Slide,Rainfall,point_06591
25.04406,92.41878,GSI_INVENTORY,Meghalaya,,Slide,Rainfall,point_06592
25.04391,92.42356,GSI_INVENTORY,Meghalaya,,Slide,Rainfall,point_06593
25.04473,92.42368,GSI_INVENTORY,Meghalaya,,Slide,Rainfall,point_06594
25.04367,92.42544,GSI_INVENTORY,Meghalaya,,Slide,Rainfall,point_06595
25.04444,92.42776,GSI_INVENTORY,Meghalaya,,Slide,Rainfall,point_06596
25.04278,92.43247,GSI_INVENTORY,Meghalaya,,Slide,Rainfall,point_06597
25.04241,92.43452,GSI_INVENTORY,Meghalaya,,Slide,Rainfall,point_06598
25.04414,92.43024,GSI_INVENTORY,Meghalaya,,Slide,Rainfall,point_06599
25.04478,92.43033,GSI_INVENTORY,Meghalaya,,Slide,Rainfall,point_06600
25.04483,92.42933,GSI_INVENTORY,Meghalaya,,Slide,Rainfall,point_06601
25.04256,92.43503,GSI_INVENTORY,Meghalaya,,Slide,Rainfall,point_06602
25.0391,92.43687,GSI_INVENTORY,Meghalaya,,Slide,Rainfall,point_06603
25.04219,92.44196,GSI_INVENTORY,Meghalaya,,Slide,Rainfall,point_06604
25.04051,92.44612,GSI_INVENTORY,Meghalaya,,Slide,Rainfall,point_06605
25.05224,92.39905,GSI_INVENTORY,Meghalaya,,Slide,Rainfall,point_06606
25.04974,92.40068,GSI_INVENTORY,Meghalaya,,Slide,Rainfall,point_06607
25.04719,92.40481,GSI_INVENTORY,Meghalaya,,Slide,Rainfall,point_06608
25.04791,92.40482,GSI_INVENTORY,Meghalaya,,Slide,Rainfall,point_06609
25.04756,92.40581,GSI_INVENTORY,Meghalaya,,Slide,Rainfall,point_06610
25.05602,92.39412,GSI_INVENTORY,Meghalaya,,Slide,Rainfall,point_06611
25.06202,92.38698,GSI_INVENTORY,Meghalaya,,Slide,Rainfall,point_06612
25.07557,92.36332,GSI_INVENTORY,Meghalaya,,Slide,Rainfall,point_06613
25.07517,92.37095,GSI_INVENTORY,Meghalaya,,Slide,Rainfall,point_06614
25.07373,92.37079,GSI_INVENTORY,Meghalaya,,Slide,Rainfall,point_06615
25.073,92.36878,GSI_INVENTORY,Meghalaya,,Slide,Rainfall,point_06616
25.06816,92.38006,GSI_INVENTORY,Meghalaya,,Slide,Rainfall,point_06617
25.07322,92.37216,GSI_INVENTORY,Meghalaya,,Slide,Rainfall,point_06618
25.079,92.36167,GSI_INVENTORY,Meghalaya,,Slide,Rainfall,point_06619
25.08138,92.35997,GSI_INVENTORY,Meghalaya,,Slide,Rainfall,point_06620
25.08306,92.36032,GSI_INVENTORY,Meghalaya,,Slide,Rainfall,point_06621
25.08336,92.36108,GSI_INVENTORY,Meghalaya,,Slide,Rainfall,point_06622
25.10442,92.36503,GSI_INVENTORY,Meghalaya,,Slide,Rainfall,point_06623
25.11359,92.37059,GSI_INVENTORY,Meghalaya,,Slide,Rainfall,point_06624
25.11303,92.37394,GSI_INVENTORY,Meghalaya,,Slide,Heavy rainfall,point_06625
25.12697,92.38808,GSI_INVENTORY,Meghalaya,,Slide,Rainfall,point_06626
25.12186,92.38858,GSI_INVENTORY,Meghalaya,,Flow, ,point_06627
25.12917,92.38831,GSI_INVENTORY,Meghalaya,,Slide,Rainfall,point_06628
25.13419,92.38353,GSI_INVENTORY,Meghalaya,,Slide, ,point_06629
25.13429,92.38155,GSI_INVENTORY,Meghalaya,,Slide,Rainfall,point_06630
25.13497,92.38028,GSI_INVENTORY,Meghalaya,,Slide,Rainfall,point_06631
25.1496,92.36796,GSI_INVENTORY,Meghalaya,,Slide,Rainfall,point_06632
25.14775,92.37553,GSI_INVENTORY,Meghalaya,,Slide,Rainfall,point_06633
25.16522,92.38839,GSI_INVENTORY,Meghalaya,,Slide,Rainfall,point_06634
25.16413,92.41775,GSI_INVENTORY,Meghalaya,,Slide,Rainfall,point_06635
25.02971,92.46397,GSI_INVENTORY,Assam,,Slide,Rainfall,point_06636
25.03299,92.46221,GSI_INVENTORY,Assam,,Slide,Rainfall,point_06637
25.03212,92.46264,GSI_INVENTORY,Assam,,Slide,Rainfall,point_06638
25.03143,92.46323,GSI_INVENTORY,Assam,,Slide,Rainfall,point_06639
25.02,92.52,GSI_INVENTORY,Assam,,Slide,Rainfall,point_06640
24.96,92.66,GSI_INVENTORY,Assam,,Slide,Rainfall,point_06641
24.96,92.7,GSI_INVENTORY,Assam,,Slide,Rainfall,point_06642
24.98,92.72,GSI_INVENTORY,Assam,,Slide,Rainfall,point_06643
24.97,92.72,GSI_INVENTORY,Assam,,Slide,Rainfall,point_06644
24.93,92.84,GSI_INVENTORY,Assam,,Slide,Rainfall,point_06645
24.95,92.8,GSI_INVENTORY,Assam,,Slide,Rainfall,point_06646
24.95,92.73,GSI_INVENTORY,Assam,,Slide,Rainfall,point_06647
24.97,92.76,GSI_INVENTORY,Assam,,Slide,Rainfall,point_06648
24.98,92.75,GSI_INVENTORY,Assam,,Slide,Rainfall,point_06649
25.01,92.73,GSI_INVENTORY,Assam,,Slide,Rainfall,point_06650
25.01,92.75,GSI_INVENTORY,Assam,,Slide,Rainfall,point_06651
24.99,92.75,GSI_INVENTORY,Assam,,Slide,Rainfall,point_06652
25.01038,92.75482,GSI_INVENTORY,Assam,,Slide,Rainfall,point_06653
25.01856,92.77011,GSI_INVENTORY,Assam,,Slide,Rainfall,point_06654
25.01903,92.77055,GSI_INVENTORY,Assam,,Slide,Rainfall,point_06655
25.03972,92.78189,GSI_INVENTORY,Assam,,Slide,Rainfall,point_06656
25.04108,92.78311,GSI_INVENTORY,Assam,,Slide,Rainfall,point_06657
25.04942,92.79672,GSI_INVENTORY,Assam,,Slide,Rainfall,point_06658
25.04742,92.79339,GSI_INVENTORY,Assam,,Slide,Rainfall,point_06659
25.04783,92.78931,GSI_INVENTORY,Manipur,,Slide,Excessive rainfall,point_06660
25.04678,92.79011,GSI_INVENTORY,Assam,,Slide,Rainfall,point_06661
25.04644,92.78967,GSI_INVENTORY,Assam,,Slide,Rainfall,point_06662
25.06338,92.79554,GSI_INVENTORY,Assam,,Slide,Rainfall,point_06663
25.06138,92.79591,GSI_INVENTORY,Assam,,Slide,Rainfall,point_06664
25.06185,92.79345,GSI_INVENTORY,Assam,,Slide,Rainfall,point_06665
25.07264,92.79451,GSI_INVENTORY,Assam,,Slide,Rainfall,point_06666
25.07323,92.81473,GSI_INVENTORY,Assam,,Slide,Rainfall,point_06667
25.06009,92.80709,GSI_INVENTORY,Assam,,Slide,Rainfall,point_06668
25.06094,92.80675,GSI_INVENTORY,Assam,,Slide,Rainfall,point_06669
25.06347,92.8078,GSI_INVENTORY,Assam,,Slide,Rainfall,point_06670
25.05661,92.80172,GSI_INVENTORY,Assam,,Slide,Rainfall,point_06671
25.05492,92.80033,GSI_INVENTORY,Assam,,Slide,Rainfall,point_06672
25.04992,92.79967,GSI_INVENTORY,Assam,,Slide,Rainfall,point_06673
25.0365,92.78042,GSI_INVENTORY,Assam,,Slide,Rainfall,point_06674
25.03495,92.77875,GSI_INVENTORY,Assam,,Slide,Rainfall,point_06675
25.11219,92.86881,GSI_INVENTORY,Assam,,Slide,Rainfall,point_06676
25.11286,92.87756,GSI_INVENTORY,Meghalaya,,Slide,Incessant rainfall prior to the failure reported (as per local media),point_06677
25.10755,92.88554,GSI_INVENTORY,Assam,,Slide,Rainfall,point_06678
25.10942,92.88075,GSI_INVENTORY,Assam,,Slide,Heavy rainfall,point_06679
25.10989,92.89317,GSI_INVENTORY,Assam,,Slide,Heavy rainfall,point_06680
25.12431,92.90428,GSI_INVENTORY,Assam,,Slide, ,point_06681
24.99,92.6,GSI_INVENTORY,Assam,,Slide,Rainfall,point_06682
25.33376,92.58978,GSI_INVENTORY,Meghalaya,,Slide,Rainfall & anthropogenic,point_06683
25.34394,92.5849,GSI_INVENTORY,Meghalaya,,Slide,Rainfall & anthropogenic,point_06684
25.34311,92.58427,GSI_INVENTORY,Meghalaya,,Slide,Rainfall & anthropogenic,point_06685
25.33934,92.58478,GSI_INVENTORY,Meghalaya,,Fall,Rainfall & anthropogenic,point_06686
25.34227,92.58225,GSI_INVENTORY,Meghalaya,,Slide,Rainfall & anthropogenic,point_06687
25.35465,92.5735,GSI_INVENTORY,Meghalaya,,Slide,Rainfall,point_06688
25.35424,92.57286,GSI_INVENTORY,Meghalaya,,Slide,Rainfall & anthropogenic,point_06689
25.37581,92.60972,GSI_INVENTORY,Meghalaya,,Slide,Anthropogenic,point_06690
25.36316,92.61884,GSI_INVENTORY,Meghalaya,,Slide,Anthropogenic,point_06691
25.30997,92.69525,GSI_INVENTORY,Meghalaya,,Slide,Rainfall & anthropogenic,point_06692
25.31652,92.69231,GSI_INVENTORY,Meghalaya,,Slide,Rainfall & anthropogenic,point_06693
25.31659,92.68719,GSI_INVENTORY,Meghalaya,,Slide,Rainfall & anthropogenic,point_06694
25.31816,92.68722,GSI_INVENTORY,Meghalaya,,Slide,Rainfall & anthropogenic,point_06695
25.31607,92.68546,GSI_INVENTORY,Meghalaya,,Slide,Rainfall & anthropogenic,point_06696
25.29009,92.79918,GSI_INVENTORY,Assam,,Slide,Heavy rainfall,point_06697
25.2577,92.8096,GSI_INVENTORY,Assam,,Slide,Heavy rainfall,point_06698
25.23804,92.80128,GSI_INVENTORY,Assam,,Slide,Rainfall,point_06699
25.33605,92.82053,GSI_INVENTORY,Assam,,Slide,Heavy rainfall,point_06700
25.32373,92.80751,GSI_INVENTORY,Assam,,Slide,Heavy rainfall,point_06701
25.32023,92.81809,GSI_INVENTORY,Assam,,Slide,Heavy rainfall,point_06702
25.41616,92.77865,GSI_INVENTORY,Assam,,Slide,Heavy rainfall,point_06703
25.40837,92.82826,GSI_INVENTORY,Assam,,Slide,Heavy rainfall,point_06704
25.43872,92.91202,GSI_INVENTORY,Assam,,Slide,Heavy rainfall,point_06705
25.44176,92.90738,GSI_INVENTORY,Assam,,Slide,Heavy rainfall,point_06706
25.44173,92.89203,GSI_INVENTORY,Assam,,Slide,Heavy rainfall,point_06707
25.43403,92.88506,GSI_INVENTORY,Assam,,Slide,Heavy rainfall,point_06708
25.51357,92.78482,GSI_INVENTORY,Assam,,Subsidence,Heavy rainfall,point_06709
25.51402,92.76543,GSI_INVENTORY,Assam,,Slide,Heavy rainfall,point_06710
25.57994,92.72822,GSI_INVENTORY,Assam,,Slide,Heavy rainfall,point_06711
25.569,92.71653,GSI_INVENTORY,Assam,,Slide,Heavy rainfall,point_06712
25.571,92.55128,GSI_INVENTORY,Meghalaya,,Slide,Heavy rainfall,point_06713
25.52941,92.45534,GSI_INVENTORY,Meghalaya,,Fall,Anthropogenic,point_06714
25.52749,92.41514,GSI_INVENTORY,Meghalaya,,Slide,Rainfall & anthropogenic,point_06715
25.48418,92.51093,GSI_INVENTORY,Meghalaya,,Slide,Slope cutting,point_06716
25.36565,92.5314,GSI_INVENTORY,Meghalaya,,Slide,Rainfall & anthropogenic,point_06717
25.35093,92.51236,GSI_INVENTORY,Meghalaya,,Slide,Rainfall,point_06718
25.35243,92.51348,GSI_INVENTORY,Meghalaya,,Slide,Rainfall & anthropogenic,point_06719
25.32197,92.50423,GSI_INVENTORY,Meghalaya,,Slide,Rainfall & anthropogenic,point_06720
25.19242,92.37705,GSI_INVENTORY,Meghalaya,,Slide,Rainfall,point_06721
25.26458,92.3815,GSI_INVENTORY,Meghalaya,,Slide,Rainfall,point_06722
25.2586,92.38555,GSI_INVENTORY,Meghalaya,,Slide,Rainfall,point_06723
25.26112,92.38523,GSI_INVENTORY,Meghalaya,,Slide,Rainfall,point_06724
25.2625,92.38464,GSI_INVENTORY,Meghalaya,,Slide,Rainfall,point_06725
25.28053,92.38004,GSI_INVENTORY,Meghalaya,,Slide,Rainfall,point_06726
25.274,92.37394,GSI_INVENTORY,Meghalaya,,Slide,Rainfall,point_06727
25.29763,92.38752,GSI_INVENTORY,Meghalaya,,Slide,Rainfall,point_06728
25.28227,92.34143,GSI_INVENTORY,Meghalaya,,Slide,Rainfall,point_06729
25.28112,92.3454,GSI_INVENTORY,Meghalaya,,Slide,Rainfall,point_06730
25.19728,92.2225,GSI_INVENTORY,Meghalaya,,Slide,Rainfall,point_06731
25.22917,92.2235,GSI_INVENTORY,Meghalaya,,Slide,Rainfall,point_06732
25.22997,92.22328,GSI_INVENTORY,Meghalaya,,Slide,Rainfall,point_06733
25.23005,92.22112,GSI_INVENTORY,Meghalaya,,Slide,Rainfall,point_06734
25.23138,92.2215,GSI_INVENTORY,Meghalaya,,Slide,Rainfall,point_06735
25.23358,92.20958,GSI_INVENTORY,Meghalaya,,Slide,Rainfall,point_06736
25.19728,92.1991,GSI_INVENTORY,Meghalaya,,Slide,Rainfall,point_06737
25.20033,92.20047,GSI_INVENTORY,Meghalaya,,Slide,Rainfall,point_06738
25.20289,92.20115,GSI_INVENTORY,Meghalaya,,Slide,Rainfall,point_06739
25.20697,92.20803,GSI_INVENTORY,Meghalaya,,Slide,Rainfall,point_06740
25.22847,92.18781,GSI_INVENTORY,Meghalaya,,Slide,Rainfall,point_06741
25.23242,92.17888,GSI_INVENTORY,Meghalaya,,Slide,Rainfall,point_06742
25.26607,92.2049,GSI_INVENTORY,Meghalaya,,Slide,Rainfall,point_06743
25.26293,92.20363,GSI_INVENTORY,Meghalaya,,Slide,Rainfall,point_06744
25.26381,92.203,GSI_INVENTORY,Meghalaya,,Slide,Rainfall,point_06745
25.26516,92.20224,GSI_INVENTORY,Meghalaya,,Slide,Rainfall,point_06746
25.26622,92.20253,GSI_INVENTORY,Meghalaya,,Slide,Rainfall,point_06747
25.43011,92.18217,GSI_INVENTORY,Meghalaya,,Slide,Rainfall,point_06748
25.42631,92.18128,GSI_INVENTORY,Meghalaya,,Slide, ,point_06749
25.42619,92.18047,GSI_INVENTORY,Meghalaya,,Slide,Rainfall,point_06750
25.43517,92.18501,GSI_INVENTORY,Meghalaya,,Slide,Rainfall,point_06751
25.43497,92.18425,GSI_INVENTORY,Meghalaya,,Slide,Rainfall,point_06752
25.43989,92.18108,GSI_INVENTORY,Meghalaya,,Slide,Rainfall,point_06753
25.44889,92.19417,GSI_INVENTORY,Meghalaya,,Slide, ,point_06754
25.42142,92.28894,GSI_INVENTORY,Meghalaya,,Slide, ,point_06755
25.56128,92.33014,GSI_INVENTORY,Meghalaya,,Slide,Anthropogenic,point_06756
25.56347,92.32969,GSI_INVENTORY,Meghalaya,,Slide,Slope cutting,point_06757
25.55167,92.33181,GSI_INVENTORY,Meghalaya,,Slide,Slope cutting,point_06758
25.57821,92.26686,GSI_INVENTORY,Meghalaya,,Slide,Anthropogenic,point_06759
25.57681,92.24244,GSI_INVENTORY,Meghalaya,,Slide,Rainfall,point_06760
25.55978,92.22628,GSI_INVENTORY,Meghalaya,,Slide,Rainfall,point_06761
25.56928,92.2025,GSI_INVENTORY,Meghalaya,,Slide,Rainfall,point_06762
25.61193,92.45293,GSI_INVENTORY,Meghalaya,,Slide,Anthropogenic,point_06763
25.75933,92.52258,GSI_INVENTORY,Assam,,Slide,Heavy rainfall,point_06764
25.79939,92.52653,GSI_INVENTORY,Assam,,Slide,Heavy rainfall,point_06765
25.80942,92.47483,GSI_INVENTORY,Assam,,Slide,Rainfall,point_06766
25.82108,92.544,GSI_INVENTORY,Assam,,Slide,Quarrying,point_06767
25.95931,92.51753,GSI_INVENTORY,Assam,,Slide,Heavy rainfall,point_06768
25.98219,92.51892,GSI_INVENTORY,Assam,,Slide,Rainfall,point_06769
25.98736,92.50083,GSI_INVENTORY,Assam,,Slide,Heavy rainfall,point_06770
25.97719,92.35478,GSI_INVENTORY,Assam,,Slide,Rainfall,point_06771
25.96808,92.3575,GSI_INVENTORY,Assam,,Slide,Rainfall,point_06772
25.96667,92.35692,GSI_INVENTORY,Assam,,Slide,Rainfall,point_06773
25.96144,92.34133,GSI_INVENTORY,Assam,,Slide,Rainfall,point_06774
25.94661,92.30536,GSI_INVENTORY,Assam,,Slide,Rainfall,point_06775
26.0591,92.236,GSI_INVENTORY,Meghalaya,,Slide,Anthropogenic activity and Incessant rainfall,point_06776
26.061,92.241,GSI_INVENTORY,Meghalaya,,Slide,Anthropogenic activity and Incessant rainfall,point_06777
26.01353,92.26608,GSI_INVENTORY,Assam,,Slide,Rainfall,point_06778
26.012,92.26417,GSI_INVENTORY,Assam,,Slide,Rainfall,point_06779
26.02283,92.27403,GSI_INVENTORY,Assam,,Slide,Rainfall,point_06780
26.03275,92.27186,GSI_INVENTORY,Assam,,Slide,Rainfall,point_06781
26.03658,92.27306,GSI_INVENTORY,Assam,,Slide,Rainfall,point_06782
26.03936,92.27381,GSI_INVENTORY,Assam,,Slide,Rainfall,point_06783
26.04214,92.27525,GSI_INVENTORY,Assam,,Slide,Rainfall,point_06784
26.11942,92.43997,GSI_INVENTORY,Assam,,Slide,Rainfall,point_06785
26.11697,92.44008,GSI_INVENTORY,Assam,,Slide,Rainfall,point_06786
26.11742,92.43867,GSI_INVENTORY,Assam,,Slide,Rainfall,point_06787
26.11014,92.43933,GSI_INVENTORY,Assam,,Slide,Rainfall,point_06788
26.10842,92.44022,GSI_INVENTORY,Assam,,Slide,Rainfall,point_06789
26.11364,92.44122,GSI_INVENTORY,Assam,,Slide,Rainfall,point_06790
26.11711,92.44103,GSI_INVENTORY,Assam,,Slide,Rainfall,point_06791
26.11817,92.44094,GSI_INVENTORY,Assam,,Slide,Rainfall,point_06792
26.10233,92.4415,GSI_INVENTORY,Assam,,Slide,Rainfall,point_06793
26.10267,92.44164,GSI_INVENTORY,Assam,,Slide,Rainfall,point_06794
26.10303,92.44089,GSI_INVENTORY,Assam,,Slide,Rainfall,point_06795
26.10567,92.441,GSI_INVENTORY,Assam,,Slide,Rainfall,point_06796
26.10725,92.44,GSI_INVENTORY,Assam,,Slide,Rainfall,point_06797
26.10217,92.44047,GSI_INVENTORY,Assam,,Slide,Rainfall,point_06798
26.10133,92.44056,GSI_INVENTORY,Assam,,Slide,Rainfall,point_06799
26.09822,92.43939,GSI_INVENTORY,Assam,,Slide,Rainfall,point_06800
26.09672,92.43875,GSI_INVENTORY,Assam,,Fall,Rainfall,point_06801
26.04358,92.44053,GSI_INVENTORY,Assam,,Slide,Rainfall,point_06802
26.04861,92.43219,GSI_INVENTORY,Assam,,Slide,Rainfall,point_06803
26.04581,92.45078,GSI_INVENTORY,Assam,,Slide,Rainfall,point_06804
26.03097,92.47414,GSI_INVENTORY,Assam,,Slide,Rainfall,point_06805
26.02417,92.475,GSI_INVENTORY,Assam,,Slide,Rainfall,point_06806
26.01639,92.48225,GSI_INVENTORY,Assam,,Slide,Rainfall,point_06807
26.03158,92.47375,GSI_INVENTORY,Assam,,Slide,Rainfall,point_06808
26.03153,92.47278,GSI_INVENTORY,Assam,,Slide,Rainfall,point_06809
26.03528,92.47086,GSI_INVENTORY,Assam,,Slide,Rainfall,point_06810
26.03356,92.46806,GSI_INVENTORY,Assam,,Slide,Rainfall,point_06811
26.03919,92.4595,GSI_INVENTORY,Assam,,Slide,Rainfall,point_06812
26.04358,92.45222,GSI_INVENTORY,Assam,,Slide,Rainfall,point_06813
26.04547,92.45742,GSI_INVENTORY,Assam,,Slide,Rainfall,point_06814
26.17292,92.76278,GSI_INVENTORY,Assam,,Slide,Quarrying,point_06815
25.81806,92.74872,GSI_INVENTORY,Assam,,Slide,Heavy rainfall,point_06816
25.945,92.66358,GSI_INVENTORY,Assam,,Slide,Heavy rainfall,point_06817
25.90653,92.65819,GSI_INVENTORY,Assam,,Slide,Heavy rainfall,point_06818
25.90692,92.64714,GSI_INVENTORY,Assam,,Slide,Rainfall,point_06819
25.96094,92.60122,GSI_INVENTORY,Assam,,Slide,Heavy rainfall,point_06820
25.96573,92.59267,GSI_INVENTORY,Assam,,Slide,Heavy rainfall,point_06821
25.95386,92.60367,GSI_INVENTORY,Assam,,Slide,Heavy rainfall,point_06822
25.86958,92.59411,GSI_INVENTORY,Assam,,Slide,Heavy rainfall,point_06823
25.88692,92.61347,GSI_INVENTORY,Assam,,Slide,Heavy rainfall,point_06824
25.85544,92.57369,GSI_INVENTORY,Assam,,Slide,Heavy rainfall,point_06825
25.86419,92.57105,GSI_INVENTORY,Assam,,Slide,Heavy rainfall,point_06826
25.85167,92.58089,GSI_INVENTORY,Assam,,Slide,Heavy rainfall,point_06827
25.82769,92.55658,GSI_INVENTORY,Assam,,Slide,Heavy rainfall,point_06828
25.82528,92.54775,GSI_INVENTORY,Assam,,Slide,Rainfall,point_06829
25.82246,92.54638,GSI_INVENTORY,Assam,,Slide,Heavy rainfall,point_06830
25.81542,92.5535,GSI_INVENTORY,Assam,,Slide,Heavy rainfall,point_06831
25.81428,92.55422,GSI_INVENTORY,Assam,,Slide,Rainfall,point_06832
25.812,92.55069,GSI_INVENTORY,Assam,,Slide,Heavy rainfall,point_06833
25.81236,92.55156,GSI_INVENTORY,Assam,,Slide,Rainfall,point_06834
25.81175,92.55003,GSI_INVENTORY,Assam,,Slide,Heavy rainfall,point_06835
25.84494,92.61514,GSI_INVENTORY,Assam,,Slide,Heavy rainfall,point_06836
25.84875,92.68328,GSI_INVENTORY,Assam,,Slide,Heavy rainfall,point_06837
25.85992,92.72558,GSI_INVENTORY,Assam,,Slide,Heavy rainfall,point_06838
25.84967,92.69042,GSI_INVENTORY,Assam,,Slide,Heavy rainfall,point_06839
25.84992,92.69072,GSI_INVENTORY,Assam,,Slide,Heavy rainfall,point_06840
25.8515,92.69203,GSI_INVENTORY,Assam,,Slide,Heavy rainfall,point_06841
25.81689,92.71744,GSI_INVENTORY,Assam,,Slide,Heavy rainfall,point_06842
25.81678,92.71878,GSI_INVENTORY,Assam,,Slide,Heavy rainfall,point_06843
25.61092,93.09178,GSI_INVENTORY,Assam,,Slide, ,point_06844
25.64897,93.12083,GSI_INVENTORY,Assam,,Slide, ,point_06845
25.65167,93.12083,GSI_INVENTORY,Assam,,Slide, ,point_06846
25.65792,93.11811,GSI_INVENTORY,Assam,,Slide, ,point_06847
25.67153,93.11522,GSI_INVENTORY,Assam,,Topple, ,point_06848
25.72561,93.13075,GSI_INVENTORY,Assam,,Slide, ,point_06849
25.72486,93.13108,GSI_INVENTORY,Assam,,Slide, ,point_06850
25.81756,93.10886,GSI_INVENTORY,Assam,,Fall, ,point_06851
26.33983,93.09997,GSI_INVENTORY,Assam,,Slide,Rainfall,point_06852
26.32308,93.09317,GSI_INVENTORY,Assam,,Slide,Rainfall,point_06853
26.31485,93.25612,GSI_INVENTORY,Assam,,Slide,Rainfall,point_06854
26.32685,93.26764,GSI_INVENTORY,Assam,,Slide,Rainfall,point_06855
26.3287,93.26919,GSI_INVENTORY,Assam,,Slide,Rainfall,point_06856
26.30797,93.27572,GSI_INVENTORY,Assam,,Slide,Rainfall,point_06857
26.29839,93.21625,GSI_INVENTORY,Assam,,Slide,Rainfall,point_06858
26.30294,93.22539,GSI_INVENTORY,Assam,,Slide,Rainfall,point_06859
26.30333,93.22569,GSI_INVENTORY,Assam,,Slide,Rainfall,point_06860
26.29778,93.21111,GSI_INVENTORY,Assam,,Slide,Rainfall,point_06861
26.29731,93.21183,GSI_INVENTORY,Assam,,Slide,Rainfall,point_06862
26.05608,93.40653,GSI_INVENTORY,Assam,,Slide,Rainfall,point_06863
26.05897,93.40697,GSI_INVENTORY,Assam,,Slide,Rainfall,point_06864
26.34742,93.2982,GSI_INVENTORY,Assam,,Slide,Rainfall,point_06865
25.81044,93.58616,GSI_INVENTORY,Assam,,Slide,1. Incessant rainfall. 2. Slope cut.,point_06866
25.84512,93.56682,GSI_INVENTORY,Assam,,Slide,1. Incessant rainfall. 2. Slope cut for road.,point_06867
25.85072,93.56682,GSI_INVENTORY,Assam,,Slide,1. Incessant rainfall. 2. Slope cut for road.,point_06868
25.85189,93.56633,GSI_INVENTORY,Assam,,Slide,1. Incessant rainfall. 2. Slope cut for road.,point_06869
25.85498,93.56638,GSI_INVENTORY,Assam,,Slide,1. Incessant rainfall. 2. Slope cut for road.,point_06870
25.96256,93.46922,GSI_INVENTORY,Assam,,Slide,1. Incessant rainfall 2. Slope cut.,point_06871
25.96272,93.46964,GSI_INVENTORY,Assam,,Slide,1. Incessant rainfall. 2. Slope cut for road.,point_06872
25.88494,93.45792,GSI_INVENTORY,Assam,,Slide,1. Incessant rainfall. 2. Slope cut for house construction.,point_06873
25.83128,93.45257,GSI_INVENTORY,Assam,,Slide,1. Incessant rainfall. 2. Extensive slope cut of more than 10 m height.,point_06874
25.84267,93.45244,GSI_INVENTORY,Assam,,Slide,1. Incessant rainfall. 2. Slope cut at a steep angle (70┬░ to 80┬░) of height more than 6 to 7 m.,point_06875
25.84152,93.45138,GSI_INVENTORY,Assam,,Slide,1. Incessant rainfall. 2. Slope cut at a steep angle (70┬░ to 80┬░) of height more than 6 to 7 m.,point_06876
25.84444,93.45331,GSI_INVENTORY,Assam,,Slide,1. Incessant rainfall. 2. Slope cut at a steep angle (70┬░ to 80┬░) of height more than 6 to 7 m.,point_06877
25.82522,93.4243,GSI_INVENTORY,Assam,,Slide,1. Incessant rainfall. 2. Slope cut for house construction.,point_06878
25.48714,93.49353,GSI_INVENTORY,Nagaland,,Fall,Roadcut & Rainfall,point_06879
25.40975,93.47594,GSI_INVENTORY,Nagaland,,Slide,Roadcut & Rainfall,point_06880
25.4095,93.47664,GSI_INVENTORY,Nagaland,,Slide,Roadcut & Rainfall,point_06881
25.35633,93.56658,GSI_INVENTORY,Nagaland,,Slide,Rainfall,point_06882
25.34358,93.56697,GSI_INVENTORY,Nagaland,,Slide,Rainfall,point_06883
25.29725,93.63008,GSI_INVENTORY,Nagaland,,Slide,Rainfall,point_06884
25.29817,93.63222,GSI_INVENTORY,Nagaland,,Slide,Rainfall,point_06885
25.27503,93.61631,GSI_INVENTORY,Nagaland,,Slide,Rainfall,point_06886
25.19953,93.62528,GSI_INVENTORY,Nagaland,,Slide,Rainfall,point_06887
25.29242,93.49897,GSI_INVENTORY,Nagaland,,Slide,Roadcut & Rainfall,point_06888
25.28847,93.48961,GSI_INVENTORY,Nagaland,,Slide,Roadcut & Rainfall,point_06889
25.28766,93.48896,GSI_INVENTORY,Nagaland,,Slide,Roadcut & Rainfall,point_06890
25.30803,93.47103,GSI_INVENTORY,Assam,,Slide,Rainfall,point_06891
25.30911,93.47069,GSI_INVENTORY,Assam,,Slide,Roadcut & Rainfall,point_06892
25.39411,93.41042,GSI_INVENTORY,Assam,,Slide,Roadcut & Rainfall,point_06893
25.26353,93.39061,GSI_INVENTORY,Assam,,Slide,Roadcut & Rainfall,point_06894
25.26406,93.40953,GSI_INVENTORY,Assam,,Slide,Roadcut & Rainfall,point_06895
25.22,93.34,GSI_INVENTORY,Assam,,Slide,Rainfall,point_06896
25.22,93.35,GSI_INVENTORY,Assam,,Slide,Rainfall,point_06897
25.23,93.34,GSI_INVENTORY,Assam,,Slide,Rainfall,point_06898
25.22,93.32,GSI_INVENTORY,Assam,,Slide,Rainfall,point_06899
25.21,93.31,GSI_INVENTORY,Assam,,Slide,Rainfall,point_06900
25.22,93.29,GSI_INVENTORY,Assam,,Slide,Rainfall,point_06901
25.23,93.29,GSI_INVENTORY,Assam,,Slide,Rainfall,point_06902
25.28286,93.29611,GSI_INVENTORY,Assam,,Slide,Roadcut & Rainfall,point_06903
25.32814,93.33406,GSI_INVENTORY,Assam,,Slide,Roadcut & Rainfall,point_06904
25.33208,93.33464,GSI_INVENTORY,Assam,,Slide,Roadcut & Rainfall,point_06905
25.39808,93.29753,GSI_INVENTORY,Assam,,Slide,Roadcut & Rainfall,point_06906
25.4286,93.3126,GSI_INVENTORY,Assam,,Slide,Roadcut & Rainfall,point_06907
25.4339,93.32894,GSI_INVENTORY,Assam,,Slide,Roadcut & Rainfall,point_06908
25.44753,93.36442,GSI_INVENTORY,Assam,,Slide,Roadcut & Rainfall,point_06909
25.44906,93.37086,GSI_INVENTORY,Assam,,Slide,Roadcut & Rainfall,point_06910
25.45353,93.37119,GSI_INVENTORY,Assam,,Slide,Roadcut & Rainfall,point_06911
25.45533,93.37447,GSI_INVENTORY,Assam,,Slide,Roadcut & Rainfall,point_06912
25.45408,93.37597,GSI_INVENTORY,Assam,,Slide,Roadcut & Rainfall,point_06913
25.42386,93.36942,GSI_INVENTORY,Assam,,Slide,Roadcut & Rainfall,point_06914
25.42381,93.36972,GSI_INVENTORY,Assam,,Slide,Roadcut & Rainfall,point_06915
25.42081,93.37106,GSI_INVENTORY,Assam,,Fall,Roadcut & Rainfall,point_06916
25.42133,93.37036,GSI_INVENTORY,Assam,,Slide,Rainfall & Toe erosion by nala,point_06917
25.4255,93.36394,GSI_INVENTORY,Assam,,Slide,Roadcut & Rainfall,point_06918
25.43869,93.36258,GSI_INVENTORY,Assam,,Slide,Roadcut & Rainfall,point_06919
25.43937,93.3542,GSI_INVENTORY,Assam,,Slide,Roadcut & Rainfall,point_06920
25.43772,93.34989,GSI_INVENTORY,Assam,,Slide,Rainfall,point_06921
25.42028,93.37131,GSI_INVENTORY,Assam,,Slide,Roadcut & Rainfall,point_06922
25.41753,93.37253,GSI_INVENTORY,Assam,,Slide,Roadcut & Rainfall,point_06923
25.405,93.37219,GSI_INVENTORY,Assam,,Slide,Roadcut & Rainfall,point_06924
25.4025,93.39219,GSI_INVENTORY,Assam,,Slide,Roadcut & Rainfall,point_06925
25.40247,93.39044,GSI_INVENTORY,Assam,,Slide,Roadcut & Rainfall,point_06926
25.43564,93.40594,GSI_INVENTORY,Assam,,Slide,Rainfall,point_06927
25.4375,93.40444,GSI_INVENTORY,Assam,,Slide,Rainfall,point_06928
25.43686,93.40458,GSI_INVENTORY,Assam,,Slide,Rainfall,point_06929
25.43664,93.40592,GSI_INVENTORY,Assam,,Slide,Rainfall,point_06930
25.43711,93.40364,GSI_INVENTORY,Assam,,Slide,Rainfall,point_06931
25.43669,93.40294,GSI_INVENTORY,Assam,,Slide,Rainfall,point_06932
25.4365,93.40233,GSI_INVENTORY,Assam,,Slide,Rainfall,point_06933
25.44342,93.42144,GSI_INVENTORY,Assam,,Slide,Roadcut & Rainfall,point_06934
25.44431,93.42394,GSI_INVENTORY,Assam,,Slide,Roadcut & Rainfall,point_06935
25.44397,93.42278,GSI_INVENTORY,Assam,,Slide,Roadcut & Rainfall,point_06936
25.40233,93.40758,GSI_INVENTORY,Assam,,Slide,Roadcut & Rainfall,point_06937
25.43592,93.45594,GSI_INVENTORY,Assam,,Slide,Roadcut & Rainfall,point_06938
25.43697,93.45411,GSI_INVENTORY,Assam,,Slide,Roadcut & Rainfall,point_06939
25.44364,93.43144,GSI_INVENTORY,Assam,,Slide,Roadcut & Rainfall,point_06940
25.44419,93.42469,GSI_INVENTORY,Assam,,Slide,Roadcut & Rainfall,point_06941
25.44417,93.42553,GSI_INVENTORY,Assam,,Slide,Roadcut & Rainfall,point_06942
25.44606,93.40858,GSI_INVENTORY,Assam,,Slide,Roadcut & Rainfall,point_06943
25.45228,93.39433,GSI_INVENTORY,Assam,,Slide,Roadcut & Rainfall,point_06944
25.45317,93.39467,GSI_INVENTORY,Assam,,Slide,Roadcut & Rainfall,point_06945
25.46236,93.38431,GSI_INVENTORY,Assam,,Slide,Roadcut & Rainfall,point_06946
25.41606,93.28422,GSI_INVENTORY,Assam,,Slide,Toe erosion,point_06947
25.41061,93.284,GSI_INVENTORY,Assam,,Slide,Toe erosion,point_06948
25.4085,93.28344,GSI_INVENTORY,Assam,,Slide,Rainfall & Toe erosion,point_06949
25.405,93.133,GSI_INVENTORY,Assam,,Slide, ,point_06950
25.404,93.132,GSI_INVENTORY,Assam,,Slide, ,point_06951
25.41733,93.12908,GSI_INVENTORY,Assam,,Slide,Incessant rainfall and anthropogenic activity – extensive slope cut; steepening of the natural slope beyond critical angle for road construction.,point_06952
25.50669,93.10536,GSI_INVENTORY,Assam,,Slide, ,point_06953
25.42344,92.98502,GSI_INVENTORY,Assam,,Slide,Heavy rainfall,point_06954
25.42253,92.98912,GSI_INVENTORY,Assam,,Slide,Heavy rainfall,point_06955
25.44308,92.98987,GSI_INVENTORY,Assam,,Slide,Heavy rainfall,point_06956
25.424,93.0,GSI_INVENTORY,Assam,,Slide, ,point_06957
25.42,93.002,GSI_INVENTORY,Assam,,Slide, ,point_06958
25.39543,92.99027,GSI_INVENTORY,Assam,,Slide,Heavy rainfall,point_06959
25.21688,92.98225,GSI_INVENTORY,Assam,,Slide,Rainfall,point_06960
25.19669,93.01858,GSI_INVENTORY,Assam,,Slide,Heavy rainfall,point_06961
25.19972,93.01672,GSI_INVENTORY,Assam,,Slide,Heavy rainfall,point_06962
25.205,93.008,GSI_INVENTORY,Assam,,Slide, ,point_06963
25.20553,93.02014,GSI_INVENTORY,Assam,,Slide,Heavy rainfall,point_06964
25.21494,93.02161,GSI_INVENTORY,Assam,,Slide,Heavy rainfall,point_06965
25.23231,93.03344,GSI_INVENTORY,Assam,,Creep,Heavy rainfall,point_06966
25.23297,93.03325,GSI_INVENTORY,Assam,,Slide,Heavy rainfall,point_06967
25.23881,93.03219,GSI_INVENTORY,Assam,,Slide,Heavy rainfall,point_06968
25.2185,93.01311,GSI_INVENTORY,Assam,,Slide,Heavy rainfall,point_06969
25.21694,93.01136,GSI_INVENTORY,Assam,,Slide,Heavy rainfall,point_06970
25.24597,93.02828,GSI_INVENTORY,Assam,,Slide,Heavy rainfall,point_06971
25.205,93.059,GSI_INVENTORY,Assam,,Slide, ,point_06972
25.204,93.059,GSI_INVENTORY,Assam,,Slide, ,point_06973
25.19308,93.12042,GSI_INVENTORY,Assam,,Slide,Heavy rainfall,point_06974
25.201,93.122,GSI_INVENTORY,Assam,,Slide, ,point_06975
25.208,93.121,GSI_INVENTORY,Assam,,Slide, ,point_06976
25.20739,93.12278,GSI_INVENTORY,Assam,,Subsidence,Heavy rainfall,point_06977
25.242,93.14,GSI_INVENTORY,Assam,,Slide, ,point_06978
25.24194,93.14319,GSI_INVENTORY,Assam,,Slide,Heavy rainfall,point_06979
25.20456,93.13889,GSI_INVENTORY,Assam,,Slide,Heavy rainfall,point_06980
25.206,93.126,GSI_INVENTORY,Assam,,Slide, ,point_06981
25.20108,93.14081,GSI_INVENTORY,Manipur,,Slide,Incessant monsoon rainfall,point_06982
25.22956,93.1556,GSI_INVENTORY,Assam,,Slide, ,point_06983
25.27481,93.14556,GSI_INVENTORY,Assam,,Slide,Heavy rainfall,point_06984
25.387,93.12,GSI_INVENTORY,Assam,,Flow, ,point_06985
25.36258,93.25772,GSI_INVENTORY,Assam,,Slide,Roadcut & Rainfall,point_06986
25.36997,93.26031,GSI_INVENTORY,Assam,,Slide,Roadcut & Rainfall,point_06987
25.27847,93.25297,GSI_INVENTORY,Assam,,Slide,Roadcut & Rainfall,point_06988
25.27892,93.25319,GSI_INVENTORY,Assam,,Slide,Roadcut & Rainfall,point_06989
25.22428,93.22286,GSI_INVENTORY,Assam,,Slide,Rainfall,point_06990
25.2,93.25,GSI_INVENTORY,Assam,,Slide,Rainfall,point_06991
25.21,93.25,GSI_INVENTORY,Assam,,Slide,Rainfall,point_06992
25.24,93.27,GSI_INVENTORY,Assam,,Slide,Rainfall,point_06993
25.24,93.28,GSI_INVENTORY,Assam,,Slide,Rainfall,point_06994
25.189,93.226,GSI_INVENTORY,Assam,,Slide, ,point_06995
25.13,93.27,GSI_INVENTORY,Assam,,Slide,Rainfall,point_06996
25.1,93.28,GSI_INVENTORY,Assam,,Slide,Rainfall,point_06997
25.003,93.164,GSI_INVENTORY,Assam,,Slide, ,point_06998
24.993,93.16158,GSI_INVENTORY,Assam,,Slide,Rainfall,point_06999
24.99561,93.16261,GSI_INVENTORY,Assam,,Slide,Rainfall,point_07000
25.145,93.158,GSI_INVENTORY,Assam,,Slide, ,point_07001
25.189,93.192,GSI_INVENTORY,Assam,,Slide, ,point_07002
25.191,93.192,GSI_INVENTORY,Assam,,Slide, ,point_07003
25.19,93.191,GSI_INVENTORY,Assam,,Slide, ,point_07004
25.169,93.156,GSI_INVENTORY,Assam,,Slide, ,point_07005
25.169,93.155,GSI_INVENTORY,Assam,,Slide, ,point_07006
25.18453,93.12564,GSI_INVENTORY,Assam,,Slide,Heavy rainfall,point_07007
25.17639,93.11614,GSI_INVENTORY,Assam,,Slide,Heavy rainfall,point_07008
25.18725,93.12056,GSI_INVENTORY,Assam,,Slide,Heavy rainfall,point_07009
25.186,93.104,GSI_INVENTORY,Assam,,Slide, ,point_07010
25.18956,93.09642,GSI_INVENTORY,Assam,,Slide,Heavy rainfall,point_07011
25.17986,93.07078,GSI_INVENTORY,Assam,,Slide,Heavy rainfall,point_07012
25.188,93.066,GSI_INVENTORY,Assam,,Slide, ,point_07013
25.155,93.073,GSI_INVENTORY,Assam,,Slide, ,point_07014
25.155,93.067,GSI_INVENTORY,Assam,,Slide, ,point_07015
25.157,93.066,GSI_INVENTORY,Assam,,Slide, ,point_07016
25.157,93.062,GSI_INVENTORY,Assam,,Slide, ,point_07017
25.134,93.045,GSI_INVENTORY,Assam,,Slide, ,point_07018
25.139,93.04,GSI_INVENTORY,Assam,,Slide, ,point_07019
25.135,93.04,GSI_INVENTORY,Assam,,Slide, ,point_07020
25.136,93.04,GSI_INVENTORY,Assam,,Slide, ,point_07021
25.137,93.04,GSI_INVENTORY,Assam,,Slide, ,point_07022
25.137,93.034,GSI_INVENTORY,Assam,,Flow, ,point_07023
25.123,93.033,GSI_INVENTORY,Assam,,Slide, ,point_07024
25.123,93.034,GSI_INVENTORY,Assam,,Slide, ,point_07025
25.10639,93.03147,GSI_INVENTORY,Assam,,Slide,Heavy rainfall,point_07026
25.119,93.018,GSI_INVENTORY,Assam,,Slide, ,point_07027
25.119,93.017,GSI_INVENTORY,Assam,,Slide, ,point_07028
25.118,93.014,GSI_INVENTORY,Assam,,Slide, ,point_07029
25.12,93.02,GSI_INVENTORY,Assam,,Slide, ,point_07030
25.122,93.025,GSI_INVENTORY,Assam,,Slide, ,point_07031
25.122,93.026,GSI_INVENTORY,Assam,,Slide, ,point_07032
25.139,93.025,GSI_INVENTORY,Assam,,Slide, ,point_07033
25.14042,93.02039,GSI_INVENTORY,Assam,,Slide,Heavy rainfall,point_07034
25.137,93.018,GSI_INVENTORY,Assam,,Slide, ,point_07035
25.13447,93.01897,GSI_INVENTORY,Assam,,Slide,Heavy rainfall,point_07036
25.15639,93.01839,GSI_INVENTORY,Assam,,Slide,Heavy rainfall,point_07037
25.15714,93.01719,GSI_INVENTORY,Assam,,Slide,Heavy rainfall,point_07038
25.15669,93.01767,GSI_INVENTORY,Assam,,Slide,Incessant rainfall for days together,point_07039
25.15933,93.017,GSI_INVENTORY,Assam,,Slide,Heavy rainfall,point_07040
25.15736,93.01608,GSI_INVENTORY,Assam,,Slide,Heavy rainfall,point_07041
25.15572,93.02278,GSI_INVENTORY,Assam,,Slide,Heavy rainfall,point_07042
25.15561,93.02222,GSI_INVENTORY,Assam,,Slide,Heavy rainfall,point_07043
25.15658,93.01961,GSI_INVENTORY,Assam,,Slide,Heavy rainfall,point_07044
25.16344,93.02317,GSI_INVENTORY,Assam,,Slide,Heavy rainfall,point_07045
25.16564,93.02544,GSI_INVENTORY,Assam,,Slide,Heavy rainfall,point_07046
25.15069,93.02583,GSI_INVENTORY,Assam,,Slide,Heavy rainfall,point_07047
25.14586,93.02419,GSI_INVENTORY,Assam,,Slide,Heavy rainfall,point_07048
25.14525,93.02917,GSI_INVENTORY,Assam,,Slide,Heavy rainfall,point_07049
25.14678,93.03097,GSI_INVENTORY,Assam,,Slide,Heavy rainfall,point_07050
25.14872,93.03192,GSI_INVENTORY,Assam,,Slide,Heavy rainfall,point_07051
25.142,93.04,GSI_INVENTORY,Assam,,Slide, ,point_07052
25.164,93.04019,GSI_INVENTORY,Assam,,Slide,Heavy rainfall,point_07053
25.18844,93.01967,GSI_INVENTORY,Assam,,Slide,Heavy rainfall,point_07054
25.1775,93.02622,GSI_INVENTORY,Assam,,Slide,Heavy rainfall,point_07055
25.17692,93.02656,GSI_INVENTORY,Assam,,Slide,Heavy rainfall,point_07056
25.17506,93.02042,GSI_INVENTORY,Assam,,Slide,Heavy rainfall,point_07057
25.17703,93.02089,GSI_INVENTORY,Assam,,Slide,Heavy rainfall,point_07058
25.17597,93.02017,GSI_INVENTORY,Assam,,Slide,Heavy rainfall,point_07059
25.17189,93.00394,GSI_INVENTORY,Assam,,Slide,Heavy rainfall,point_07060
25.121,92.91503,GSI_INVENTORY,Assam,,Slide, ,point_07061
25.10897,92.92886,GSI_INVENTORY,Assam,,Slide,Heavy rainfall,point_07062
25.10878,92.92033,GSI_INVENTORY,Assam,,Slide,Heavy rainfall,point_07063
25.11297,92.95433,GSI_INVENTORY,Assam,,Slide,Rainfall,point_07064
25.10876,92.97805,GSI_INVENTORY,Assam,,Slide,Rainfall,point_07065
25.10881,92.97514,GSI_INVENTORY,Assam,,Slide,Rainfall,point_07066
25.10541,92.97278,GSI_INVENTORY,Assam,,Slide,Rainfall,point_07067
25.12906,92.97418,GSI_INVENTORY,Assam,,Slide,Rainfall,point_07068
25.12458,92.98911,GSI_INVENTORY,Assam,,Slide, ,point_07069
25.107,93.002,GSI_INVENTORY,Assam,,Slide, ,point_07070
25.108,93.003,GSI_INVENTORY,Assam,,Slide, ,point_07071
25.106,93.001,GSI_INVENTORY,Assam,,Slide, ,point_07072
25.11011,92.99878,GSI_INVENTORY,Assam,,Slide,Heavy rainfall,point_07073
25.11078,92.98792,GSI_INVENTORY,Assam,,Slide,Heavy rainfall,point_07074
25.10275,92.98694,GSI_INVENTORY,Assam,,Slide,Rainfall,point_07075
25.10696,92.99136,GSI_INVENTORY,Assam,,Slide,Rainfall,point_07076
25.08839,92.95894,GSI_INVENTORY,Assam,,Slide,Rainfall,point_07077
25.07894,92.95379,GSI_INVENTORY,Assam,,Slide,Rainfall,point_07078
25.008,93.04,GSI_INVENTORY,Assam,,Slide, ,point_07079
24.97228,93.03289,GSI_INVENTORY,Assam,,Slide,Rainfall,point_07080
24.97692,93.033,GSI_INVENTORY,Assam,,Fall,Rainfall,point_07081
24.96,92.98,GSI_INVENTORY,Assam,,Slide,Rainfall,point_07082
24.98,92.96,GSI_INVENTORY,Assam,,Slide,Rainfall,point_07083
24.96,92.92,GSI_INVENTORY,Assam,,Slide,Rainfall,point_07084
24.96,92.95,GSI_INVENTORY,Assam,,Slide,Rainfall,point_07085
24.79589,93.04542,GSI_INVENTORY,Assam,,Slide,Rainfall,point_07086
24.81365,93.07301,GSI_INVENTORY,Assam,,Slide,Rainfall,point_07087
24.85325,93.2449,GSI_INVENTORY,Manipur,,Slide,Rainfall,point_07088
24.79795,93.215,GSI_INVENTORY,Manipur,,Slide,Rainfall,point_07089
24.79847,93.21583,GSI_INVENTORY,Manipur,,Slide,Rainfall,point_07090
24.80445,93.23571,GSI_INVENTORY,Manipur,,Slide,Rainfall,point_07091
24.80592,93.23789,GSI_INVENTORY,Manipur,,Slide,Rainfall,point_07092
24.80514,93.23716,GSI_INVENTORY,Manipur,,Slide,Rainfall,point_07093
24.79581,93.23026,GSI_INVENTORY,Manipur,,Slide,Rainfall,point_07094
24.80831,93.24264,GSI_INVENTORY,Manipur,,Slide,Rainfall,point_07095
24.81331,93.24342,GSI_INVENTORY,Manipur,,Slide,Excessive rainfall,point_07096
24.81389,93.24522,GSI_INVENTORY,Manipur,,Slide,Rainfall,point_07097
24.8145,93.246,GSI_INVENTORY,Manipur,,Slide,Rainfall,point_07098
24.79828,93.39431,GSI_INVENTORY,Manipur,,Slide,Rainfall,point_07099
24.81114,93.417,GSI_INVENTORY,Manipur,,Slide,Rainfall,point_07100
24.81133,93.42275,GSI_INVENTORY,Manipur,,Slide,Rainfall,point_07101
24.81217,93.423,GSI_INVENTORY,Manipur,,Slide,Rainfall,point_07102
24.80681,93.40481,GSI_INVENTORY,Manipur,,Slide,Rainfall,point_07103
24.79933,93.43542,GSI_INVENTORY,Manipur,,Slide,Rainfall,point_07104
24.78889,93.44189,GSI_INVENTORY,Manipur,,Slide,Rainfall,point_07105
24.78992,93.45981,GSI_INVENTORY,Manipur,,Slide,Rainfall,point_07106
24.78461,93.46228,GSI_INVENTORY,Manipur,,Slide,Rainfall,point_07107
24.79881,93.46467,GSI_INVENTORY,Manipur,,Slide,Rainfall,point_07108
24.80139,93.46944,GSI_INVENTORY,Manipur,,Slide,Rainfall,point_07109
24.818,93.45,GSI_INVENTORY,Manipur,,Slide,Rainfall,point_07110
24.81972,93.45997,GSI_INVENTORY,Manipur,,Slide,Rainfall,point_07111
24.82669,93.46794,GSI_INVENTORY,Manipur,,Slide,Rainfall,point_07112
24.83025,93.46697,GSI_INVENTORY,Manipur,,Slide,Rainfall,point_07113
24.83278,93.46333,GSI_INVENTORY,Manipur,,Slide,Rainfall,point_07114
24.83469,93.45917,GSI_INVENTORY,Manipur,,Slide,Rainfall,point_07115
24.81611,93.44392,GSI_INVENTORY,Manipur,,Slide,Rainfall,point_07116
24.81536,93.44153,GSI_INVENTORY,Manipur,,Slide,Rainfall,point_07117
24.81553,93.43725,GSI_INVENTORY,Manipur,,Slide,Rainfall,point_07118
24.81208,93.43392,GSI_INVENTORY,Manipur,,Slide,Rainfall,point_07119
24.81433,93.42831,GSI_INVENTORY,Manipur,,Slide,Rainfall,point_07120
24.84603,93.43875,GSI_INVENTORY,Manipur,,Slide,Rainfall,point_07121
24.84294,93.43997,GSI_INVENTORY,Manipur,,Slide,Rainfall,point_07122
24.84833,93.45917,GSI_INVENTORY,Manipur,,Slide,Rainfall,point_07123
24.85225,93.44964,GSI_INVENTORY,Manipur,,Slide,Rainfall,point_07124
24.85172,93.44939,GSI_INVENTORY,Manipur,,Slide,Rainfall,point_07125
24.8545,93.44904,GSI_INVENTORY,Manipur,,Slide,Rainfall,point_07126
24.86089,93.46322,GSI_INVENTORY,Manipur,,Slide,Rainfall,point_07127
24.87742,93.46058,GSI_INVENTORY,Manipur,,Slide,Rainfall,point_07128
24.87422,93.46667,GSI_INVENTORY,Manipur,,Slide,Rainfall,point_07129
24.88319,93.46567,GSI_INVENTORY,Manipur,,Slide,Rainfall,point_07130
24.89033,93.46667,GSI_INVENTORY,Manipur,,Slide,Rainfall,point_07131
24.90139,93.45389,GSI_INVENTORY,Manipur,,Slide,Rainfall,point_07132
24.93081,93.44483,GSI_INVENTORY,Manipur,,Slide,Rainfall,point_07133
25.07,93.29,GSI_INVENTORY,Assam,,Slide,Rainfall,point_07134
25.14,93.31,GSI_INVENTORY,Assam,,Slide,Rainfall,point_07135
25.14,93.3,GSI_INVENTORY,Assam,,Slide,Rainfall,point_07136
25.13,93.29,GSI_INVENTORY,Assam,,Slide,Rainfall,point_07137
25.17,93.29,GSI_INVENTORY,Assam,,Slide,Rainfall,point_07138
25.18,93.3,GSI_INVENTORY,Assam,,Slide,Rainfall,point_07139
25.19,93.3,GSI_INVENTORY,Assam,,Fall,Rainfall,point_07140
25.18,93.33,GSI_INVENTORY,Assam,,Slide,Rainfall,point_07141
25.17,93.36,GSI_INVENTORY,Assam,,Slide,Rainfall,point_07142
25.15,93.37,GSI_INVENTORY,Assam,,Slide,Rainfall,point_07143
25.12,93.37,GSI_INVENTORY,Manipur,,Slide,Rainfall,point_07144
25.11,93.37,GSI_INVENTORY,Manipur,,Slide,Rainfall,point_07145
25.07,93.43,GSI_INVENTORY,Manipur,,Slide,Rainfall,point_07146
24.99694,93.50222,GSI_INVENTORY,Manipur,, ,Rainfall,point_07147
24.99306,93.4975,GSI_INVENTORY,Manipur,,Slide,Rainfall,point_07148
24.99083,93.50583,GSI_INVENTORY,Manipur,,Slide,Rainfall,point_07149
24.9897,93.50708,GSI_INVENTORY,Manipur,,Slide,Rainfall,point_07150
25.00669,93.52344,GSI_INVENTORY,Manipur,,Slide,Rainfall,point_07151
25.01308,93.53011,GSI_INVENTORY,Manipur,,Slide,Rainfall,point_07152
25.02564,93.53722,GSI_INVENTORY,Manipur,,Slide,Rainfall,point_07153
25.02547,93.53703,GSI_INVENTORY,Manipur,,Slide,Rainfall,point_07154
25.18758,93.65386,GSI_INVENTORY,Nagaland,,Slide,Rainfall,point_07155
25.12142,93.65497,GSI_INVENTORY,Manipur,,Slide,Rainfall,point_07156
25.11992,93.65333,GSI_INVENTORY,Manipur,,Slide,Rainfall,point_07157
25.12044,93.65378,GSI_INVENTORY,Manipur,,Slide,Rainfall,point_07158
25.11808,93.64947,GSI_INVENTORY,Manipur,,Slide,Rainfall,point_07159
25.118,93.64775,GSI_INVENTORY,Manipur,,Slide,Rainfall,point_07160
25.11775,93.64722,GSI_INVENTORY,Manipur,,Slide,Rainfall,point_07161
25.11683,93.64589,GSI_INVENTORY,Manipur,,Slide,Rainfall,point_07162
25.11583,93.64583,GSI_INVENTORY,Manipur,,Slide,Rainfall,point_07163
25.11519,93.645,GSI_INVENTORY,Manipur,,Slide,Rainfall,point_07164
25.116,93.64328,GSI_INVENTORY,Manipur,,Slide,Rainfall,point_07165
25.11511,93.64236,GSI_INVENTORY,Manipur,,Slide,Rainfall,point_07166
25.11611,93.64042,GSI_INVENTORY,Manipur,,Slide,Rainfall,point_07167
25.11542,93.63925,GSI_INVENTORY,Manipur,,Slide,Rainfall,point_07168
25.11156,93.62997,GSI_INVENTORY,Manipur,,Slide,Rainfall,point_07169
25.10511,93.62114,GSI_INVENTORY,Manipur,,Fall,Rainfall,point_07170
25.10647,93.62347,GSI_INVENTORY,Manipur,,Fall,Rainfall,point_07171
25.10769,93.62356,GSI_INVENTORY,Manipur,,Fall,Rainfall,point_07172
25.11067,93.62275,GSI_INVENTORY,Manipur,,Fall,Rainfall,point_07173
25.11092,93.62236,GSI_INVENTORY,Manipur,,Fall,Rainfall,point_07174
25.10994,93.62653,GSI_INVENTORY,Manipur,,Slide,Rainfall,point_07175
25.11047,93.62539,GSI_INVENTORY,Manipur,,Slide,Rainfall,point_07176
25.11039,93.62558,GSI_INVENTORY,Manipur,,Fall,Rainfall,point_07177
25.11039,93.62406,GSI_INVENTORY,Manipur,,Fall,Rainfall,point_07178
25.10108,93.62033,GSI_INVENTORY,Manipur,,Fall,Rainfall,point_07179
25.09864,93.62078,GSI_INVENTORY,Manipur,,Slide,Rainfall,point_07180
25.09633,93.61925,GSI_INVENTORY,Manipur,,Slide,Rainfall,point_07181
25.09225,93.61997,GSI_INVENTORY,Manipur,,Slide,Rainfall,point_07182
25.11347,93.63692,GSI_INVENTORY,Manipur,,Slide,Rainfall,point_07183
25.08864,93.61972,GSI_INVENTORY,Manipur,,Slide,Rainfall,point_07184
25.08742,93.61833,GSI_INVENTORY,Manipur,,Slide,Rainfall,point_07185
25.08308,93.61358,GSI_INVENTORY,Manipur,,Slide,Rainfall,point_07186
25.08025,93.61228,GSI_INVENTORY,Manipur,,Slide,Rainfall,point_07187
25.07778,93.61158,GSI_INVENTORY,Manipur,,Slide,Rainfall,point_07188
25.07736,93.61103,GSI_INVENTORY,Manipur,,Slide,Rainfall,point_07189
25.07253,93.6075,GSI_INVENTORY,Manipur,,Slide,Rainfall,point_07190
25.06731,93.60486,GSI_INVENTORY,Manipur,,Slide,Rainfall,point_07191
25.05719,93.60303,GSI_INVENTORY,Manipur,,Slide,Rainfall,point_07192
25.05883,93.60403,GSI_INVENTORY,Manipur,,Slide,Rainfall,point_07193
25.05986,93.60464,GSI_INVENTORY,Manipur,,Slide,Rainfall,point_07194
25.06186,93.60536,GSI_INVENTORY,Manipur,,Slide,Rainfall,point_07195
25.06142,93.60489,GSI_INVENTORY,Manipur,,Slide,Rainfall,point_07196
25.05514,93.60378,GSI_INVENTORY,Manipur,,Slide,Rainfall,point_07197
25.05408,93.60369,GSI_INVENTORY,Manipur,,Slide,Rainfall,point_07198
25.04986,93.60239,GSI_INVENTORY,Manipur,,Slide,Rainfall,point_07199
25.02933,93.58617,GSI_INVENTORY,Manipur,,Slide,Rainfall,point_07200
24.98103,93.65468,GSI_INVENTORY,Manipur,,Slide,rainfall,point_07201
24.97518,93.65294,GSI_INVENTORY,Manipur,,Slide,rainfall,point_07202
24.93561,93.65444,GSI_INVENTORY,Manipur,,Slide,rainfall,point_07203
24.92286,93.63314,GSI_INVENTORY,Manipur,,Slide,Rainfall,point_07204
24.88856,93.64147,GSI_INVENTORY,Manipur,,Slide, ,point_07205
24.97596,93.56798,GSI_INVENTORY,Manipur,,Slide,Rainfall,point_07206
24.97139,93.55906,GSI_INVENTORY,Manipur,,Slide,Rainfall,point_07207
24.97861,93.52828,GSI_INVENTORY,Manipur,,Slide,Rainfall,point_07208
24.98736,93.52533,GSI_INVENTORY,Manipur,,Slide,Road cutting.,point_07209
24.98472,93.52492,GSI_INVENTORY,Manipur,,Slide,Rainfall and anthropogenic factor like road cutting.,point_07210
24.98261,93.52,GSI_INVENTORY,Manipur,,Slide,Rainfall,point_07211
24.98453,93.50986,GSI_INVENTORY,Manipur,,Slide,Rainfall,point_07212
24.98517,93.50831,GSI_INVENTORY,Manipur,,Slide,Rainfall,point_07213
24.98758,93.50617,GSI_INVENTORY,Manipur,,Slide,Rainfall,point_07214
24.98746,93.50624,GSI_INVENTORY,Manipur,,Slide,Rainfall,point_07215
24.98611,93.50583,GSI_INVENTORY,Manipur,,Slide,Rainfall,point_07216
24.98269,93.507,GSI_INVENTORY,Manipur,,Slide,Rainfall,point_07217
24.97775,93.50264,GSI_INVENTORY,Manipur,,Slide,Rainfall,point_07218
24.97839,93.50228,GSI_INVENTORY,Manipur,,Slide,Rainfall,point_07219
24.97844,93.5,GSI_INVENTORY,Manipur,,Slide,Rainfall,point_07220
24.98319,93.50042,GSI_INVENTORY,Manipur,,Slide,Rainfall,point_07221
24.98594,93.50494,GSI_INVENTORY,Manipur,,Slide,Rainfall,point_07222
24.98722,93.50361,GSI_INVENTORY,Manipur,,Slide,Rainfall,point_07223
24.98575,93.49739,GSI_INVENTORY,Manipur,,Slide,Excessive rainfall,point_07224
24.98381,93.49753,GSI_INVENTORY,Manipur,,Slide,Rainfall,point_07225
24.98767,93.49436,GSI_INVENTORY,Manipur,,Slide,Rainfall,point_07226
24.98647,93.49425,GSI_INVENTORY,Manipur,,Slide,Rainfall,point_07227
24.98581,93.49297,GSI_INVENTORY,Manipur,,Slide,Rainfall,point_07228
24.98539,93.49275,GSI_INVENTORY,Manipur,,Slide,Rainfall,point_07229
24.95261,93.48761,GSI_INVENTORY,Manipur,,Slide,Rainfall,point_07230
24.95036,93.48233,GSI_INVENTORY,Manipur,,Slide,Rainfall,point_07231
24.95014,93.48128,GSI_INVENTORY,Manipur,,Slide,Rainfall,point_07232
24.94383,93.48892,GSI_INVENTORY,Manipur,,Slide,Rainfall,point_07233
24.94775,93.49289,GSI_INVENTORY,Manipur,,Fall,Rainfall,point_07234
24.94278,93.49533,GSI_INVENTORY,Manipur,,Slide,Rainfall,point_07235
24.91728,93.47117,GSI_INVENTORY,Manipur,,Slide,Rainfall,point_07236
24.91644,93.48156,GSI_INVENTORY,Manipur,,Slide,Rainfall,point_07237
24.91172,93.48436,GSI_INVENTORY,Manipur,,Slide,Rainfall,point_07238
24.88847,93.47303,GSI_INVENTORY,Manipur,,Slide,Rainfall,point_07239
24.898,93.48772,GSI_INVENTORY,Manipur,,Slide,Rainfall,point_07240
24.83622,93.48211,GSI_INVENTORY,Manipur,,Slide,Rainfall,point_07241
24.83725,93.49453,GSI_INVENTORY,Manipur,,Slide,Rainfall,point_07242
24.84244,93.49933,GSI_INVENTORY,Manipur,,Slide,Rainfall,point_07243
24.84561,93.49878,GSI_INVENTORY,Manipur,,Slide,Rainfall,point_07244
24.84147,93.49592,GSI_INVENTORY,Manipur,,Slide,Rainfall,point_07245
24.85,93.49758,GSI_INVENTORY,Manipur,,Slide,Rainfall,point_07246
24.83172,93.51403,GSI_INVENTORY,Manipur,,Slide,Anthropogenic activity- Road cutting.,point_07247
24.82933,93.50706,GSI_INVENTORY,Manipur,,Slide,Anthropogenic activity- Road cutting.,point_07248
24.81778,93.51583,GSI_INVENTORY,Manipur,,Slide,Rainfall,point_07249
24.82411,93.47414,GSI_INVENTORY,Manipur,,Slide,Rainfall,point_07250
24.82461,93.47653,GSI_INVENTORY,Manipur,,Slide,Rainfall,point_07251
24.827,93.47847,GSI_INVENTORY,Manipur,,Slide,Rainfall,point_07252
24.82778,93.47917,GSI_INVENTORY,Manipur,,Slide,Rainfall,point_07253
24.80417,93.47167,GSI_INVENTORY,Manipur,,Slide,Rainfall,point_07254
24.8,93.47222,GSI_INVENTORY,Manipur,,Slide,Rainfall,point_07255
24.81624,93.52312,GSI_INVENTORY,Manipur,,Slide,Rainfall,point_07256
24.82067,93.52544,GSI_INVENTORY,Manipur,,Slide,Anthropogenic activity- Road cutting.,point_07257
24.81722,93.51722,GSI_INVENTORY,Manipur,, ,Rainfall,point_07258
24.82375,93.52386,GSI_INVENTORY,Manipur,, ,Rainfall,point_07259
24.8133,93.5472,GSI_INVENTORY,Manipur,, ,Rainfall,point_07260
24.81867,93.54819,GSI_INVENTORY,Manipur,,Slide,Rainfall,point_07261
24.8175,93.54908,GSI_INVENTORY,Manipur,, ,Rainfall,point_07262
24.83407,93.57804,GSI_INVENTORY,Manipur,,Slide,Anthropogenic activity- Road cutting.,point_07263
24.81997,93.57665,GSI_INVENTORY,Manipur,,Slide,Rainfall,point_07264
24.82073,93.57591,GSI_INVENTORY,Manipur,,Slide,Rainfall,point_07265
24.85404,93.58533,GSI_INVENTORY,Manipur,,Slide,Rainfall,point_07266
24.86035,93.57238,GSI_INVENTORY,Manipur,,Slide,Rainfall and Anthropogenic activity-Road cutting,point_07267
24.85481,93.57344,GSI_INVENTORY,Manipur,,Slide,Rainfall and Anthropogenic activity-Road cutting,point_07268
24.86327,93.57404,GSI_INVENTORY,Manipur,,Slide,Anthropogenic activity- Road cutting.,point_07269
24.86278,93.58533,GSI_INVENTORY,Manipur,,Slide,Rainfall and Anthropogenic activity-Road cutting,point_07270
24.86375,93.59892,GSI_INVENTORY,Manipur,,Slide,Anthropogenic activity- Road cutting.,point_07271
24.86341,93.59872,GSI_INVENTORY,Manipur,,Fall,Anthropogenic activity- Road cutting.,point_07272
24.86244,93.59819,GSI_INVENTORY,Manipur,,Slide,Anthropogenic activity- Road cutting.,point_07273
24.86244,93.61064,GSI_INVENTORY,Manipur,,Slide,Rainfall,point_07274
24.8629,93.6164,GSI_INVENTORY,Manipur,,Slide,Rainfall,point_07275
24.87215,93.62386,GSI_INVENTORY,Manipur,,Slide,Rainfall,point_07276
24.86769,93.62586,GSI_INVENTORY,Manipur,,Subsidence,Rainfall and anthropogenic activity,point_07277
24.86474,93.62524,GSI_INVENTORY,Manipur,,Slide,Anthropogenic activity- Road cutting.,point_07278
24.86064,93.62675,GSI_INVENTORY,Manipur,,Slide,Rainfall,point_07279
24.86126,93.62774,GSI_INVENTORY,Manipur,,Slide,Rainfall,point_07280
24.83403,93.644,GSI_INVENTORY,Manipur,,Slide,Anthropogenic factors- roadcutting,point_07281
24.80862,93.65109,GSI_INVENTORY,Manipur,,Slide, ,point_07282
24.80111,93.65311,GSI_INVENTORY,Manipur,,Slide,Rainfall,point_07283
24.79833,93.65506,GSI_INVENTORY,Manipur,,Slide,Rainfall,point_07284
24.76933,93.65372,GSI_INVENTORY,Manipur,,Slide,Anthropogenic activity- Road cutting.,point_07285
24.75609,93.62204,GSI_INVENTORY,Manipur,,Slide,Rainfall,point_07286
24.69839,93.64418,GSI_INVENTORY,Manipur,,Slide,Rainfall,point_07287
24.69976,93.65005,GSI_INVENTORY,Manipur,,Slide,Rainfall,point_07288
24.72441,93.51443,GSI_INVENTORY,Manipur,,Slide,Rainfall,point_07289
24.7194,93.509,GSI_INVENTORY,Manipur,,Slide,Rainfall,point_07290
24.71891,93.50838,GSI_INVENTORY,Manipur,,Slide,Rainfall,point_07291
24.71857,93.50002,GSI_INVENTORY,Manipur,,Slide,Rainfall,point_07292
24.72017,93.49694,GSI_INVENTORY,Manipur,,Slide,Rainfall,point_07293
24.72247,93.49281,GSI_INVENTORY,Manipur,,Slide,Rainfall,point_07294
24.72306,93.49183,GSI_INVENTORY,Manipur,,Slide,Rainfall,point_07295
24.73014,93.48539,GSI_INVENTORY,Manipur,,Slide,Rainfall,point_07296
24.72994,93.48583,GSI_INVENTORY,Manipur,,Slide,Rainfall,point_07297
24.73242,93.48314,GSI_INVENTORY,Manipur,,Slide,Rainfall,point_07298
24.73214,93.47919,GSI_INVENTORY,Manipur,,Slide,Rainfall,point_07299
24.68981,93.52258,GSI_INVENTORY,Manipur,,Slide,Rainfall,point_07300
24.66469,93.53236,GSI_INVENTORY,Manipur,,Slide,Rainfall,point_07301
24.62639,93.60439,GSI_INVENTORY,Manipur,,Slide,Rainfall,point_07302
24.628,93.60394,GSI_INVENTORY,Manipur,,Slide,Rainfall,point_07303
24.62775,93.60461,GSI_INVENTORY,Manipur,,Slide,Rainfall,point_07304
24.63008,93.60614,GSI_INVENTORY,Manipur,,Slide,Rainfall,point_07305
24.65631,93.58081,GSI_INVENTORY,Manipur,,Slide,Rainfall,point_07306
24.64142,93.59661,GSI_INVENTORY,Manipur,,Slide,Rainfall,point_07307
24.64119,93.59447,GSI_INVENTORY,Manipur,,Slide,Rainfall,point_07308
24.64272,93.60208,GSI_INVENTORY,Manipur,,Slide,Rainfall,point_07309
24.63644,93.60669,GSI_INVENTORY,Manipur,,Slide,Rainfall,point_07310
24.63308,93.61022,GSI_INVENTORY,Manipur,,Slide,Rainfall,point_07311
24.639,93.61156,GSI_INVENTORY,Manipur,,Slide,Rainfall,point_07312
24.63875,93.61128,GSI_INVENTORY,Manipur,,Slide,Rainfall,point_07313
24.63972,93.61222,GSI_INVENTORY,Manipur,,Slide,Rainfall,point_07314
24.63777,93.61229,GSI_INVENTORY,Manipur,,Slide,Rainfall,point_07315
24.64064,93.62031,GSI_INVENTORY,Manipur,,Slide,Rainfall,point_07316
24.64007,93.62739,GSI_INVENTORY,Manipur,,Slide,Rainfall,point_07317
24.64153,93.62369,GSI_INVENTORY,Manipur,,Slide,Rainfall,point_07318
24.64137,93.62301,GSI_INVENTORY,Manipur,,Slide,Rainfall,point_07319
24.64175,93.62322,GSI_INVENTORY,Manipur,,Slide,Rainfall,point_07320
24.64528,93.62883,GSI_INVENTORY,Manipur,,Slide,Rainfall,point_07321
24.64489,93.61958,GSI_INVENTORY,Manipur,,Slide,Rainfall,point_07322
24.65821,93.6255,GSI_INVENTORY,Manipur,,Slide,Rainfall,point_07323
24.66266,93.62825,GSI_INVENTORY,Manipur,,Slide,Rainfall,point_07324
24.66082,93.63216,GSI_INVENTORY,Manipur,,Slide,Rainfall,point_07325
24.65316,93.64641,GSI_INVENTORY,Manipur,,Slide,Rainfall,point_07326
24.64175,93.64018,GSI_INVENTORY,Manipur,,Subsidence,Rainfall,point_07327
24.74778,93.42453,GSI_INVENTORY,Manipur,,Slide,Rainfall,point_07328
24.75,93.42753,GSI_INVENTORY,Manipur,,Slide,Rainfall,point_07329
24.75111,93.45936,GSI_INVENTORY,Manipur,,Slide,Rainfall,point_07330
24.75122,93.45972,GSI_INVENTORY,Manipur,,Slide,Rainfall,point_07331
24.75167,93.46167,GSI_INVENTORY,Manipur,,Slide,Rainfall,point_07332
24.75114,93.46281,GSI_INVENTORY,Manipur,,Slide,Rainfall,point_07333
24.74769,93.46267,GSI_INVENTORY,Manipur,,Slide,Rainfall,point_07334
24.75075,93.46494,GSI_INVENTORY,Manipur,,Slide,Rainfall,point_07335
24.7585,93.45914,GSI_INVENTORY,Manipur,,Slide,Rainfall,point_07336
24.76869,93.45725,GSI_INVENTORY,Manipur,,Slide,Rainfall,point_07337
24.76847,93.45739,GSI_INVENTORY,Manipur,,Slide,Rainfall,point_07338
24.76667,93.45811,GSI_INVENTORY,Manipur,,Slide,Rainfall,point_07339
24.76639,93.45772,GSI_INVENTORY,Manipur,,Slide,Rainfall,point_07340
24.76492,93.45875,GSI_INVENTORY,Manipur,,Slide,Rainfall,point_07341
24.75878,93.45689,GSI_INVENTORY,Manipur,,Slide,Rainfall,point_07342
24.75967,93.46269,GSI_INVENTORY,Manipur,,Slide,Rainfall,point_07343
24.76492,93.46125,GSI_INVENTORY,Manipur,,Slide,Rainfall,point_07344
24.78381,93.45556,GSI_INVENTORY,Manipur,,Fall,Anthropogenic,point_07345
24.77658,93.45606,GSI_INVENTORY,Manipur,,Slide,Rainfall,point_07346
24.77597,93.45714,GSI_INVENTORY,Manipur,,Slide,Rainfall,point_07347
24.77281,93.45742,GSI_INVENTORY,Manipur,,Slide,Rainfall,point_07348
24.77592,93.45314,GSI_INVENTORY,Manipur,,Slide,Rainfall,point_07349
24.77517,93.44072,GSI_INVENTORY,Manipur,,Slide,Rainfall,point_07350
24.76647,93.43417,GSI_INVENTORY,Manipur,,Slide,Rainfall,point_07351
24.77592,93.43261,GSI_INVENTORY,Manipur,,Slide,Rainfall,point_07352
24.76878,93.38681,GSI_INVENTORY,Manipur,,Slide,Rainfall,point_07353
24.73423,93.29319,GSI_INVENTORY,Manipur,,Slide,Rainfall,point_07354
24.73486,93.296,GSI_INVENTORY,Manipur,,Slide,Rainfall,point_07355
24.76856,93.31436,GSI_INVENTORY,Manipur,,Slide,Rainfall,point_07356
24.76656,93.31983,GSI_INVENTORY,Manipur,,Slide,Rainfall,point_07357
24.76267,93.25556,GSI_INVENTORY,Manipur,,Fall,Anthropogenic,point_07358
24.76106,93.25517,GSI_INVENTORY,Manipur,,Slide,Rainfall,point_07359
24.7825,93.19944,GSI_INVENTORY,Manipur,,Slide,Rainfall,point_07360
24.72892,93.25639,GSI_INVENTORY,Manipur,,Slide,Rainfall,point_07361
24.72433,93.27311,GSI_INVENTORY,Manipur,,Slide,Rainfall,point_07362
24.62,93.17,GSI_INVENTORY,Manipur,,Slide,Rainfall,point_07363
24.68,93.11,GSI_INVENTORY,Manipur,,Slide,Rainfall,point_07364
24.69,93.12,GSI_INVENTORY,Manipur,,Slide,Rainfall,point_07365
24.72,93.13,GSI_INVENTORY,Manipur,,Slide,Rainfall,point_07366
24.73,93.13,GSI_INVENTORY,Manipur,,Slide,Rainfall,point_07367
24.72,93.14,GSI_INVENTORY,Manipur,,Slide,Rainfall,point_07368
24.72,93.18,GSI_INVENTORY,Manipur,,Slide,Anthropogenic,point_07369
24.73,93.19,GSI_INVENTORY,Manipur,,Slide,Rainfall,point_07370
24.73,93.18,GSI_INVENTORY,Manipur,,Slide,Rainfall,point_07371
24.73,93.17,GSI_INVENTORY,Manipur,,Slide,Rainfall,point_07372
24.73,93.15,GSI_INVENTORY,Manipur,,Slide,Rainfall,point_07373
24.74,93.15,GSI_INVENTORY,Manipur,,Slide,Anthropogenic,point_07374
24.74,93.16,GSI_INVENTORY,Manipur,,Slide,Rainfall,point_07375
24.74,93.12,GSI_INVENTORY,Manipur,,Slide,Rainfall,point_07376
24.64542,93.00536,GSI_INVENTORY,Assam,,Slide,Heavy antecedent rainfall,point_07377
24.64,92.98,GSI_INVENTORY,Assam,,Slide,Rainfall,point_07378
24.53,93.07,GSI_INVENTORY,Manipur,,Slide,Rainfall,point_07379
24.53,93.08,GSI_INVENTORY,Manipur,,Slide,Rainfall,point_07380
24.52,93.1,GSI_INVENTORY,Manipur,,Slide,Rainfall,point_07381
24.52,93.09,GSI_INVENTORY,Manipur,,Slide,Rainfall,point_07382
24.52,93.08,GSI_INVENTORY,Manipur,,Slide,Rainfall,point_07383
24.52,93.07,GSI_INVENTORY,Manipur,,Slide,Rainfall,point_07384
24.56,92.94,GSI_INVENTORY,Assam,,Slide,Rainfall,point_07385
24.5,93.12,GSI_INVENTORY,Manipur,,Slide,Rainfall,point_07386
24.51,93.12,GSI_INVENTORY,Manipur,,Slide,Anthropogenic,point_07387
24.52,93.11,GSI_INVENTORY,Manipur,,Slide,Rainfall,point_07388
24.54,93.11,GSI_INVENTORY,Manipur,,Slide,Rainfall,point_07389
24.36,93.27,GSI_INVENTORY,Manipur,,Slide,Rainfall,point_07390
24.35,93.28,GSI_INVENTORY,Manipur,,Slide,Rainfall,point_07391
24.37,93.26,GSI_INVENTORY,Manipur,,Slide,Rainfall,point_07392
24.32,93.28,GSI_INVENTORY,Manipur,,Slide,Rainfall,point_07393
24.21,93.28,GSI_INVENTORY,Manipur,,Slide,Rainfall,point_07394
24.2,93.22,GSI_INVENTORY,Manipur,,Slide,Rainfall,point_07395
24.21,93.21,GSI_INVENTORY,Manipur,,Slide,Rainfall,point_07396
24.22,93.2,GSI_INVENTORY,Manipur,,Slide,Rainfall,point_07397
24.27,93.18,GSI_INVENTORY,Manipur,,Slide,Rainfall,point_07398
24.24,93.18,GSI_INVENTORY,Manipur,,Slide,Rainfall,point_07399
24.24,93.19,GSI_INVENTORY,Manipur,,Slide,Rainfall,point_07400
24.23,93.19,GSI_INVENTORY,Manipur,,Slide,Rainfall,point_07401
24.27,93.11,GSI_INVENTORY,Manipur,,Slide,Rainfall,point_07402
24.28,93.11,GSI_INVENTORY,Manipur,,Slide,Rainfall,point_07403
24.29,93.12,GSI_INVENTORY,Manipur,,Slide,Rainfall,point_07404
24.29,93.11,GSI_INVENTORY,Manipur,,Slide,Rainfall,point_07405
24.31,93.12,GSI_INVENTORY,Manipur,,Slide,Rainfall,point_07406
24.31,93.13,GSI_INVENTORY,Manipur,,Slide,Rainfall,point_07407
24.32,93.14,GSI_INVENTORY,Manipur,,Slide,Rainfall,point_07408
24.28,93.18,GSI_INVENTORY,Manipur,,Slide,Anthropogenic,point_07409
24.31,93.18,GSI_INVENTORY,Manipur,,Slide,Anthropogenic,point_07410
24.32,93.16,GSI_INVENTORY,Manipur,,Slide,Rainfall,point_07411
24.32,93.15,GSI_INVENTORY,Manipur,,Slide,Rainfall,point_07412
24.33,93.15,GSI_INVENTORY,Manipur,,Slide,Anthropogenic,point_07413
24.33,93.16,GSI_INVENTORY,Manipur,,Slide,Rainfall,point_07414
24.29,92.95,GSI_INVENTORY,Mizoram,,Slide,Rainfall,point_07415
24.29,92.96,GSI_INVENTORY,Mizoram,,Slide,Anthropogenic,point_07416
24.23381,92.97878,GSI_INVENTORY,Mizoram,,Slide, ,point_07417
24.26,92.96,GSI_INVENTORY,Mizoram,,Slide,Rainfall,point_07418
24.24041,92.94142,GSI_INVENTORY,Mizoram,,Slide, ,point_07419
24.24608,92.94899,GSI_INVENTORY,Mizoram,,Slide, ,point_07420
24.24276,92.95541,GSI_INVENTORY,Mizoram,,Slide, ,point_07421
24.24856,92.95418,GSI_INVENTORY,Mizoram,,Slide, ,point_07422
24.22284,92.95264,GSI_INVENTORY,Mizoram,,Slide, ,point_07423
24.21807,92.95121,GSI_INVENTORY,Mizoram,,Slide, ,point_07424
24.19883,92.94635,GSI_INVENTORY,Mizoram,,Slide,Rainfall,point_07425
24.20115,92.94408,GSI_INVENTORY,Mizoram,,Slide, ,point_07426
24.17587,92.94562,GSI_INVENTORY,Mizoram,,Slide, ,point_07427
24.1887,92.94304,GSI_INVENTORY,Mizoram,,Slide, ,point_07428
24.19071,92.94359,GSI_INVENTORY,Mizoram,,Slide, ,point_07429
24.19111,92.94331,GSI_INVENTORY,Mizoram,,Slide, ,point_07430
24.19265,92.94458,GSI_INVENTORY,Mizoram,,Slide,Rainfall,point_07431
24.19368,92.94642,GSI_INVENTORY,Mizoram,,Slide,Rainfall,point_07432
24.19402,92.94456,GSI_INVENTORY,Mizoram,,Slide, ,point_07433
24.19747,92.94729,GSI_INVENTORY,Mizoram,,Slide, ,point_07434
24.19037,92.94432,GSI_INVENTORY,Mizoram,,Slide, ,point_07435
24.18312,92.94999,GSI_INVENTORY,Mizoram,,Slide, ,point_07436
24.18267,92.95075,GSI_INVENTORY,Mizoram,,Slide, ,point_07437
24.18402,92.95126,GSI_INVENTORY,Mizoram,,Slide, ,point_07438
24.19425,92.96381,GSI_INVENTORY,Mizoram,,Slide, ,point_07439
24.20049,92.98517,GSI_INVENTORY,Mizoram,,Slide, ,point_07440
24.20075,92.98517,GSI_INVENTORY,Mizoram,,Slide, ,point_07441
24.19918,92.99209,GSI_INVENTORY,Mizoram,,Slide, ,point_07442
24.19911,92.99292,GSI_INVENTORY,Mizoram,,Fall, ,point_07443
24.19782,92.99392,GSI_INVENTORY,Mizoram,,Slide, ,point_07444
24.19306,92.99288,GSI_INVENTORY,Mizoram,,Slide, ,point_07445
24.26,93.1,GSI_INVENTORY,Manipur,,Slide,Rainfall,point_07446
24.24,93.1,GSI_INVENTORY,Manipur,,Slide,Rainfall,point_07447
24.23,93.08,GSI_INVENTORY,Manipur,,Slide,Anthropogenic,point_07448
24.23,93.09,GSI_INVENTORY,Manipur,,Slide,Rainfall,point_07449
24.1004,92.91544,GSI_INVENTORY,Mizoram,,Slide, ,point_07450
24.09912,92.91668,GSI_INVENTORY,Mizoram,,Slide, ,point_07451
24.09786,92.91874,GSI_INVENTORY,Mizoram,,Slide, ,point_07452
24.09425,92.91774,GSI_INVENTORY,Mizoram,,Slide, ,point_07453
24.07462,92.91518,GSI_INVENTORY,Mizoram,,Slide, ,point_07454
24.0694,92.91857,GSI_INVENTORY,Mizoram,,Slide, ,point_07455
24.06986,92.91846,GSI_INVENTORY,Mizoram,,Slide, ,point_07456
24.06243,92.92258,GSI_INVENTORY,Mizoram,,Slide, ,point_07457
24.061,92.92534,GSI_INVENTORY,Mizoram,,Slide, ,point_07458
24.0562,92.91682,GSI_INVENTORY,Mizoram,,Slide, ,point_07459
24.03757,92.92249,GSI_INVENTORY,Mizoram,,Slide, ,point_07460
24.03734,92.92245,GSI_INVENTORY,Mizoram,,Slide, ,point_07461
24.02551,92.91563,GSI_INVENTORY,Mizoram,,Fall, ,point_07462
24.02554,92.91546,GSI_INVENTORY,Mizoram,,Slide, ,point_07463
24.01433,92.92402,GSI_INVENTORY,Mizoram,,Slide, ,point_07464
24.01304,92.92024,GSI_INVENTORY,Mizoram,,Slide, ,point_07465
23.97044,92.92717,GSI_INVENTORY,Mizoram,,Slide,Rainfall,point_07466
23.99378,93.00452,GSI_INVENTORY,Mizoram,,Slide,Rainfall,point_07467
23.97203,93.01489,GSI_INVENTORY,Mizoram,,Slide,Rainfall,point_07468
23.98264,93.01105,GSI_INVENTORY,Mizoram,,Slide,Rainfall,point_07469
23.99003,93.01058,GSI_INVENTORY,Mizoram,,Slide,Rainfall,point_07470
23.98369,93.04442,GSI_INVENTORY,Mizoram,,Slide,Rainfall,point_07471
23.99281,93.04325,GSI_INVENTORY,Mizoram,,Slide,Rainfall,point_07472
24.00117,93.03761,GSI_INVENTORY,Mizoram,,Slide,Rainfall,point_07473
24.01247,93.04725,GSI_INVENTORY,Mizoram,,Slide,Rainfall,point_07474
24.0465,93.04422,GSI_INVENTORY,Mizoram,,Slide,Rainfall,point_07475
24.04342,93.06631,GSI_INVENTORY,Mizoram,,Slide,Rainfall,point_07476
24.04792,93.05695,GSI_INVENTORY,Mizoram,,Slide,Rainfall,point_07477
24.04869,93.06164,GSI_INVENTORY,Mizoram,,Slide,Rainfall,point_07478
24.04097,93.0787,GSI_INVENTORY,Mizoram,,Slide,Rainfall,point_07479
24.01931,93.18127,GSI_INVENTORY,Mizoram,,Slide,Rainfall,point_07480
24.03828,93.14095,GSI_INVENTORY,Mizoram,,Slide,Rainfall,point_07481
24.1,93.28,GSI_INVENTORY,Manipur,,Slide,Rainfall,point_07482
24.06,93.28,GSI_INVENTORY,Manipur,,Slide,Rainfall,point_07483
24.02386,93.24819,GSI_INVENTORY,Mizoram,,Slide,Rainfall,point_07484
24.02025,93.24397,GSI_INVENTORY,Mizoram,,Slide,Rainfall,point_07485
24.02614,93.24017,GSI_INVENTORY,Mizoram,,Slide,Rainfall,point_07486
24.02395,93.19566,GSI_INVENTORY,Mizoram,,Slide,Rainfall,point_07487
24.02392,93.19434,GSI_INVENTORY,Mizoram,,Slide,Rainfall,point_07488
24.03983,93.23286,GSI_INVENTORY,Mizoram,,Slide,Rainfall,point_07489
23.98108,93.28739,GSI_INVENTORY,Mizoram,,Slide,Rainfall,point_07490
24.00389,93.3235,GSI_INVENTORY,Mizoram,,Slide,Rainfall,point_07491
24.00033,93.30028,GSI_INVENTORY,Mizoram,,Slide,Rainfall,point_07492
23.99911,93.28531,GSI_INVENTORY,Mizoram,,Slide,Rainfall,point_07493
24.14,93.47,GSI_INVENTORY,Manipur,,Slide,Rainfall,point_07494
24.14,93.45,GSI_INVENTORY,Manipur,,Slide,Rainfall,point_07495
24.14,93.42,GSI_INVENTORY,Manipur,,Slide,Rainfall,point_07496
24.14,93.38,GSI_INVENTORY,Manipur,,Slide,Rainfall,point_07497
24.11,93.32,GSI_INVENTORY,Manipur,,Slide,Rainfall,point_07498
24.1,93.29,GSI_INVENTORY,Manipur,,Slide,Rainfall,point_07499
24.12,93.29,GSI_INVENTORY,Manipur,,Slide,Rainfall,point_07500
24.13,93.29,GSI_INVENTORY,Manipur,,Subsidence,Rainfall,point_07501
24.16,93.31,GSI_INVENTORY,Manipur,,Slide,Rainfall,point_07502
24.17,93.3,GSI_INVENTORY,Manipur,,Slide,Rainfall,point_07503
24.15,93.3,GSI_INVENTORY,Manipur,,Slide,Rainfall,point_07504
24.16,93.3,GSI_INVENTORY,Manipur,,Slide,Rainfall,point_07505
24.21,93.29,GSI_INVENTORY,Manipur,,Slide,Rainfall,point_07506
24.22,93.3,GSI_INVENTORY,Manipur,,Fall,Rainfall,point_07507
24.21,93.3,GSI_INVENTORY,Manipur,,Slide,Rainfall,point_07508
24.33,93.3,GSI_INVENTORY,Manipur,,Slide,Rainfall,point_07509
24.34,93.32,GSI_INVENTORY,Manipur,,Slide,Rainfall,point_07510
24.34,93.31,GSI_INVENTORY,Manipur,,Slide,Rainfall,point_07511
24.32,93.36,GSI_INVENTORY,Manipur,,Slide,Rainfall,point_07512
24.19,93.4,GSI_INVENTORY,Manipur,,Slide,Rainfall,point_07513
24.18,93.56,GSI_INVENTORY,Manipur,,Slide,Anthropogenic,point_07514
24.2,93.53,GSI_INVENTORY,Manipur,,Slide,Rainfall,point_07515
24.37,93.5,GSI_INVENTORY,Manipur,,Slide,Rainfall,point_07516
24.35,93.51,GSI_INVENTORY,Manipur,,Slide, ,point_07517
24.33,93.53,GSI_INVENTORY,Manipur,,Slide,Anthropogenic,point_07518
24.35,93.53,GSI_INVENTORY,Manipur,,Slide,Rainfall,point_07519
24.37,93.52,GSI_INVENTORY,Manipur,,Slide,Rainfall,point_07520
24.36,93.54,GSI_INVENTORY,Manipur,,Subsidence,Rainfall,point_07521
24.35,93.54,GSI_INVENTORY,Manipur,,Slide,Rainfall,point_07522
24.33,93.55,GSI_INVENTORY,Manipur,,Slide,Rainfall,point_07523
24.34,93.62,GSI_INVENTORY,Manipur,,Slide,Rainfall,point_07524
24.36,93.65,GSI_INVENTORY,Manipur,,Slide,Rainfall,point_07525
24.18,93.59,GSI_INVENTORY,Manipur,,Slide,Rainfall,point_07526
24.18,93.6,GSI_INVENTORY,Manipur,,Slide,Rainfall,point_07527
24.1,93.57,GSI_INVENTORY,Manipur,,Slide,Rainfall,point_07528
24.11,93.58,GSI_INVENTORY,Manipur,,Slide,Rainfall,point_07529
24.12,93.58,GSI_INVENTORY,Manipur,,Slide,Anthropogenic,point_07530
24.14,93.57,GSI_INVENTORY,Manipur,,Slide,Anthropogenic,point_07531
24.17,93.59,GSI_INVENTORY,Manipur,,Slide,Anthropogenic,point_07532
24.17,93.58,GSI_INVENTORY,Manipur,,Slide,Anthropogenic,point_07533
24.15,93.58,GSI_INVENTORY,Manipur,,Slide,Rainfall,point_07534
24.15,93.55,GSI_INVENTORY,Manipur,,Slide,Anthropogenic,point_07535
24.13,93.48,GSI_INVENTORY,Manipur,,Slide,Rainfall,point_07536
24.1,93.51,GSI_INVENTORY,Manipur,,Slide,Anthropogenic,point_07537
24.1,93.5,GSI_INVENTORY,Manipur,,Slide,Rainfall,point_07538
24.11,93.52,GSI_INVENTORY,Manipur,,Slide,Anthropogenic,point_07539
24.11,93.53,GSI_INVENTORY,Manipur,,Slide,Anthropogenic,point_07540
24.0,93.55,GSI_INVENTORY,Manipur,,Slide,Rainfall,point_07541
24.01,93.55,GSI_INVENTORY,Manipur,,Slide,Rainfall,point_07542
24.02,93.56,GSI_INVENTORY,Manipur,,Slide,Rainfall,point_07543
24.0,93.56,GSI_INVENTORY,Manipur,,Slide,Rainfall,point_07544
23.99,93.55,GSI_INVENTORY,Manipur,,Slide,Rainfall,point_07545
23.98,93.55,GSI_INVENTORY,Manipur,,Slide,Rainfall,point_07546
24.02,93.57,GSI_INVENTORY,Manipur,,Slide,Rainfall,point_07547
24.03,93.57,GSI_INVENTORY,Manipur,,Slide,Anthropogenic,point_07548
24.05,93.57,GSI_INVENTORY,Manipur,,Slide,Rainfall,point_07549
24.06,93.57,GSI_INVENTORY,Manipur,,Slide,Rainfall,point_07550
23.93592,93.34564,GSI_INVENTORY,Mizoram,,Slide, ,point_07551
23.93681,93.34067,GSI_INVENTORY,Mizoram,,Slide,Rainfall,point_07552
23.94505,93.3137,GSI_INVENTORY,Mizoram,,Slide, ,point_07553
23.87211,93.336,GSI_INVENTORY,Mizoram,,Slide,Rainfall,point_07554
23.87045,93.35386,GSI_INVENTORY,Mizoram,,Slide,Rainfall,point_07555
23.86181,93.36494,GSI_INVENTORY,Mizoram,,Slide,Rainfall,point_07556
23.84606,93.37197,GSI_INVENTORY,Mizoram,,Slide,Rainfall,point_07557
23.84217,93.37392,GSI_INVENTORY,Mizoram,,Slide,Rainfall,point_07558
23.83606,93.37664,GSI_INVENTORY,Mizoram,,Slide,Rainfall,point_07559
23.83317,93.30527,GSI_INVENTORY,Mizoram,,Slide, ,point_07560
23.83292,93.30189,GSI_INVENTORY,Mizoram,,Slide, ,point_07561
23.78867,93.38614,GSI_INVENTORY,Mizoram,,Slide,Rainfall,point_07562
23.78775,93.38689,GSI_INVENTORY,Mizoram,,Slide,Rainfall,point_07563
23.79014,93.39445,GSI_INVENTORY,Mizoram,,Slide,Rainfall,point_07564
23.79578,93.38797,GSI_INVENTORY,Mizoram,,Slide,Rainfall,point_07565
23.79342,93.38747,GSI_INVENTORY,Mizoram,,Slide,Rainfall,point_07566
23.79125,93.38458,GSI_INVENTORY,Mizoram,,Slide,Rainfall,point_07567
23.81081,93.37903,GSI_INVENTORY,Mizoram,,Slide,Rainfall,point_07568
23.7427,93.37806,GSI_INVENTORY,Mizoram,,Slide,Anthropogenic,point_07569
23.74711,93.37826,GSI_INVENTORY,Mizoram,,Slide,"Rainfall, Anthropogenic",point_07570
23.75322,93.37728,GSI_INVENTORY,Mizoram,,Slide,Rainfall,point_07571
23.74794,93.3746,GSI_INVENTORY,Mizoram,,Slide,Anthropogenic,point_07572
23.74185,93.377,GSI_INVENTORY,Mizoram,,Slide,Anthropogenic,point_07573
23.66661,93.35069,GSI_INVENTORY,Mizoram,,Slide,Anthropogenic,point_07574
23.67202,93.34959,GSI_INVENTORY,Mizoram,,Slide,Anthropogenic,point_07575
23.6731,93.34941,GSI_INVENTORY,Mizoram,,Slide,Rainfall,point_07576
23.68227,93.35032,GSI_INVENTORY,Mizoram,,Slide,Anthropogenic,point_07577
23.61979,93.33801,GSI_INVENTORY,Mizoram,,Slide,"Rainfall, Anthropogenic",point_07578
23.61832,93.3424,GSI_INVENTORY,Mizoram,,Slide,"Rainfall, Anthropogenic",point_07579
23.64045,93.34356,GSI_INVENTORY,Mizoram,,Slide,Anthropogenic,point_07580
23.65764,93.34968,GSI_INVENTORY,Mizoram,,Slide,Rainfall,point_07581
23.65989,93.34905,GSI_INVENTORY,Mizoram,,Slide,Anthropogenic,point_07582
23.64007,93.31531,GSI_INVENTORY,Mizoram,,Slide,Anthropogenic,point_07583
23.66036,93.28555,GSI_INVENTORY,Mizoram,,Slide,"Rainfall, Anthropogenic",point_07584
23.65702,93.28692,GSI_INVENTORY,Mizoram,,Slide,"Rainfall, Anthropogenic",point_07585
23.65403,93.28702,GSI_INVENTORY,Mizoram,,Slide,"Rainfall, Anthropogenic",point_07586
23.64897,93.29199,GSI_INVENTORY,Mizoram,,Slide,"Rainfall, Anthropogenic",point_07587
23.64767,93.29973,GSI_INVENTORY,Mizoram,,Slide,"Rainfall, Anthropogenic",point_07588
23.64738,93.30342,GSI_INVENTORY,Mizoram,,Slide,"Rainfall, Anthropogenic",point_07589
23.64734,93.30388,GSI_INVENTORY,Mizoram,,Slide,"Rainfall, Anthropogenic",point_07590
23.60787,93.35135,GSI_INVENTORY,Mizoram,,Slide,"Rainfall, Anthropogenic",point_07591
23.60363,93.35592,GSI_INVENTORY,Mizoram,,Slide,"Rainfall, Anthropogenic",point_07592
23.206,93.32903,GSI_INVENTORY,Mizoram,,Slide,Rainfall and Anthropogenic,point_07593
23.23777,93.30846,GSI_INVENTORY,Mizoram,,Slide,Rainfall and Anthropogenic,point_07594
23.26194,93.29519,GSI_INVENTORY,Mizoram,,Slide,Anthropogenic,point_07595
23.27014,93.29333,GSI_INVENTORY,Mizoram,,Slide,Anthropogenic,point_07596
23.30622,93.29455,GSI_INVENTORY,Mizoram,,Slide,Rainfall,point_07597
23.30644,93.30389,GSI_INVENTORY,Mizoram,,Slide, ,point_07598
23.30483,93.30678,GSI_INVENTORY,Mizoram,,Slide,Rainfall and Anthropogenic,point_07599
23.30341,93.31066,GSI_INVENTORY,Mizoram,,Slide,Rainfall and Anthropogenic,point_07600
23.30511,93.31153,GSI_INVENTORY,Mizoram,,Slide,Anthropogenic,point_07601
23.30644,93.31164,GSI_INVENTORY,Mizoram,,Slide,Anthropogenic,point_07602
23.30364,93.31136,GSI_INVENTORY,Mizoram,,Slide,Anthropogenic,point_07603
23.30478,93.32947,GSI_INVENTORY,Mizoram,,Slide,Rainfall,point_07604
23.30112,93.33017,GSI_INVENTORY,Mizoram,,Slide,Rainfall,point_07605
23.26125,93.33722,GSI_INVENTORY,Mizoram,,Slide,Rainfall and Anthropogenic,point_07606
23.26222,93.33767,GSI_INVENTORY,Mizoram,,Slide,Rainfall and Anthropogenic,point_07607
23.29789,93.33244,GSI_INVENTORY,Mizoram,,Slide,Rainfall and Anthropogenic,point_07608
23.296,93.34056,GSI_INVENTORY,Mizoram,,Slide,Rainfall,point_07609
23.33989,93.35789,GSI_INVENTORY,Mizoram,,Slide,Rainfall and Anthropogenic,point_07610
23.33642,93.36149,GSI_INVENTORY,Mizoram,,Slide,Rainfall and Anthropogenic,point_07611
23.31108,93.3235,GSI_INVENTORY,Mizoram,,Slide,Rainfall,point_07612
23.31275,93.31446,GSI_INVENTORY,Mizoram,,Slide,Rainfall,point_07613
23.31061,93.312,GSI_INVENTORY,Mizoram,,Slide,Rainfall and Anthropogenic,point_07614
23.3116,93.31313,GSI_INVENTORY,Mizoram,,Slide,Rainfall and Anthropogenic,point_07615
23.30783,93.31167,GSI_INVENTORY,Mizoram,,Slide,Rainfall and Anthropogenic,point_07616
23.31017,93.31189,GSI_INVENTORY,Mizoram,,Slide,Rainfall,point_07617
23.3202,93.28572,GSI_INVENTORY,Mizoram,,Slide,Rainfall and Anthropogenic,point_07618
23.35112,93.29689,GSI_INVENTORY,Mizoram,,Slide,Rainfall,point_07619
23.35691,93.30136,GSI_INVENTORY,Mizoram,,Slide,Rainfall and Anthropogenic,point_07620
23.35478,93.30056,GSI_INVENTORY,Mizoram,,Slide,Anthropogenic,point_07621
23.35311,93.29936,GSI_INVENTORY,Mizoram,,Slide,Rainfall,point_07622
23.36986,93.29666,GSI_INVENTORY,Mizoram,,Slide,Rainfall,point_07623
23.36198,93.29991,GSI_INVENTORY,Mizoram,,Slide,Anthropogenic,point_07624
23.35958,93.29888,GSI_INVENTORY,Mizoram,,Slide,Rainfall and Anthropogenic,point_07625
23.38816,93.31296,GSI_INVENTORY,Mizoram,,Slide,Rainfall and Anthropogenic,point_07626
23.3902,93.31104,GSI_INVENTORY,Mizoram,,Slide,Rainfall,point_07627
23.39389,93.30924,GSI_INVENTORY,Mizoram,,Slide,Rainfall,point_07628
23.40753,93.31811,GSI_INVENTORY,Mizoram,,Slide,Rainfall and Anthropogenic,point_07629
23.40421,93.31876,GSI_INVENTORY,Mizoram,,Slide,Rainfall and Anthropogenic,point_07630
23.45904,93.32477,GSI_INVENTORY,Mizoram,,Slide,Anthropogenic,point_07631
23.4195,93.33192,GSI_INVENTORY,Mizoram,,Slide,Rainfall,point_07632
23.41942,93.33333,GSI_INVENTORY,Mizoram,,Slide,Rainfall and Anthropogenic,point_07633
23.41285,93.33833,GSI_INVENTORY,Mizoram,,Slide,Rainfall and Anthropogenic,point_07634
23.41022,93.3439,GSI_INVENTORY,Mizoram,,Slide,Rainfall and Anthropogenic,point_07635
23.41142,93.34336,GSI_INVENTORY,Mizoram,,Slide,Rainfall and Anthropogenic,point_07636
23.43164,93.33925,GSI_INVENTORY,Mizoram,,Slide,Rainfall and Anthropogenic,point_07637
23.42806,93.33918,GSI_INVENTORY,Mizoram,,Slide,Rainfall,point_07638
23.42761,93.33686,GSI_INVENTORY,Mizoram,,Slide,Rainfall and Anthropogenic,point_07639
23.42771,93.33564,GSI_INVENTORY,Mizoram,,Slide,Rainfall and Anthropogenic,point_07640
23.42742,93.33554,GSI_INVENTORY,Mizoram,,Slide,Anthropogenic,point_07641
23.45537,93.36228,GSI_INVENTORY,Mizoram,,Slide,Rainfall,point_07642
23.39674,93.36824,GSI_INVENTORY,Mizoram,,Slide,Rainfall and Anthropogenic,point_07643
23.39516,93.37434,GSI_INVENTORY,Mizoram,,Slide,Rainfall and Anthropogenic,point_07644
23.39433,93.37486,GSI_INVENTORY,Mizoram,,Slide,Rainfall and Anthropogenic,point_07645
23.3926,93.37586,GSI_INVENTORY,Mizoram,,Fall,Rainfall and Anthropogenic,point_07646
23.39198,93.37608,GSI_INVENTORY,Mizoram,,Slide,Rainfall and Anthropogenic,point_07647
23.39135,93.37636,GSI_INVENTORY,Mizoram,,Fall,Rainfall and Anthropogenic,point_07648
23.39547,93.37046,GSI_INVENTORY,Mizoram,,Slide,Rainfall and Anthropogenic,point_07649
23.39538,93.36943,GSI_INVENTORY,Mizoram,,Slide,Rainfall and Anthropogenic,point_07650
23.40555,93.36055,GSI_INVENTORY,Mizoram,,Slide,Rainfall and Anthropogenic,point_07651
23.40853,93.36128,GSI_INVENTORY,Mizoram,,Slide,Rainfall and Anthropogenic,point_07652
23.40624,93.35605,GSI_INVENTORY,Mizoram,,Slide,Rainfall and Anthropogenic,point_07653
23.36545,93.37791,GSI_INVENTORY,Mizoram,,Fall,Rainfall and Anthropogenic,point_07654
23.36633,93.38003,GSI_INVENTORY,Mizoram,,Slide,Rainfall and Anthropogenic,point_07655
23.36669,93.38014,GSI_INVENTORY,Mizoram,,Fall,Rainfall and Anthropogenic,point_07656
23.36836,93.37967,GSI_INVENTORY,Mizoram,,Slide,Rainfall and Anthropogenic,point_07657
23.36839,93.38063,GSI_INVENTORY,Mizoram,,Slide,Rainfall and Anthropogenic,point_07658
23.38242,93.38494,GSI_INVENTORY,Mizoram,,Slide,Rainfall and Anthropogenic,point_07659
23.37947,93.38556,GSI_INVENTORY,Mizoram,,Slide,Rainfall and Anthropogenic,point_07660
23.37981,93.38481,GSI_INVENTORY,Mizoram,,Slide,Rainfall and Anthropogenic,point_07661
23.37563,93.3845,GSI_INVENTORY,Mizoram,,Slide,Rainfall and Anthropogenic,point_07662
23.37647,93.38478,GSI_INVENTORY,Mizoram,,Slide,Rainfall and Anthropogenic,point_07663
23.37385,93.38306,GSI_INVENTORY,Mizoram,,Slide,Rainfall and Anthropogenic,point_07664
23.37973,93.38357,GSI_INVENTORY,Mizoram,,Slide,Rainfall and Anthropogenic,point_07665
23.39473,93.38127,GSI_INVENTORY,Mizoram,,Slide,Rainfall and Anthropogenic,point_07666
23.39319,93.37892,GSI_INVENTORY,Mizoram,,Slide,Rainfall and Anthropogenic,point_07667
23.39786,93.3845,GSI_INVENTORY,Mizoram,,Slide,Rainfall and Anthropogenic,point_07668
23.39742,93.38572,GSI_INVENTORY,Mizoram,,Slide,Rainfall and Anthropogenic,point_07669
23.54193,93.38238,GSI_INVENTORY,Mizoram,,Slide,Anthropogenic,point_07670
23.54046,93.37905,GSI_INVENTORY,Mizoram,,Slide,"Rainfall, Anthropogenic",point_07671
23.54663,93.38106,GSI_INVENTORY,Mizoram,,Slide,Anthropogenic,point_07672
23.54294,93.38477,GSI_INVENTORY,Mizoram,,Slide,Anthropogenic,point_07673
23.51215,93.35916,GSI_INVENTORY,Mizoram,,Slide,Anthropogenic,point_07674
23.51816,93.36696,GSI_INVENTORY,Mizoram,,Slide,Anthropogenic,point_07675
23.51448,93.36998,GSI_INVENTORY,Mizoram,,Slide,Anthropogenic,point_07676
23.5087,93.36083,GSI_INVENTORY,Mizoram,,Slide,Anthropogenic,point_07677
23.51028,93.36033,GSI_INVENTORY,Mizoram,,Slide,Rainfall,point_07678
23.47699,93.37721,GSI_INVENTORY,Mizoram,,Slide, ,point_07679
23.4907,93.33685,GSI_INVENTORY,Mizoram,,Slide,Rainfall and Anthropogenic,point_07680
23.49889,93.31189,GSI_INVENTORY,Mizoram,,Slide,Rainfall and Anthropogenic,point_07681
23.49635,93.31045,GSI_INVENTORY,Mizoram,,Slide,Rainfall,point_07682
23.47447,93.32267,GSI_INVENTORY,Mizoram,,Slide,Rainfall,point_07683
23.46111,93.32047,GSI_INVENTORY,Mizoram,,Slide,Rainfall,point_07684
23.46983,93.31489,GSI_INVENTORY,Mizoram,,Slide,Rainfall and Anthropogenic,point_07685
23.46701,93.31511,GSI_INVENTORY,Mizoram,,Slide,Rainfall and Anthropogenic,point_07686
23.46267,93.31747,GSI_INVENTORY,Mizoram,,Slide,Rainfall and Anthropogenic,point_07687
23.46614,93.31278,GSI_INVENTORY,Mizoram,,Slide,Rainfall,point_07688
23.46695,93.31183,GSI_INVENTORY,Mizoram,,Slide,Anthropogenic,point_07689
23.46771,93.31302,GSI_INVENTORY,Mizoram,,Slide,Rainfall and Anthropogenic,point_07690
23.47781,93.31011,GSI_INVENTORY,Mizoram,,Slide,Rainfall and Anthropogenic,point_07691
23.47856,93.31172,GSI_INVENTORY,Mizoram,,Slide,Rainfall,point_07692
23.47552,93.31398,GSI_INVENTORY,Mizoram,,Slide,Anthropogenic,point_07693
23.47366,93.31284,GSI_INVENTORY,Mizoram,,Slide,Rainfall and Anthropogenic,point_07694
23.47464,93.31417,GSI_INVENTORY,Mizoram,,Slide,Anthropogenic,point_07695
23.48232,93.31005,GSI_INVENTORY,Mizoram,,Slide,Rainfall,point_07696
23.46836,93.30422,GSI_INVENTORY,Mizoram,,Slide,Rainfall and Anthropogenic,point_07697
23.47092,93.29642,GSI_INVENTORY,Mizoram,,Slide,Rainfall,point_07698
23.55593,93.29567,GSI_INVENTORY,Mizoram,,Slide,Rainfall,point_07699
23.48464,93.27822,GSI_INVENTORY,Mizoram,,Fall,Rainfall,point_07700
23.48519,93.27424,GSI_INVENTORY,Mizoram,,Slide,Rainfall,point_07701
23.46839,93.27075,GSI_INVENTORY,Mizoram,,Slide,Rainfall,point_07702
23.46851,93.27079,GSI_INVENTORY,Mizoram,,Slide,Rainfall,point_07703
23.46925,93.27314,GSI_INVENTORY,Mizoram,,Slide,Rainfall,point_07704
23.46243,93.26226,GSI_INVENTORY,Mizoram,,Slide,Rainfall,point_07705
23.47033,93.26728,GSI_INVENTORY,Mizoram,,Slide,Rainfall,point_07706
23.46762,93.25087,GSI_INVENTORY,Mizoram,,Slide,Rainfall,point_07707
23.46971,93.24887,GSI_INVENTORY,Mizoram,,Slide,Rainfall,point_07708
23.47189,93.24633,GSI_INVENTORY,Mizoram,,Slide, ,point_07709
23.47072,93.24664,GSI_INVENTORY,Mizoram,,Slide,Anthropogenic,point_07710
23.47378,93.23919,GSI_INVENTORY,Mizoram,,Slide, ,point_07711
23.47514,93.24103,GSI_INVENTORY,Mizoram,,Slide, ,point_07712
23.47453,93.24161,GSI_INVENTORY,Mizoram,,Slide,Rainfall and Anthropogenic,point_07713
23.47326,93.24187,GSI_INVENTORY,Mizoram,,Slide,Rainfall and Anthropogenic,point_07714
23.47361,93.24307,GSI_INVENTORY,Mizoram,,Slide,Rainfall and Anthropogenic,point_07715
23.47483,93.229,GSI_INVENTORY,Mizoram,,Slide,Rainfall and Anthropogenic,point_07716
23.47419,93.22967,GSI_INVENTORY,Mizoram,,Slide, ,point_07717
23.47778,93.23633,GSI_INVENTORY,Mizoram,,Slide, ,point_07718
23.47781,93.23661,GSI_INVENTORY,Mizoram,,Slide, ,point_07719
23.47669,93.23856,GSI_INVENTORY,Mizoram,,Slide, ,point_07720
23.47336,93.22217,GSI_INVENTORY,Mizoram,,Slide,Rainfall and Anthropogenic,point_07721
23.47406,93.22589,GSI_INVENTORY,Mizoram,,Slide,Rainfall and Anthropogenic,point_07722
23.47967,93.22572,GSI_INVENTORY,Mizoram,,Slide, ,point_07723
23.48188,93.21483,GSI_INVENTORY,Mizoram,,Slide, ,point_07724
23.48375,93.21261,GSI_INVENTORY,Mizoram,,Slide, ,point_07725
23.46108,93.20528,GSI_INVENTORY,Mizoram,,Slide,Rainfall and Anthropogenic,point_07726
23.48731,93.19278,GSI_INVENTORY,Mizoram,,Slide,Rainfall,point_07727
23.48781,93.20758,GSI_INVENTORY,Mizoram,,Slide,Rainfall and Anthropogenic,point_07728
23.5008,93.20157,GSI_INVENTORY,Mizoram,,Slide,"Rainfall, Anthropogenic",point_07729
23.54389,93.23264,GSI_INVENTORY,Mizoram,,Slide,"Rainfall, Anthropogenic",point_07730
23.55097,93.21569,GSI_INVENTORY,Mizoram,,Slide,"Rainfall, Anthropogenic",point_07731
23.53431,93.16848,GSI_INVENTORY,Mizoram,,Slide,"Rainfall, Anthropogenic",point_07732
23.54605,93.14773,GSI_INVENTORY,Mizoram,,Slide,"Rainfall, Anthropogenic",point_07733
23.5429,93.15621,GSI_INVENTORY,Mizoram,,Slide,"Rainfall, Anthropogenic",point_07734
23.53749,93.15918,GSI_INVENTORY,Mizoram,,Slide,"Rainfall, Anthropogenic",point_07735
23.53854,93.15825,GSI_INVENTORY,Mizoram,,Slide,Anthropogenic,point_07736
23.53708,93.16168,GSI_INVENTORY,Mizoram,,Fall,Anthropogenic,point_07737
23.5458,93.13691,GSI_INVENTORY,Mizoram,,Slide,"Rainfall, Anthropogenic",point_07738
23.54817,93.13159,GSI_INVENTORY,Mizoram,,Slide,"Rainfall, Anthropogenic",point_07739
23.43092,93.17189,GSI_INVENTORY,Mizoram,,Slide,Rainfall,point_07740
23.42918,93.17117,GSI_INVENTORY,Mizoram,,Slide,Rainfall and Anthropogenic,point_07741
23.42258,93.166,GSI_INVENTORY,Mizoram,,Slide,Rainfall and Anthropogenic,point_07742
23.42397,93.16594,GSI_INVENTORY,Mizoram,,Slide,Rainfall and Anthropogenic,point_07743
23.42558,93.16828,GSI_INVENTORY,Mizoram,,Slide,Rainfall,point_07744
23.42425,93.16878,GSI_INVENTORY,Mizoram,,Slide,Rainfall,point_07745
23.42442,93.16731,GSI_INVENTORY,Mizoram,,Slide,Rainfall and Anthropogenic,point_07746
23.41881,93.16301,GSI_INVENTORY,Mizoram,,Slide,Rainfall,point_07747
23.41194,93.15484,GSI_INVENTORY,Mizoram,,Slide, ,point_07748
23.41411,93.13627,GSI_INVENTORY,Mizoram,,Slide,Rainfall,point_07749
23.38422,93.14553,GSI_INVENTORY,Mizoram,,Slide,Rainfall,point_07750
23.38378,93.11597,GSI_INVENTORY,Mizoram,,Slide,Anthropogenic,point_07751
23.37492,93.1185,GSI_INVENTORY,Mizoram,,Slide,Rainfall,point_07752
23.38269,93.116,GSI_INVENTORY,Mizoram,,Slide,Rainfall,point_07753
23.38117,93.11292,GSI_INVENTORY,Mizoram,,Slide, ,point_07754
23.37017,93.12044,GSI_INVENTORY,Mizoram,,Slide,Rainfall,point_07755
23.38081,93.12892,GSI_INVENTORY,Mizoram,,Slide,Rainfall and Anthropogenic,point_07756
23.38075,93.13075,GSI_INVENTORY,Mizoram,,Slide,Anthropogenic,point_07757
23.38719,93.14781,GSI_INVENTORY,Mizoram,,Slide,Rainfall,point_07758
23.37857,93.21884,GSI_INVENTORY,Mizoram,,Slide,Anthropogenic,point_07759
23.44908,93.20622,GSI_INVENTORY,Mizoram,,Slide,Rainfall and Anthropogenic,point_07760
23.44828,93.20747,GSI_INVENTORY,Mizoram,,Slide,Rainfall,point_07761
23.44833,93.20989,GSI_INVENTORY,Mizoram,,Slide,Rainfall,point_07762
23.43914,93.22258,GSI_INVENTORY,Mizoram,,Slide,Rainfall,point_07763
23.44208,93.22347,GSI_INVENTORY,Mizoram,,Slide,Rainfall,point_07764
23.44508,93.22389,GSI_INVENTORY,Mizoram,,Slide,Rainfall,point_07765
23.44764,93.22361,GSI_INVENTORY,Mizoram,,Slide,Rainfall,point_07766
23.45854,93.26055,GSI_INVENTORY,Mizoram,,Slide,Rainfall,point_07767
23.45492,93.26014,GSI_INVENTORY,Mizoram,,Slide,Rainfall and Anthropogenic,point_07768
23.45339,93.2615,GSI_INVENTORY,Mizoram,,Slide,Rainfall,point_07769
23.45197,93.25969,GSI_INVENTORY,Mizoram,,Slide,Rainfall and Anthropogenic,point_07770
23.45797,93.26327,GSI_INVENTORY,Mizoram,,Slide,Rainfall,point_07771
23.45878,93.26322,GSI_INVENTORY,Mizoram,,Slide,Rainfall,point_07772
23.38858,93.2446,GSI_INVENTORY,Mizoram,,Slide, ,point_07773
23.27967,93.23292,GSI_INVENTORY,Mizoram,,Slide,Rainfall,point_07774
23.20789,93.25592,GSI_INVENTORY,Mizoram,,Slide,Rainfall and Anthropogenic,point_07775
23.21475,93.26114,GSI_INVENTORY,Mizoram,,Slide,Rainfall and Anthropogenic,point_07776
23.20753,93.25886,GSI_INVENTORY,Mizoram,,Fall,Rainfall and Anthropogenic,point_07777
23.20814,93.25739,GSI_INVENTORY,Mizoram,,Slide,Rainfall and Anthropogenic,point_07778
23.16353,93.28106,GSI_INVENTORY,Mizoram,,Slide,Rainfall,point_07779
23.16316,93.28082,GSI_INVENTORY,Mizoram,,Slide,Rainfall and Anthropogenic,point_07780
23.15767,93.27972,GSI_INVENTORY,Mizoram,,Slide,Rainfall and Anthropogenic,point_07781
23.16189,93.2775,GSI_INVENTORY,Mizoram,,Slide,Rainfall,point_07782
23.16451,93.27043,GSI_INVENTORY,Mizoram,,Slide,Rainfall and Anthropogenic,point_07783
23.18242,93.2465,GSI_INVENTORY,Mizoram,,Slide,Rainfall and anthropogenic,point_07784
23.18358,93.23503,GSI_INVENTORY,Mizoram,,Fall,Anthropogenic,point_07785
23.18142,93.19759,GSI_INVENTORY,Mizoram,,Slide,Anthropogenic,point_07786
23.25426,93.23813,GSI_INVENTORY,Mizoram,,Slide,Rainfall,point_07787
23.1687,93.10802,GSI_INVENTORY,Mizoram,,Slide,Rainfall and anthropogenic,point_07788
23.34039,93.10231,GSI_INVENTORY,Mizoram,,Fall, ,point_07789
23.34072,93.08108,GSI_INVENTORY,Mizoram,,Slide,Rainfall,point_07790
23.34119,93.08039,GSI_INVENTORY,Mizoram,,Slide,Rainfall,point_07791
23.3305,93.09681,GSI_INVENTORY,Mizoram,,Slide,Rainfall,point_07792
23.33101,93.09141,GSI_INVENTORY,Mizoram,,Slide,Rainfall,point_07793
23.32503,93.09233,GSI_INVENTORY,Mizoram,,Slide,Anthropogenic,point_07794
23.32299,93.09215,GSI_INVENTORY,Mizoram,,Slide,Rainfall,point_07795
23.32215,93.06615,GSI_INVENTORY,Mizoram,,Slide, ,point_07796
23.33639,93.07472,GSI_INVENTORY,Mizoram,,Slide,Rainfall,point_07797
23.33695,93.07526,GSI_INVENTORY,Mizoram,,Slide,Rainfall,point_07798
23.33752,93.07626,GSI_INVENTORY,Mizoram,,Slide, ,point_07799
23.29907,93.05707,GSI_INVENTORY,Mizoram,,Slide,Rainfall,point_07800
23.29642,93.09581,GSI_INVENTORY,Mizoram,,Slide,Rainfall,point_07801
23.24454,93.09953,GSI_INVENTORY,Mizoram,,Slide,Anthropogenic,point_07802
23.17225,93.05805,GSI_INVENTORY,Mizoram,,Slide,Rainfall and anthropogenic,point_07803
23.18267,93.02614,GSI_INVENTORY,Mizoram,,Slide,Rainfall and anthropogenic,point_07804
23.19775,93.00781,GSI_INVENTORY,Mizoram,,Slide,Rainfall and anthropogenic,point_07805
23.22176,92.97501,GSI_INVENTORY,Mizoram,,Slide,Rainfall,point_07806
23.19988,93.00705,GSI_INVENTORY,Mizoram,,Slide,Rainfall and anthropogenic,point_07807
23.17657,92.9798,GSI_INVENTORY,Mizoram,,Slide,Rainfall,point_07808
23.22836,92.91683,GSI_INVENTORY,Mizoram,,Slide,Rainfall,point_07809
23.23,92.91972,GSI_INVENTORY,Mizoram,,Slide,Rainfall,point_07810
23.2276,92.92316,GSI_INVENTORY,Mizoram,,Slide,Rainfall,point_07811
23.22305,92.93111,GSI_INVENTORY,Mizoram,,Slide,Rainfall,point_07812
23.22278,92.92778,GSI_INVENTORY,Mizoram,,Slide,Rainfall,point_07813
23.22356,92.92672,GSI_INVENTORY,Mizoram,,Slide,Rainfall,point_07814
23.22396,92.9364,GSI_INVENTORY,Mizoram,,Slide,Rainfall,point_07815
23.21271,92.93077,GSI_INVENTORY,Mizoram,,Slide,Rainfall,point_07816
23.21722,92.94968,GSI_INVENTORY,Mizoram,,Slide,Rainfall,point_07817
23.21685,92.95548,GSI_INVENTORY,Mizoram,,Slide,Rainfall,point_07818
23.22285,92.94154,GSI_INVENTORY,Mizoram,,Slide,Rainfall,point_07819
23.22278,92.94361,GSI_INVENTORY,Mizoram,,Slide,Rainfall,point_07820
23.22293,92.94084,GSI_INVENTORY,Mizoram,,Slide,Rainfall,point_07821
23.22265,92.94027,GSI_INVENTORY,Mizoram,,Slide,Rainfall,point_07822
23.38733,92.9334,GSI_INVENTORY,Mizoram,,Slide,Rainfall,point_07823
23.45703,93.00672,GSI_INVENTORY,Mizoram,,Slide,Rainfall and Anthropogenic,point_07824
23.45128,93.00294,GSI_INVENTORY,Mizoram,,Slide,Rainfall and Anthropogenic,point_07825
23.45974,93.04448,GSI_INVENTORY,Mizoram,,Slide, ,point_07826
23.45769,93.04118,GSI_INVENTORY,Mizoram,,Slide, ,point_07827
23.45708,93.00764,GSI_INVENTORY,Mizoram,,Slide, ,point_07828
23.46025,93.01125,GSI_INVENTORY,Mizoram,,Slide, ,point_07829
23.46125,93.01286,GSI_INVENTORY,Mizoram,,Slide,Rainfall and Anthropogenic,point_07830
23.46376,93.01832,GSI_INVENTORY,Mizoram,,Slide,Rainfall and Anthropogenic,point_07831
23.46322,93.01569,GSI_INVENTORY,Mizoram,,Slide,Rainfall and Anthropogenic,point_07832
23.46217,93.01432,GSI_INVENTORY,Mizoram,,Slide,Rainfall and Anthropogenic,point_07833
23.47014,93.02594,GSI_INVENTORY,Mizoram,,Slide,Rainfall and Anthropogenic,point_07834
23.47024,93.02541,GSI_INVENTORY,Mizoram,,Slide,Rainfall and Anthropogenic,point_07835
23.48055,93.04058,GSI_INVENTORY,Mizoram,,Slide,Rainfall and Anthropogenic,point_07836
23.46292,93.04575,GSI_INVENTORY,Mizoram,,Slide,Anthropogenic,point_07837
23.51763,93.0757,GSI_INVENTORY,Mizoram,,Slide,Rainfall,point_07838
23.51344,93.07405,GSI_INVENTORY,Mizoram,,Slide,"Rainfall, Anthropogenic",point_07839
23.54813,93.07751,GSI_INVENTORY,Mizoram,,Slide,"Rainfall, Anthropogenic",point_07840
23.55556,93.07246,GSI_INVENTORY,Mizoram,,Slide,Rainfall,point_07841
23.61061,92.97772,GSI_INVENTORY,Mizoram,,Slide,Rainfall,point_07842
23.62619,92.96211,GSI_INVENTORY,Mizoram,,Slide,Rainfall,point_07843
23.6445,92.99019,GSI_INVENTORY,Mizoram,,Slide,Rainfall,point_07844
23.65456,92.96506,GSI_INVENTORY,Mizoram,,Slide,Rainfall,point_07845
23.65656,92.96461,GSI_INVENTORY,Mizoram,,Slide,Rainfall,point_07846
23.65894,92.96406,GSI_INVENTORY,Mizoram,,Slide,Rainfall,point_07847
23.65744,92.96389,GSI_INVENTORY,Mizoram,,Slide,Rainfall,point_07848
23.65542,92.95717,GSI_INVENTORY,Mizoram,,Slide,Rainfall,point_07849
23.65436,92.93239,GSI_INVENTORY,Mizoram,,Slide,Rainfall,point_07850
23.72083,92.978,GSI_INVENTORY,Mizoram,,Slide,Rainfall,point_07851
23.74031,92.96539,GSI_INVENTORY,Mizoram,,Slide,Rainfall,point_07852
23.74425,92.96847,GSI_INVENTORY,Mizoram,,Slide,Rainfall,point_07853
23.70486,92.98575,GSI_INVENTORY,Mizoram,,Slide,Rainfall,point_07854
23.70206,92.99322,GSI_INVENTORY,Mizoram,,Slide,Rainfall,point_07855
23.67039,92.96442,GSI_INVENTORY,Mizoram,,Slide,Rainfall,point_07856
23.66581,92.96956,GSI_INVENTORY,Mizoram,,Slide,Rainfall,point_07857
23.66636,92.97597,GSI_INVENTORY,Mizoram,,Slide,Rainfall,point_07858
23.66736,92.978,GSI_INVENTORY,Mizoram,,Slide,Rainfall,point_07859
23.68121,93.01993,GSI_INVENTORY,Mizoram,,Slide,"Rainfall, Anthropogenic",point_07860
23.68579,93.01987,GSI_INVENTORY,Mizoram,,Slide,"Rainfall, Anthropogenic",point_07861
23.6856,93.0284,GSI_INVENTORY,Mizoram,,Slide,"Rainfall, Anthropogenic",point_07862
23.68155,93.03011,GSI_INVENTORY,Mizoram,,Slide,"Rainfall, Anthropogenic",point_07863
23.67514,93.02355,GSI_INVENTORY,Mizoram,,Slide,"Rainfall, Anthropogenic",point_07864
23.66958,93.02425,GSI_INVENTORY,Mizoram,,Slide,"Rainfall, Anthropogenic",point_07865
23.69698,93.04183,GSI_INVENTORY,Mizoram,,Slide,Rainfall,point_07866
23.69509,93.04143,GSI_INVENTORY,Mizoram,,Slide,"Rainfall, Anthropogenic",point_07867
23.68928,93.03904,GSI_INVENTORY,Mizoram,,Slide,Rainfall,point_07868
23.70838,93.05326,GSI_INVENTORY,Mizoram,,Slide,"Rainfall, Anthropogenic",point_07869
23.70526,93.0089,GSI_INVENTORY,Mizoram,,Slide,Anthropogenic,point_07870
23.75014,93.09817,GSI_INVENTORY,Mizoram,,Slide,Rainfall,point_07871
23.7498,93.09923,GSI_INVENTORY,Mizoram,,Slide,"Rainfall, Anthropogenic",point_07872
23.74275,93.09456,GSI_INVENTORY,Mizoram,,Slide,"Rainfall, Anthropogenic",point_07873
23.73443,93.08625,GSI_INVENTORY,Mizoram,,Slide,Anthropogenic,point_07874
23.70851,93.05583,GSI_INVENTORY,Mizoram,,Slide,Anthropogenic,point_07875
23.71052,93.0584,GSI_INVENTORY,Mizoram,,Slide,Anthropogenic,point_07876
23.68471,93.08828,GSI_INVENTORY,Mizoram,,Slide,"Rainfall, Anthropogenic",point_07877
23.67797,93.08797,GSI_INVENTORY,Mizoram,,Slide,Rainfall,point_07878
23.65719,93.08717,GSI_INVENTORY,Mizoram,,Slide,Rainfall,point_07879
23.64069,93.08494,GSI_INVENTORY,Mizoram,,Slide,"Rainfall, Anthropogenic",point_07880
23.64119,93.08593,GSI_INVENTORY,Mizoram,,Slide,"Rainfall, Anthropogenic",point_07881
23.62955,93.07747,GSI_INVENTORY,Mizoram,,Slide,Anthropogenic,point_07882
23.63091,93.07972,GSI_INVENTORY,Mizoram,,Slide,Anthropogenic,point_07883
23.6367,93.08318,GSI_INVENTORY,Mizoram,,Slide,"Rainfall, Anthropogenic",point_07884
23.63797,93.07883,GSI_INVENTORY,Mizoram,,Slide,Anthropogenic,point_07885
23.63573,93.07666,GSI_INVENTORY,Mizoram,,Slide,Anthropogenic,point_07886
23.6377,93.0663,GSI_INVENTORY,Mizoram,,Slide,"Rainfall, Anthropogenic",point_07887
23.63512,93.06529,GSI_INVENTORY,Mizoram,,Slide,"Rainfall, Anthropogenic",point_07888
23.63927,93.06624,GSI_INVENTORY,Mizoram,,Slide,"Rainfall, Anthropogenic",point_07889
23.64447,93.0683,GSI_INVENTORY,Mizoram,,Slide,"Rainfall, Anthropogenic",point_07890
23.64496,93.07636,GSI_INVENTORY,Mizoram,,Slide,"Rainfall, Anthropogenic",point_07891
23.64685,93.06878,GSI_INVENTORY,Mizoram,,Slide,"Rainfall, Anthropogenic",point_07892
23.64759,93.06822,GSI_INVENTORY,Mizoram,,Slide,"Rainfall, Anthropogenic",point_07893
23.63948,93.03219,GSI_INVENTORY,Mizoram,,Slide,"Rainfall, Anthropogenic",point_07894
23.65093,93.0307,GSI_INVENTORY,Mizoram,,Slide,Anthropogenic,point_07895
23.657,93.02801,GSI_INVENTORY,Mizoram,,Slide,"Rainfall, Anthropogenic",point_07896
23.65381,93.02993,GSI_INVENTORY,Mizoram,,Slide,Anthropogenic,point_07897
23.66335,93.0233,GSI_INVENTORY,Mizoram,,Slide,"Rainfall, Anthropogenic",point_07898
23.61723,93.04219,GSI_INVENTORY,Mizoram,,Slide,"Rainfall, Anthropogenic",point_07899
23.62674,93.03363,GSI_INVENTORY,Mizoram,,Slide,Rainfall,point_07900
23.63196,93.03397,GSI_INVENTORY,Mizoram,,Slide,"Rainfall, Anthropogenic",point_07901
23.63341,93.0336,GSI_INVENTORY,Mizoram,,Slide,Anthropogenic,point_07902
23.63359,93.04867,GSI_INVENTORY,Mizoram,,Flow,Anthropogenic,point_07903
23.5706,93.07382,GSI_INVENTORY,Mizoram,,Slide,"Rainfall, Anthropogenic",point_07904
23.57373,93.07531,GSI_INVENTORY,Mizoram,,Slide,"Rainfall, Anthropogenic",point_07905
23.60654,93.08748,GSI_INVENTORY,Mizoram,,Slide,"Rainfall, Anthropogenic",point_07906
23.60561,93.08682,GSI_INVENTORY,Mizoram,,Slide,Anthropogenic,point_07907
23.6024,93.08422,GSI_INVENTORY,Mizoram,,Slide,"Rainfall, Anthropogenic",point_07908
23.60381,93.09233,GSI_INVENTORY,Mizoram,,Slide,Rainfall (strong winds),point_07909
23.60712,93.08878,GSI_INVENTORY,Mizoram,,Slide,Anthropogenic,point_07910
23.60753,93.09264,GSI_INVENTORY,Mizoram,,Slide,Rainfall,point_07911
23.5974,93.09413,GSI_INVENTORY,Mizoram,,Slide,"Rainfall, Anthropogenic",point_07912
23.58357,93.09659,GSI_INVENTORY,Mizoram,,Fall,"Rainfall, Anthropogenic",point_07913
23.56952,93.10052,GSI_INVENTORY,Mizoram,,Slide,"Rainfall, Anthropogenic",point_07914
23.57305,93.10272,GSI_INVENTORY,Mizoram,,Slide,"Rainfall, Anthropogenic",point_07915
23.57735,93.10287,GSI_INVENTORY,Mizoram,,Slide,Rainfall,point_07916
23.58658,93.10249,GSI_INVENTORY,Mizoram,,Slide,Anthropogenic,point_07917
23.56328,93.12057,GSI_INVENTORY,Mizoram,,Slide,Anthropogenic,point_07918
23.60813,93.20102,GSI_INVENTORY,Mizoram,,Slide,"Rainfall, Anthropogenic",point_07919
23.61231,93.19894,GSI_INVENTORY,Mizoram,,Slide,"Rainfall, Anthropogenic",point_07920
23.60586,93.20387,GSI_INVENTORY,Mizoram,,Slide,"Rainfall, Anthropogenic",point_07921
23.60386,93.20431,GSI_INVENTORY,Mizoram,,Slide,"Rainfall, Anthropogenic",point_07922
23.59792,93.20736,GSI_INVENTORY,Mizoram,,Slide,Anthropogenic,point_07923
23.68703,93.20311,GSI_INVENTORY,Mizoram,,Slide,"Rainfall, Anthropogenic",point_07924
23.7057,93.19007,GSI_INVENTORY,Mizoram,,Slide,"Rainfall, Anthropogenic",point_07925
23.70713,93.18718,GSI_INVENTORY,Mizoram,,Slide,"Rainfall, Anthropogenic",point_07926
23.70157,93.17773,GSI_INVENTORY,Mizoram,,Slide,"Rainfall, Anthropogenic",point_07927
23.69433,93.18333,GSI_INVENTORY,Mizoram,,Slide,"Rainfall, Anthropogenic",point_07928
23.70105,93.19091,GSI_INVENTORY,Mizoram,,Slide,"Rainfall, Anthropogenic",point_07929
23.69159,93.19007,GSI_INVENTORY,Mizoram,,Slide,"Rainfall, Anthropogenic",point_07930
23.68926,93.19217,GSI_INVENTORY,Mizoram,,Slide,"Rainfall, Anthropogenic",point_07931
23.78225,93.11616,GSI_INVENTORY,Mizoram,,Slide,Rainfall,point_07932
23.77755,93.11247,GSI_INVENTORY,Mizoram,,Slide,Rainfall,point_07933
23.79917,93.13292,GSI_INVENTORY,Mizoram,,Slide,Rainfall,point_07934
23.79275,93.11694,GSI_INVENTORY,Mizoram,,Slide,Rainfall,point_07935
23.85075,93.11561,GSI_INVENTORY,Mizoram,,Slide,Rainfall,point_07936
23.85333,93.12458,GSI_INVENTORY,Mizoram,,Slide,Rainfall,point_07937
23.84892,93.13531,GSI_INVENTORY,Mizoram,,Slide,Rainfall,point_07938
23.85172,93.18677,GSI_INVENTORY,Mizoram,,Slide,Rainfall,point_07939
23.84461,93.19028,GSI_INVENTORY,Mizoram,,Slide,Rainfall,point_07940
23.79128,93.15639,GSI_INVENTORY,Mizoram,,Slide,Rainfall,point_07941
23.80056,93.15889,GSI_INVENTORY,Mizoram,,Slide,Rainfall,point_07942
23.80308,93.15923,GSI_INVENTORY,Mizoram,,Slide,Rainfall,point_07943
23.80306,93.16016,GSI_INVENTORY,Mizoram,,Slide,Rainfall,point_07944
23.79861,93.16378,GSI_INVENTORY,Mizoram,,Slide,Rainfall,point_07945
23.801,93.16636,GSI_INVENTORY,Mizoram,,Slide,Rainfall,point_07946
23.80105,93.16876,GSI_INVENTORY,Mizoram,,Slide,Rainfall,point_07947
23.78594,93.15414,GSI_INVENTORY,Mizoram,,Slide,Rainfall,point_07948
23.78225,93.14887,GSI_INVENTORY,Mizoram,,Slide,Rainfall,point_07949
23.78014,93.15292,GSI_INVENTORY,Mizoram,,Slide,Rainfall,point_07950
23.86614,93.22281,GSI_INVENTORY,Mizoram,,Slide,Rainfall,point_07951
23.86728,93.20564,GSI_INVENTORY,Mizoram,,Slide,Rainfall,point_07952
23.86342,93.20128,GSI_INVENTORY,Mizoram,,Slide,Rainfall,point_07953
23.86264,93.20403,GSI_INVENTORY,Mizoram,,Slide,Rainfall,point_07954
23.86036,93.2038,GSI_INVENTORY,Mizoram,,Slide,Rainfall,point_07955
23.86017,93.19478,GSI_INVENTORY,Mizoram,,Slide,Rainfall,point_07956
23.87045,93.20861,GSI_INVENTORY,Mizoram,,Slide,Rainfall,point_07957
23.87057,93.21515,GSI_INVENTORY,Mizoram,,Slide,Rainfall,point_07958
23.87517,93.21302,GSI_INVENTORY,Mizoram,,Slide,Rainfall,point_07959
23.88528,93.20773,GSI_INVENTORY,Mizoram,,Flow,Rainfall,point_07960
23.88408,93.20991,GSI_INVENTORY,Mizoram,,Slide,Rainfall,point_07961
23.88672,93.20028,GSI_INVENTORY,Mizoram,,Slide,Rainfall,point_07962
23.88519,93.20233,GSI_INVENTORY,Mizoram,,Slide, ,point_07963
23.88164,93.23464,GSI_INVENTORY,Mizoram,,Slide,Rainfall,point_07964
23.86828,93.22256,GSI_INVENTORY,Mizoram,,Slide,Rainfall,point_07965
23.87406,93.24447,GSI_INVENTORY,Mizoram,,Slide,Rainfall,point_07966
23.88139,93.24303,GSI_INVENTORY,Mizoram,,Slide,Rainfall,point_07967
23.88394,93.24753,GSI_INVENTORY,Mizoram,,Slide,Rainfall,point_07968
23.88106,93.2458,GSI_INVENTORY,Mizoram,,Slide,Rainfall,point_07969
23.88239,93.24895,GSI_INVENTORY,Mizoram,,Slide,Rainfall,point_07970
23.88197,93.25097,GSI_INVENTORY,Mizoram,,Slide,Rainfall,point_07971
23.88136,93.25703,GSI_INVENTORY,Mizoram,,Slide, ,point_07972
23.87614,93.26045,GSI_INVENTORY,Mizoram,,Slide,Rainfall,point_07973
23.87781,93.26761,GSI_INVENTORY,Mizoram,,Fall,Anthropogenic,point_07974
23.89069,93.27502,GSI_INVENTORY,Mizoram,,Slide,Rainfall,point_07975
23.90164,93.27864,GSI_INVENTORY,Mizoram,,Slide, ,point_07976
23.95028,93.21706,GSI_INVENTORY,Mizoram,,Slide,Rainfall,point_07977
23.94272,93.21353,GSI_INVENTORY,Mizoram,,Slide, ,point_07978
23.93858,93.214,GSI_INVENTORY,Mizoram,,Slide, ,point_07979
23.91428,93.17886,GSI_INVENTORY,Mizoram,,Slide,Rainfall,point_07980
23.90881,93.17739,GSI_INVENTORY,Mizoram,,Slide,Rainfall,point_07981
23.91011,93.17719,GSI_INVENTORY,Mizoram,,Slide,Anthropogenic,point_07982
23.90881,93.18083,GSI_INVENTORY,Mizoram,,Slide,Rainfall,point_07983
23.90503,93.18578,GSI_INVENTORY,Mizoram,,Slide, ,point_07984
23.93803,93.12128,GSI_INVENTORY,Mizoram,,Slide,Rainfall,point_07985
23.93633,93.11886,GSI_INVENTORY,Mizoram,,Slide,Rainfall,point_07986
23.9502,93.12506,GSI_INVENTORY,Mizoram,,Slide,Rainfall,point_07987
23.95928,93.12356,GSI_INVENTORY,Mizoram,,Slide,Rainfall,point_07988
23.95653,93.04108,GSI_INVENTORY,Mizoram,,Slide,Rainfall,point_07989
23.95042,93.03711,GSI_INVENTORY,Mizoram,,Slide,Rainfall,point_07990
23.94892,93.03872,GSI_INVENTORY,Mizoram,,Slide,Rainfall,point_07991
23.96228,93.03531,GSI_INVENTORY,Mizoram,,Slide, ,point_07992
23.96625,93.04112,GSI_INVENTORY,Mizoram,,Slide,Rainfall,point_07993
23.96692,93.04147,GSI_INVENTORY,Mizoram,,Flow,Rainfall,point_07994
23.961,93.02897,GSI_INVENTORY,Mizoram,,Slide,Rainfall,point_07995
23.95756,93.02656,GSI_INVENTORY,Mizoram,,Slide,Rainfall,point_07996
23.95894,93.02278,GSI_INVENTORY,Mizoram,,Slide,Rainfall,point_07997
23.95928,93.02086,GSI_INVENTORY,Mizoram,,Slide,Rainfall,point_07998
23.96922,93.01633,GSI_INVENTORY,Mizoram,,Slide,Rainfall,point_07999
23.92739,93.02803,GSI_INVENTORY,Mizoram,,Slide,Rainfall,point_08000
23.90911,93.02375,GSI_INVENTORY,Mizoram,,Slide, ,point_08001
23.91344,93.02394,GSI_INVENTORY,Mizoram,,Slide,Rainfall,point_08002
23.90755,93.01511,GSI_INVENTORY,Mizoram,,Slide,Rainfall,point_08003
23.90069,93.01559,GSI_INVENTORY,Mizoram,,Slide,Rainfall,point_08004
23.8993,93.01559,GSI_INVENTORY,Mizoram,,Slide,Rainfall,point_08005
23.89444,93.01928,GSI_INVENTORY,Mizoram,,Slide,Rainfall,point_08006
23.88808,93.02664,GSI_INVENTORY,Mizoram,,Slide,Rainfall,point_08007
23.88894,93.03397,GSI_INVENTORY,Mizoram,,Slide, ,point_08008
23.88206,93.04122,GSI_INVENTORY,Mizoram,,Slide,Rainfall,point_08009
23.88725,93.09561,GSI_INVENTORY,Mizoram,,Slide,Rainfall,point_08010
23.87075,93.07853,GSI_INVENTORY,Mizoram,,Slide,Rainfall,point_08011
23.87205,93.09428,GSI_INVENTORY,Mizoram,,Slide,Rainfall,point_08012
23.87058,93.09544,GSI_INVENTORY,Mizoram,,Slide,Rainfall,point_08013
23.85286,93.06,GSI_INVENTORY,Mizoram,,Slide,Rainfall,point_08014
23.84808,93.07669,GSI_INVENTORY,Mizoram,,Slide,Rainfall,point_08015
23.84033,93.07194,GSI_INVENTORY,Mizoram,,Slide,Rainfall,point_08016
23.80419,93.03525,GSI_INVENTORY,Mizoram,,Slide,Rainfall,point_08017
23.80811,93.04178,GSI_INVENTORY,Mizoram,,Slide,Rainfall,point_08018
23.79544,93.04039,GSI_INVENTORY,Mizoram,,Slide,Rainfall,point_08019
23.79736,93.04092,GSI_INVENTORY,Mizoram,,Slide,Rainfall,point_08020
23.78975,93.03567,GSI_INVENTORY,Mizoram,,Slide,Rainfall,point_08021
23.7885,93.02467,GSI_INVENTORY,Mizoram,,Slide,Rainfall,point_08022
23.78544,93.02461,GSI_INVENTORY,Mizoram,,Slide,Rainfall,point_08023
23.77944,93.02392,GSI_INVENTORY,Mizoram,,Slide,Rainfall,point_08024
23.77747,93.00916,GSI_INVENTORY,Mizoram,,Slide, ,point_08025
23.79419,93.02505,GSI_INVENTORY,Mizoram,,Slide,Rainfall,point_08026
23.79256,93.02989,GSI_INVENTORY,Mizoram,,Slide,Rainfall,point_08027
23.80578,93.02711,GSI_INVENTORY,Mizoram,,Slide, ,point_08028
23.83536,93.05241,GSI_INVENTORY,Mizoram,,Slide,Rainfall,point_08029
23.848,93.04188,GSI_INVENTORY,Mizoram,,Slide,Rainfall,point_08030
23.84444,93.05136,GSI_INVENTORY,Mizoram,,Slide,Rainfall,point_08031
23.85,93.04816,GSI_INVENTORY,Mizoram,,Slide,Rainfall,point_08032
23.85697,93.04611,GSI_INVENTORY,Mizoram,,Subsidence, ,point_08033
23.85503,93.0417,GSI_INVENTORY,Mizoram,,Slide, ,point_08034
23.77781,93.00489,GSI_INVENTORY,Mizoram,,Slide,Rainfall,point_08035
23.81172,92.95992,GSI_INVENTORY,Mizoram,,Slide,Rainfall,point_08036
23.81214,92.95417,GSI_INVENTORY,Mizoram,,Slide,Rainfall,point_08037
23.80162,92.96044,GSI_INVENTORY,Mizoram,,Slide,Rainfall,point_08038
23.82325,92.92522,GSI_INVENTORY,Mizoram,,Slide,Rainfall,point_08039
23.83675,92.91656,GSI_INVENTORY,Mizoram,,Slide,Rainfall,point_08040
23.86569,92.93264,GSI_INVENTORY,Mizoram,,Slide,Rainfall,point_08041
23.84414,92.933,GSI_INVENTORY,Mizoram,,Slide,Rainfall,point_08042
23.84417,92.93001,GSI_INVENTORY,Mizoram,,Fall,Rainfall,point_08043
23.84411,92.92878,GSI_INVENTORY,Mizoram,,Slide,Rainfall,point_08044
23.84722,92.92751,GSI_INVENTORY,Mizoram,,Slide,Rainfall,point_08045
23.84725,92.92734,GSI_INVENTORY,Mizoram,,Slide,Rainfall,point_08046
23.8495,92.9282,GSI_INVENTORY,Mizoram,,Flow,Heavy rainfall,point_08047
23.85942,92.91733,GSI_INVENTORY,Mizoram,,Slide,Rainfall,point_08048
23.87169,92.91996,GSI_INVENTORY,Mizoram,,Slide,Rainfall,point_08049
23.90211,92.92256,GSI_INVENTORY,Mizoram,,Slide,Rainfall,point_08050
23.95942,92.94334,GSI_INVENTORY,Mizoram,,Slide,Rainfall,point_08051
23.94324,92.9336,GSI_INVENTORY,Mizoram,,Slide,Rainfall,point_08052
23.9395,92.92789,GSI_INVENTORY,Mizoram,,Slide,Rainfall,point_08053
23.92908,92.92278,GSI_INVENTORY,Mizoram,,Slide,Rainfall,point_08054
23.92425,92.92522,GSI_INVENTORY,Mizoram,,Slide,Rainfall,point_08055
23.91839,92.92347,GSI_INVENTORY,Mizoram,,Slide,Rainfall,point_08056
23.89172,92.84925,GSI_INVENTORY,Mizoram,,Slide,Rainfall,point_08057
23.88733,92.85111,GSI_INVENTORY,Mizoram,,Flow,Rainfall,point_08058
23.88331,92.86192,GSI_INVENTORY,Mizoram,,Flow,Rainfall,point_08059
23.88564,92.85786,GSI_INVENTORY,Mizoram,,Slide,Rainfall,point_08060
23.88375,92.86678,GSI_INVENTORY,Mizoram,,Slide,Rainfall,point_08061
23.87272,92.87408,GSI_INVENTORY,Mizoram,,Slide,Rainfall,point_08062
23.86986,92.87744,GSI_INVENTORY,Mizoram,,Slide,Rainfall,point_08063
23.88394,92.88053,GSI_INVENTORY,Mizoram,,Slide,Rainfall,point_08064
23.88258,92.87764,GSI_INVENTORY,Mizoram,,Slide,Rainfall,point_08065
23.88319,92.869,GSI_INVENTORY,Mizoram,,Slide,Rainfall,point_08066
23.84171,92.91148,GSI_INVENTORY,Mizoram,,Slide,Rainfall,point_08067
23.83942,92.91097,GSI_INVENTORY,Mizoram,,Slide,Rainfall,point_08068
23.78872,92.83783,GSI_INVENTORY,Mizoram,,Slide,Rainfall,point_08069
23.78,92.84,GSI_INVENTORY,Mizoram,,Slide,Rainfall,point_08070
23.78422,92.84197,GSI_INVENTORY,Mizoram,,Flow,Rainfall,point_08071
23.816,92.84,GSI_INVENTORY,Mizoram,,Slide,Rainfall,point_08072
23.81217,92.83519,GSI_INVENTORY,Mizoram,,Slide,Rainfall,point_08073
23.81008,92.83386,GSI_INVENTORY,Mizoram,,Slide,Rainfall,point_08074
23.82209,92.8265,GSI_INVENTORY,Mizoram,,Fall,Rainfall,point_08075
23.81927,92.82698,GSI_INVENTORY,Mizoram,,Slide,Rainfall,point_08076
23.82521,92.83047,GSI_INVENTORY,Mizoram,,Slide,Rainfall,point_08077
23.82459,92.82502,GSI_INVENTORY,Mizoram,,Fall,Rainfall,point_08078
23.8601,92.83406,GSI_INVENTORY,Mizoram,,Slide,Rainfall,point_08079
23.85682,92.83378,GSI_INVENTORY,Mizoram,,Flow,Rainfall,point_08080
23.77159,92.73213,GSI_INVENTORY,Mizoram,,Slide,Rainfall,point_08081
23.79151,92.73051,GSI_INVENTORY,Mizoram,,Slide,Rainfall,point_08082
23.85686,92.74303,GSI_INVENTORY,Mizoram,,Slide,Rainfall,point_08083
23.85136,92.74222,GSI_INVENTORY,Mizoram,,Slide,Rainfall,point_08084
23.85086,92.74308,GSI_INVENTORY,Mizoram,,Slide,Rainfall,point_08085
23.85272,92.74331,GSI_INVENTORY,Mizoram,,Fall,Rainfall,point_08086
23.86892,92.73547,GSI_INVENTORY,Mizoram,,Fall,Rainfall,point_08087
23.88931,92.73653,GSI_INVENTORY,Mizoram,,Slide,Rainfall,point_08088
23.91578,92.74242,GSI_INVENTORY,Mizoram,,Slide,Rainfall,point_08089
23.92428,92.74481,GSI_INVENTORY,Mizoram,,Slide,Rainfall,point_08090
23.91846,92.74153,GSI_INVENTORY,Mizoram,,Slide,Rainfall,point_08091
23.91869,92.74039,GSI_INVENTORY,Mizoram,,Slide,Rainfall,point_08092
23.92264,92.73653,GSI_INVENTORY,Mizoram,,Slide,Rainfall,point_08093
23.93422,92.73061,GSI_INVENTORY,Mizoram,,Slide,Rainfall,point_08094
23.88,92.69,GSI_INVENTORY,Mizoram,,Fall,Rainfall,point_08095
23.8985,92.64739,GSI_INVENTORY,Mizoram,,Slide,Heavy rainfall,point_08096
23.91892,92.65083,GSI_INVENTORY,Mizoram,,Slide,Rainfall,point_08097
23.92294,92.65703,GSI_INVENTORY,Mizoram,,Slide,Heavy rainfall,point_08098
23.9339,92.67387,GSI_INVENTORY,Mizoram,,Slide,Rainfall,point_08099
23.94011,92.68059,GSI_INVENTORY,Mizoram,,Slide,Rainfall,point_08100
23.93442,92.66722,GSI_INVENTORY,Mizoram,,Slide,Rainfall,point_08101
23.96589,92.68228,GSI_INVENTORY,Mizoram,,Fall,Rainfall,point_08102
23.82669,92.60383,GSI_INVENTORY,Mizoram,,Slide,Rainfall,point_08103
23.82189,92.56933,GSI_INVENTORY,Mizoram,,Slide,Rainfall,point_08104
23.81194,92.5708,GSI_INVENTORY,Mizoram,,Slide,Rainfall,point_08105
23.79627,92.54654,GSI_INVENTORY,Mizoram,,Slide,Rainfall,point_08106
23.80257,92.56404,GSI_INVENTORY,Mizoram,,Slide,Rainfall,point_08107
23.78385,92.55375,GSI_INVENTORY,Mizoram,,Slide,Rainfall,point_08108
23.78086,92.57791,GSI_INVENTORY,Mizoram,,Slide,Rainfall,point_08109
23.78428,92.59711,GSI_INVENTORY,Mizoram,,Slide,Rainfall,point_08110
23.80531,92.59266,GSI_INVENTORY,Mizoram,,Slide,Rainfall,point_08111
23.80853,92.59522,GSI_INVENTORY,Mizoram,,Slide,Rainfall,point_08112
23.79013,92.6721,GSI_INVENTORY,Mizoram,,Slide,Rainfall,point_08113
23.79886,92.64242,GSI_INVENTORY,Mizoram,,Slide,Rainfall,point_08114
23.8337,92.65072,GSI_INVENTORY,Mizoram,,Slide,Rainfall,point_08115
23.85728,92.64622,GSI_INVENTORY,Mizoram,,Slide,Rainfall,point_08116
23.85553,92.64895,GSI_INVENTORY,Mizoram,,Slide,Rainfall,point_08117
23.84679,92.65589,GSI_INVENTORY,Mizoram,,Fall,Rainfall,point_08118
23.85509,92.66655,GSI_INVENTORY,Mizoram,,Slide,Rainfall,point_08119
23.81733,92.66122,GSI_INVENTORY,Mizoram,,Slide,Rainfall,point_08120
23.81661,92.66231,GSI_INVENTORY,Mizoram,,Slide,Rainfall,point_08121
23.82322,92.67486,GSI_INVENTORY,Mizoram,,Slide,Rainfall,point_08122
23.78741,92.72528,GSI_INVENTORY,Mizoram,,Slide,Rainfall,point_08123
23.78803,92.72944,GSI_INVENTORY,Mizoram,,Slide,Rainfall,point_08124
23.75447,92.72275,GSI_INVENTORY,Mizoram,,Slide,Rainfall,point_08125
23.74181,92.72525,GSI_INVENTORY,Mizoram,,Subsidence,Rainfall,point_08126
23.74286,92.72539,GSI_INVENTORY,Mizoram,,Slide,Rainfall,point_08127
23.74372,92.72417,GSI_INVENTORY,Mizoram,,Slide,"Overloading of slope, high unguided discharge of monsoon rain",point_08128
23.7443,92.72011,GSI_INVENTORY,Mizoram,,Slide,Rainfall,point_08129
23.75342,92.68756,GSI_INVENTORY,Mizoram,,Slide,Rainfall,point_08130
23.75436,92.69021,GSI_INVENTORY,Mizoram,,Slide,Rainfall,point_08131
23.74972,92.69378,GSI_INVENTORY,Mizoram,,Slide,Rainfall,point_08132
23.74564,92.69436,GSI_INVENTORY,Mizoram,,Slide,Rainfall,point_08133
23.74403,92.69886,GSI_INVENTORY,Mizoram,,Slide,Rainfall,point_08134
23.74508,92.6955,GSI_INVENTORY,Mizoram,,Slide,Rainfall,point_08135
23.74744,92.69619,GSI_INVENTORY,Mizoram,,Slide,Rainfall,point_08136
23.75045,92.69524,GSI_INVENTORY,Mizoram,,Slide,Rainfall,point_08137
23.74497,92.70289,GSI_INVENTORY,Mizoram,,Slide,Rainfall,point_08138
23.73708,92.70389,GSI_INVENTORY,Mizoram,,Slide,Rainfall,point_08139
23.72764,92.70308,GSI_INVENTORY,Mizoram,,Slide,Rainfall,point_08140
23.73503,92.69603,GSI_INVENTORY,Mizoram,,Slide,Rainfall,point_08141
23.73942,92.69992,GSI_INVENTORY,Mizoram,,Slide,Rainfall,point_08142
23.73678,92.69453,GSI_INVENTORY,Mizoram,,Slide,Rainfall,point_08143
23.735,92.69511,GSI_INVENTORY,Mizoram,,Slide,Rainfall,point_08144
23.71633,92.68864,GSI_INVENTORY,Mizoram,,Slide,Rainfall,point_08145
23.72061,92.69272,GSI_INVENTORY,Mizoram,,Slide,Rainfall,point_08146
23.71722,92.69483,GSI_INVENTORY,Mizoram,,Slide,Rainfall,point_08147
23.71703,92.69239,GSI_INVENTORY,Mizoram,,Slide,Rainfall,point_08148
23.71528,92.69761,GSI_INVENTORY,Mizoram,,Slide,Rainfall,point_08149
23.71656,92.69906,GSI_INVENTORY,Mizoram,,Slide,Rainfall,point_08150
23.71997,92.69769,GSI_INVENTORY,Mizoram,,Slide,Rainfall,point_08151
23.72042,92.69567,GSI_INVENTORY,Mizoram,,Slide,Rainfall,point_08152
23.71611,92.71261,GSI_INVENTORY,Mizoram,,Slide,Rainfall,point_08153
23.71711,92.71397,GSI_INVENTORY,Mizoram,,Slide,Rainfall,point_08154
23.74003,92.70986,GSI_INVENTORY,Mizoram,,Slide,Rainfall,point_08155
23.722,92.72122,GSI_INVENTORY,Mizoram,,Subsidence,"Rainfall and Anthropogenic activity, extensive slope toe excavation",point_08156
23.71628,92.72769,GSI_INVENTORY,Mizoram,,Slide,Rainfall,point_08157
23.71469,92.72869,GSI_INVENTORY,Mizoram,,Slide,Rainfall,point_08158
23.70433,92.7145,GSI_INVENTORY,Mizoram,,Slide,Rainfall,point_08159
23.70667,92.71469,GSI_INVENTORY,Mizoram,,Slide,Rainfall,point_08160
23.70272,92.71631,GSI_INVENTORY,Mizoram,,Slide,Rainfall and slope cutting at the toe,point_08161
23.70056,92.71597,GSI_INVENTORY,Mizoram,,Slide,Rainfall,point_08162
23.69947,92.71617,GSI_INVENTORY,Mizoram,,Slide,Rainfall,point_08163
23.6995,92.71617,GSI_INVENTORY,Mizoram,,Slide,"Rainfall, toe cutting due to construction coupled with rainfall",point_08164
23.69367,92.71906,GSI_INVENTORY,Mizoram,,Slide,Rainfall,point_08165
23.68783,92.72244,GSI_INVENTORY,Mizoram,,Slide,Rainfall,point_08166
23.68153,92.71861,GSI_INVENTORY,Mizoram,,Slide,Rainfall,point_08167
23.67056,92.72853,GSI_INVENTORY,Mizoram,,Slide,Rainfall,point_08168
23.71,92.69253,GSI_INVENTORY,Mizoram,,Slide,Rainfall,point_08169
23.71125,92.66017,GSI_INVENTORY,Mizoram,,Slide,Rainfall,point_08170
23.71269,92.66025,GSI_INVENTORY,Mizoram,,Slide,Rainfall,point_08171
23.71231,92.64953,GSI_INVENTORY,Mizoram,,Slide,Rainfall,point_08172
23.71253,92.64775,GSI_INVENTORY,Mizoram,,Slide,Rainfall,point_08173
23.71939,92.67508,GSI_INVENTORY,Mizoram,,Slide,Rainfall,point_08174
23.7195,92.67553,GSI_INVENTORY,Mizoram,,Slide,Rainfall,point_08175
23.71947,92.67644,GSI_INVENTORY,Mizoram,,Slide,Rainfall,point_08176
23.72211,92.68147,GSI_INVENTORY,Mizoram,,Slide,Rainfall,point_08177
23.72222,92.68228,GSI_INVENTORY,Mizoram,,Slide,Rainfall,point_08178
23.72117,92.67506,GSI_INVENTORY,Mizoram,,Slide,Rainfall,point_08179
23.7335,92.67447,GSI_INVENTORY,Mizoram,,Slide,Rainfall,point_08180
23.73308,92.67561,GSI_INVENTORY,Mizoram,,Slide,Rainfall,point_08181
23.74369,92.67903,GSI_INVENTORY,Mizoram,,Slide,Rainfall,point_08182
23.75068,92.67964,GSI_INVENTORY,Mizoram,,Slide,Rainfall,point_08183
23.75116,92.57159,GSI_INVENTORY,Mizoram,,Slide,Rainfall,point_08184
23.76173,92.57391,GSI_INVENTORY,Mizoram,,Slide,Rainfall,point_08185
23.75781,92.56147,GSI_INVENTORY,Mizoram,,Slide,Rainfall,point_08186
23.72878,92.55783,GSI_INVENTORY,Mizoram,,Slide,Rainfall,point_08187
23.73322,92.55783,GSI_INVENTORY,Mizoram,,Slide,Rainfall,point_08188
23.73583,92.55806,GSI_INVENTORY,Mizoram,,Slide,Rainfall,point_08189
23.73717,92.55717,GSI_INVENTORY,Mizoram,,Slide,Rainfall,point_08190
23.7155,92.55603,GSI_INVENTORY,Mizoram,,Slide,Rainfall,point_08191
23.71819,92.55642,GSI_INVENTORY,Mizoram,,Slide,Rainfall,point_08192
23.72669,92.55778,GSI_INVENTORY,Mizoram,,Slide,Rainfall,point_08193
23.69172,92.57511,GSI_INVENTORY,Mizoram,,Slide,Rainfall,point_08194
23.69072,92.57014,GSI_INVENTORY,Mizoram,,Slide,Rainfall,point_08195
23.6935,92.57031,GSI_INVENTORY,Mizoram,,Slide,Rainfall,point_08196
23.69508,92.57064,GSI_INVENTORY,Mizoram,,Slide,Rainfall,point_08197
23.69789,92.56844,GSI_INVENTORY,Mizoram,,Slide,Rainfall,point_08198
23.71028,92.55806,GSI_INVENTORY,Mizoram,,Slide,Rainfall,point_08199
23.71261,92.56044,GSI_INVENTORY,Mizoram,,Slide,Rainfall,point_08200
23.67858,92.57158,GSI_INVENTORY,Mizoram,,Slide,Rainfall,point_08201
23.68075,92.57192,GSI_INVENTORY,Mizoram,,Slide,Rainfall,point_08202
23.68447,92.57369,GSI_INVENTORY,Mizoram,,Slide,Rainfall,point_08203
23.68225,92.57369,GSI_INVENTORY,Mizoram,,Slide,Rainfall,point_08204
23.67425,92.58728,GSI_INVENTORY,Mizoram,,Slide,Rainfall,point_08205
23.66458,92.59011,GSI_INVENTORY,Mizoram,,Slide,Rainfall,point_08206
23.66969,92.59267,GSI_INVENTORY,Mizoram,,Slide,Rainfall,point_08207
23.66928,92.59228,GSI_INVENTORY,Mizoram,,Slide,Rainfall,point_08208
23.67469,92.59736,GSI_INVENTORY,Mizoram,,Slide,Rainfall,point_08209
23.67417,92.59689,GSI_INVENTORY,Mizoram,,Slide,Rainfall,point_08210
23.67572,92.59864,GSI_INVENTORY,Mizoram,,Slide,Rainfall,point_08211
23.68178,92.60261,GSI_INVENTORY,Mizoram,,Slide,Rainfall,point_08212
23.68422,92.59992,GSI_INVENTORY,Mizoram,,Slide,Rainfall,point_08213
23.68342,92.60122,GSI_INVENTORY,Mizoram,,Fall,Rainfall,point_08214
23.68261,92.60203,GSI_INVENTORY,Mizoram,,Slide,Rainfall,point_08215
23.68839,92.59558,GSI_INVENTORY,Mizoram,,Slide,Rainfall,point_08216
23.61958,92.63442,GSI_INVENTORY,Mizoram,,Slide,Rainfall,point_08217
23.61872,92.62739,GSI_INVENTORY,Mizoram,,Slide,Rainfall,point_08218
23.62172,92.62358,GSI_INVENTORY,Mizoram,,Slide,Rainfall,point_08219
23.62544,92.61489,GSI_INVENTORY,Mizoram,,Slide,Rainfall,point_08220
23.61514,92.59494,GSI_INVENTORY,Mizoram,,Slide,Rainfall,point_08221
23.63747,92.59528,GSI_INVENTORY,Mizoram,,Slide,Rainfall,point_08222
23.65719,92.5905,GSI_INVENTORY,Mizoram,,Slide,Rainfall,point_08223
23.58917,92.59011,GSI_INVENTORY,Mizoram,,Slide,Rainfall,point_08224
23.56244,92.57781,GSI_INVENTORY,Mizoram,,Slide,Rainfall,point_08225
23.58711,92.60167,GSI_INVENTORY,Mizoram,,Slide,Rainfall,point_08226
23.58736,92.60128,GSI_INVENTORY,Mizoram,,Slide,Rainfall,point_08227
23.58014,92.59114,GSI_INVENTORY,Mizoram,,Slide,Rainfall,point_08228
23.58792,92.59806,GSI_INVENTORY,Mizoram,,Slide,Rainfall,point_08229
23.58844,92.59742,GSI_INVENTORY,Mizoram,,Slide,Rainfall,point_08230
23.58847,92.599,GSI_INVENTORY,Mizoram,,Slide,Rainfall,point_08231
23.58842,92.60089,GSI_INVENTORY,Mizoram,,Slide,Rainfall,point_08232
23.59814,92.59911,GSI_INVENTORY,Mizoram,,Slide,Rainfall,point_08233
23.60911,92.59631,GSI_INVENTORY,Mizoram,,Slide,Rainfall,point_08234
23.60839,92.59689,GSI_INVENTORY,Mizoram,,Slide,Rainfall,point_08235
23.59072,92.60469,GSI_INVENTORY,Mizoram,,Slide,Rainfall,point_08236
23.59014,92.60733,GSI_INVENTORY,Mizoram,,Slide,Rainfall,point_08237
23.58442,92.62292,GSI_INVENTORY,Mizoram,,Slide,Rainfall,point_08238
23.587,92.62239,GSI_INVENTORY,Mizoram,,Slide,Rainfall,point_08239
23.61892,92.64261,GSI_INVENTORY,Mizoram,,Slide,Rainfall,point_08240
23.61808,92.64503,GSI_INVENTORY,Mizoram,,Slide,Rainfall,point_08241
23.65475,92.69008,GSI_INVENTORY,Mizoram,,Slide,Rainfall,point_08242
23.65297,92.6985,GSI_INVENTORY,Mizoram,,Slide,Rainfall,point_08243
23.65728,92.70458,GSI_INVENTORY,Mizoram,,Slide,Rainfall,point_08244
23.60461,92.72642,GSI_INVENTORY,Mizoram,,Slide,Rainfall,point_08245
23.70822,92.76149,GSI_INVENTORY,Mizoram,,Slide,Rainfall,point_08246
23.71019,92.74117,GSI_INVENTORY,Mizoram,,Slide,Rainfall,point_08247
23.73436,92.75194,GSI_INVENTORY,Mizoram,,Slide,Slope cutting and rainfall,point_08248
23.73931,92.74311,GSI_INVENTORY,Mizoram,,Slide,Rainfall,point_08249
23.72769,92.736,GSI_INVENTORY,Mizoram,,Slide,Rainfall,point_08250
23.74417,92.73047,GSI_INVENTORY,Mizoram,,Slide, ,point_08251
23.74139,92.73953,GSI_INVENTORY,Mizoram,,Slide,Rainfall,point_08252
23.75169,92.73153,GSI_INVENTORY,Mizoram,,Slide, ,point_08253
23.76248,92.7428,GSI_INVENTORY,Mizoram,,Slide,Rainfall,point_08254
23.75072,92.744,GSI_INVENTORY,Mizoram,,Slide, ,point_08255
23.74544,92.74956,GSI_INVENTORY,Mizoram,,Slide,Rainfall,point_08256
23.73289,92.75303,GSI_INVENTORY,Mizoram,,Slide,Rainfall,point_08257
23.73087,92.75564,GSI_INVENTORY,Mizoram,,Slide,Rainfall,point_08258
23.73622,92.79694,GSI_INVENTORY,Mizoram,,Subsidence, ,point_08259
23.74042,92.79508,GSI_INVENTORY,Mizoram,,Slide,Rainfall,point_08260
23.71313,92.79894,GSI_INVENTORY,Mizoram,,Slide,Rainfall,point_08261
23.68216,92.85838,GSI_INVENTORY,Mizoram,,Slide,Rainfall,point_08262
23.68093,92.85962,GSI_INVENTORY,Mizoram,,Slide,Rainfall,point_08263
23.69544,92.86167,GSI_INVENTORY,Mizoram,,Slide,Rainfall,point_08264
23.71172,92.85839,GSI_INVENTORY,Mizoram,,Slide,Rainfall,point_08265
23.73509,92.82953,GSI_INVENTORY,Mizoram,,Slide,Rainfall,point_08266
23.73287,92.82584,GSI_INVENTORY,Mizoram,,Slide,Rainfall,point_08267
23.76022,92.84817,GSI_INVENTORY,Mizoram,,Fall,Rainfall,point_08268
23.72747,92.85265,GSI_INVENTORY,Mizoram,,Fall,Rainfall,point_08269
23.71602,92.85431,GSI_INVENTORY,Mizoram,,Slide, ,point_08270
23.71969,92.86805,GSI_INVENTORY,Mizoram,,Slide,Rainfall,point_08271
23.71613,92.86616,GSI_INVENTORY,Mizoram,,Fall,Rainfall,point_08272
23.71931,92.86906,GSI_INVENTORY,Mizoram,,Fall,Rainfall,point_08273
23.7147,92.87393,GSI_INVENTORY,Mizoram,,Slide,Rainfall,point_08274
23.70512,92.87767,GSI_INVENTORY,Mizoram,,Slide,Rainfall,point_08275
23.70089,92.87836,GSI_INVENTORY,Mizoram,,Slide,Rainfall,point_08276
23.69706,92.87794,GSI_INVENTORY,Mizoram,,Slide,Rainfall,point_08277
23.69961,92.87492,GSI_INVENTORY,Mizoram,,Slide,Rainfall,point_08278
23.69553,92.88417,GSI_INVENTORY,Mizoram,,Slide,Rainfall,point_08279
23.671,92.88833,GSI_INVENTORY,Mizoram,,Slide,Rainfall,point_08280
23.66906,92.88889,GSI_INVENTORY,Mizoram,,Slide,Rainfall,point_08281
23.66672,92.89089,GSI_INVENTORY,Mizoram,,Slide,Rainfall,point_08282
23.66581,92.89264,GSI_INVENTORY,Mizoram,,Slide,Rainfall,point_08283
23.61372,92.85189,GSI_INVENTORY,Mizoram,,Flow,Heavy rainfall prior to landsliding reported,point_08284
23.60831,92.85058,GSI_INVENTORY,Mizoram,,Slide,Heavy rainfall prior to landsliding reported,point_08285
23.56663,92.87678,GSI_INVENTORY,Mizoram,,Slide,Rainfall,point_08286
23.60735,92.87911,GSI_INVENTORY,Mizoram,,Slide,Rainfall,point_08287
23.49942,92.90502,GSI_INVENTORY,Mizoram,,Slide,Rainfall,point_08288
23.47623,92.91365,GSI_INVENTORY,Mizoram,,Slide,Rainfall,point_08289
23.47977,92.8706,GSI_INVENTORY,Mizoram,,Slide,Rainfall,point_08290
23.4988,92.8546,GSI_INVENTORY,Mizoram,,Slide,Rainfall,point_08291
23.49792,92.85495,GSI_INVENTORY,Mizoram,,Slide,Rainfall,point_08292
23.49739,92.85501,GSI_INVENTORY,Mizoram,,Slide,Rainfall,point_08293
23.49391,92.8543,GSI_INVENTORY,Mizoram,,Slide,Rainfall,point_08294
23.48691,92.85628,GSI_INVENTORY,Mizoram,,Slide,Rainfall,point_08295
23.47803,92.86126,GSI_INVENTORY,Mizoram,,Slide,Rainfall,point_08296
23.4786,92.8585,GSI_INVENTORY,Mizoram,,Slide,Rainfall,point_08297
23.47711,92.85728,GSI_INVENTORY,Mizoram,,Slide,Rainfall,point_08298
23.47831,92.86547,GSI_INVENTORY,Mizoram,,Slide,Rainfall,point_08299
23.46439,92.85561,GSI_INVENTORY,Mizoram,,Slide,Rainfall,point_08300
23.4628,92.85609,GSI_INVENTORY,Mizoram,,Slide,Rainfall,point_08301
23.46079,92.85553,GSI_INVENTORY,Mizoram,,Slide,Rainfall,point_08302
23.53519,92.84604,GSI_INVENTORY,Mizoram,,Slide,Rainfall,point_08303
23.50994,92.76861,GSI_INVENTORY,Mizoram,,Slide,"Inherent rock mass condition, presence of vulnerable and other discontinuity and high monsoon discharge",point_08304
23.47011,92.74062,GSI_INVENTORY,Mizoram,,Slide,Rainfall,point_08305
23.47079,92.74141,GSI_INVENTORY,Mizoram,,Slide,Rainfall,point_08306
23.46726,92.74063,GSI_INVENTORY,Mizoram,,Fall,Rainfall,point_08307
23.46398,92.73687,GSI_INVENTORY,Mizoram,,Slide,Rainfall,point_08308
23.46421,92.73758,GSI_INVENTORY,Mizoram,,Slide,Rainfall,point_08309
23.4607,92.74729,GSI_INVENTORY,Mizoram,,Slide,Rainfall,point_08310
23.4776,92.8188,GSI_INVENTORY,Mizoram,,Slide,Rainfall,point_08311
23.41205,92.7501,GSI_INVENTORY,Mizoram,,Slide,Rainfall,point_08312
23.40967,92.75093,GSI_INVENTORY,Mizoram,,Slide,Rainfall,point_08313
23.41115,92.75219,GSI_INVENTORY,Mizoram,,Slide,Rainfall,point_08314
23.41288,92.75401,GSI_INVENTORY,Mizoram,,Slide,Rainfall,point_08315
23.41748,92.77056,GSI_INVENTORY,Mizoram,,Slide,Rainfall,point_08316
23.39333,92.75815,GSI_INVENTORY,Mizoram,,Slide,Rainfall,point_08317
23.39713,92.7572,GSI_INVENTORY,Mizoram,,Slide,Rainfall,point_08318
23.40639,92.75325,GSI_INVENTORY,Mizoram,,Slide, ,point_08319
23.4034,92.75029,GSI_INVENTORY,Mizoram,,Slide,Rainfall,point_08320
23.40178,92.75001,GSI_INVENTORY,Mizoram,,Slide,Rainfall,point_08321
23.38375,92.84579,GSI_INVENTORY,Mizoram,,Slide,Rainfall,point_08322
23.38533,92.85543,GSI_INVENTORY,Mizoram,,Slide,Rainfall,point_08323
23.40102,92.84848,GSI_INVENTORY,Mizoram,,Slide,Rainfall,point_08324
23.4053,92.85101,GSI_INVENTORY,Mizoram,,Slide,Rainfall,point_08325
23.40002,92.8424,GSI_INVENTORY,Mizoram,,Slide,Rainfall,point_08326
23.38838,92.8451,GSI_INVENTORY,Mizoram,,Slide,Rainfall,point_08327
23.38521,92.8447,GSI_INVENTORY,Mizoram,,Slide,Rainfall,point_08328
23.43471,92.85489,GSI_INVENTORY,Mizoram,,Slide,Rainfall,point_08329
23.44388,92.85593,GSI_INVENTORY,Mizoram,,Slide,Rainfall,point_08330
23.45979,92.85582,GSI_INVENTORY,Mizoram,,Slide,Rainfall,point_08331
23.45902,92.8568,GSI_INVENTORY,Mizoram,,Slide,Rainfall,point_08332
23.45497,92.8546,GSI_INVENTORY,Mizoram,,Slide,Rainfall,point_08333
23.44798,92.85661,GSI_INVENTORY,Mizoram,,Slide,Rainfall,point_08334
23.44983,92.8599,GSI_INVENTORY,Mizoram,,Slide,Rainfall,point_08335
23.4477,92.86173,GSI_INVENTORY,Mizoram,,Slide,Rainfall,point_08336
23.45408,92.85745,GSI_INVENTORY,Mizoram,,Slide,Rainfall,point_08337
23.45482,92.8587,GSI_INVENTORY,Mizoram,,Slide,Rainfall,point_08338
23.4561,92.85908,GSI_INVENTORY,Mizoram,,Slide,Rainfall,point_08339
23.45703,92.85769,GSI_INVENTORY,Mizoram,,Slide,Rainfall,point_08340
23.44702,92.86692,GSI_INVENTORY,Mizoram,,Slide,Rainfall,point_08341
23.44129,92.8654,GSI_INVENTORY,Mizoram,,Slide,Rainfall,point_08342
23.44709,92.86308,GSI_INVENTORY,Mizoram,,Slide,Rainfall,point_08343
23.44608,92.86182,GSI_INVENTORY,Mizoram,,Slide,Rainfall,point_08344
23.44379,92.86211,GSI_INVENTORY,Mizoram,,Slide,Rainfall,point_08345
23.44071,92.8643,GSI_INVENTORY,Mizoram,,Slide,Rainfall,point_08346
23.4354,92.87181,GSI_INVENTORY,Mizoram,,Slide,Rainfall,point_08347
23.43481,92.87393,GSI_INVENTORY,Mizoram,,Slide,Rainfall,point_08348
23.437,92.87546,GSI_INVENTORY,Mizoram,,Slide,Rainfall,point_08349
23.439,92.8775,GSI_INVENTORY,Mizoram,,Slide,Rainfall,point_08350
23.44097,92.87909,GSI_INVENTORY,Mizoram,,Slide,Rainfall,point_08351
23.44212,92.86891,GSI_INVENTORY,Mizoram,,Slide,Rainfall,point_08352
23.45151,92.90085,GSI_INVENTORY,Mizoram,,Slide,Rainfall,point_08353
23.44837,92.89986,GSI_INVENTORY,Mizoram,,Slide,Rainfall,point_08354
23.45859,92.90531,GSI_INVENTORY,Mizoram,,Slide,Rainfall,point_08355
23.45812,92.9053,GSI_INVENTORY,Mizoram,,Slide,Rainfall,point_08356
23.31622,92.85622,GSI_INVENTORY,Mizoram,,Slide,Rainfall,point_08357
23.31881,92.8531,GSI_INVENTORY,Mizoram,,Slide,Rainfall,point_08358
23.32081,92.85475,GSI_INVENTORY,Mizoram,,Slide,Rainfall,point_08359
23.32029,92.85491,GSI_INVENTORY,Mizoram,,Slide,Rainfall,point_08360
23.3215,92.85473,GSI_INVENTORY,Mizoram,,Slide,Rainfall,point_08361
23.32176,92.8589,GSI_INVENTORY,Mizoram,,Slide,Rainfall,point_08362
23.31581,92.85919,GSI_INVENTORY,Mizoram,,Slide,Rainfall,point_08363
23.31421,92.8581,GSI_INVENTORY,Mizoram,,Slide,Rainfall,point_08364
23.30877,92.86226,GSI_INVENTORY,Mizoram,,Slide,Rainfall,point_08365
23.30909,92.86293,GSI_INVENTORY,Mizoram,,Slide,Rainfall,point_08366
23.28388,92.85747,GSI_INVENTORY,Mizoram,,Slide,Rainfall,point_08367
23.28611,92.85748,GSI_INVENTORY,Mizoram,,Slide,Rainfall,point_08368
23.28811,92.85743,GSI_INVENTORY,Mizoram,,Slide,Rainfall,point_08369
23.28985,92.86044,GSI_INVENTORY,Mizoram,,Slide,Rainfall,point_08370
23.29106,92.86037,GSI_INVENTORY,Mizoram,,Slide,Rainfall,point_08371
23.29314,92.85709,GSI_INVENTORY,Mizoram,,Slide,Rainfall,point_08372
23.28226,92.85238,GSI_INVENTORY,Mizoram,,Slide,Rainfall,point_08373
23.28395,92.85255,GSI_INVENTORY,Mizoram,,Slide,Rainfall,point_08374
23.29776,92.85617,GSI_INVENTORY,Mizoram,,Slide,Rainfall,point_08375
23.30246,92.85353,GSI_INVENTORY,Mizoram,,Slide,Rainfall,point_08376
23.28328,92.83177,GSI_INVENTORY,Mizoram,,Slide,Rainfall,point_08377
23.27789,92.84039,GSI_INVENTORY,Mizoram,,Slide,Rainfall,point_08378
23.2753,92.85038,GSI_INVENTORY,Mizoram,,Slide,Rainfall,point_08379
23.2741,92.84836,GSI_INVENTORY,Mizoram,,Slide,Rainfall,point_08380
23.277,92.85099,GSI_INVENTORY,Mizoram,,Slide,Rainfall,point_08381
23.2811,92.85765,GSI_INVENTORY,Mizoram,,Slide,Rainfall,point_08382
23.26004,92.88273,GSI_INVENTORY,Mizoram,,Slide,Rainfall,point_08383
23.27222,92.8733,GSI_INVENTORY,Mizoram,,Slide,Rainfall,point_08384
23.27741,92.87028,GSI_INVENTORY,Mizoram,,Slide,Rainfall,point_08385
23.27961,92.8696,GSI_INVENTORY,Mizoram,,Slide,Rainfall,point_08386
23.28152,92.86886,GSI_INVENTORY,Mizoram,,Slide,Rainfall,point_08387
23.29377,92.87145,GSI_INVENTORY,Mizoram,,Slide,Rainfall,point_08388
23.24348,92.90485,GSI_INVENTORY,Mizoram,,Slide,Rainfall,point_08389
23.25543,92.89092,GSI_INVENTORY,Mizoram,,Slide,Rainfall,point_08390
23.25529,92.88881,GSI_INVENTORY,Mizoram,,Slide,Rainfall,point_08391
23.21389,92.90489,GSI_INVENTORY,Mizoram,,Slide,Rainfall,point_08392
23.19552,92.90062,GSI_INVENTORY,Mizoram,,Slide,Rainfall,point_08393
23.16878,92.90097,GSI_INVENTORY,Mizoram,,Slide,Rainfall,point_08394
23.1725,92.90056,GSI_INVENTORY,Mizoram,,Fall,Rainfall,point_08395
23.24973,92.79663,GSI_INVENTORY,Mizoram,,Slide,Rainfall,point_08396
23.24582,92.79823,GSI_INVENTORY,Mizoram,,Slide,Rainfall,point_08397
23.24283,92.79813,GSI_INVENTORY,Mizoram,,Fall,Rainfall,point_08398
23.23035,92.79808,GSI_INVENTORY,Mizoram,,Slide,Rainfall,point_08399
23.22554,92.79836,GSI_INVENTORY,Mizoram,,Fall,Rainfall,point_08400
23.20806,92.79555,GSI_INVENTORY,Mizoram,,Slide,Rainfall,point_08401
23.18333,92.79472,GSI_INVENTORY,Mizoram,,Slide,Rainfall,point_08402
23.17372,92.73975,GSI_INVENTORY,Mizoram,,Slide,Rainfall,point_08403
23.18226,92.7371,GSI_INVENTORY,Mizoram,,Slide,Rainfall,point_08404
23.30028,92.74119,GSI_INVENTORY,Mizoram,,Slide,Rainfall,point_08405
23.29733,92.74068,GSI_INVENTORY,Mizoram,,Slide,Rainfall,point_08406
23.29764,92.74119,GSI_INVENTORY,Mizoram,,Slide,Rainfall,point_08407
23.29841,92.81508,GSI_INVENTORY,Mizoram,,Slide,Rainfall,point_08408
23.30526,92.80974,GSI_INVENTORY,Mizoram,,Slide,Rainfall,point_08409
23.31536,92.78691,GSI_INVENTORY,Mizoram,,Slide,Rainfall,point_08410
23.3154,92.79122,GSI_INVENTORY,Mizoram,,Slide,Rainfall,point_08411
23.31441,92.80866,GSI_INVENTORY,Mizoram,,Slide,Rainfall,point_08412
23.3538,92.79431,GSI_INVENTORY,Mizoram,,Slide,Rainfall,point_08413
23.33398,92.78188,GSI_INVENTORY,Mizoram,,Slide,Rainfall,point_08414
23.34986,92.78021,GSI_INVENTORY,Mizoram,,Slide,Rainfall,point_08415
23.35177,92.7817,GSI_INVENTORY,Mizoram,,Slide,Rainfall,point_08416
23.3082,92.73127,GSI_INVENTORY,Mizoram,,Slide,Rainfall,point_08417
23.30211,92.64952,GSI_INVENTORY,Mizoram,,Slide,Rainfall,point_08418
23.29804,92.64876,GSI_INVENTORY,Mizoram,,Slide,Rainfall,point_08419
23.27351,92.65731,GSI_INVENTORY,Mizoram,,Slide,Rainfall,point_08420
23.28113,92.6518,GSI_INVENTORY,Mizoram,,Slide,Rainfall,point_08421
23.27178,92.6377,GSI_INVENTORY,Mizoram,,Slide,Rainfall,point_08422
23.2747,92.64787,GSI_INVENTORY,Mizoram,,Slide,Rainfall,point_08423
23.26881,92.66551,GSI_INVENTORY,Mizoram,,Slide,Rainfall,point_08424
23.29659,92.69401,GSI_INVENTORY,Mizoram,,Slide,Rainfall,point_08425
23.29941,92.69671,GSI_INVENTORY,Mizoram,,Slide,Rainfall,point_08426
23.3014,92.69911,GSI_INVENTORY,Mizoram,,Slide,Rainfall,point_08427
23.30665,92.70748,GSI_INVENTORY,Mizoram,,Fall,Rainfall,point_08428
23.19355,92.68446,GSI_INVENTORY,Mizoram,,Slide,Rainfall,point_08429
23.20213,92.68144,GSI_INVENTORY,Mizoram,,Slide,Rainfall,point_08430
23.20111,92.68195,GSI_INVENTORY,Mizoram,,Slide,Rainfall,point_08431
23.19917,92.68333,GSI_INVENTORY,Mizoram,,Slide,Rainfall,point_08432
23.19419,92.68078,GSI_INVENTORY,Mizoram,,Slide,Rainfall,point_08433
23.19664,92.6798,GSI_INVENTORY,Mizoram,,Subsidence,Rainfall,point_08434
23.18471,92.67996,GSI_INVENTORY,Mizoram,,Slide,Rainfall,point_08435
23.22689,92.63853,GSI_INVENTORY,Mizoram,,Slide,Rainfall,point_08436
23.20802,92.67628,GSI_INVENTORY,Mizoram,,Slide,Rainfall,point_08437
23.21917,92.67691,GSI_INVENTORY,Mizoram,,Slide,Rainfall,point_08438
23.23037,92.67397,GSI_INVENTORY,Mizoram,,Slide,Rainfall,point_08439
23.23165,92.67371,GSI_INVENTORY,Mizoram,,Slide,Rainfall,point_08440
23.23565,92.67306,GSI_INVENTORY,Mizoram,,Slide,Rainfall,point_08441
23.24774,92.67133,GSI_INVENTORY,Mizoram,,Slide,Rainfall,point_08442
23.24231,92.64059,GSI_INVENTORY,Mizoram,,Slide,Rainfall,point_08443
23.24853,92.63958,GSI_INVENTORY,Mizoram,,Slide,Rainfall,point_08444
23.25495,92.63424,GSI_INVENTORY,Mizoram,,Slide,Rainfall,point_08445
23.17411,92.60892,GSI_INVENTORY,Mizoram,,Slide,Rainfall,point_08446
23.2053,92.58586,GSI_INVENTORY,Mizoram,,Slide,Rainfall,point_08447
23.20108,92.5808,GSI_INVENTORY,Mizoram,,Slide,Rainfall,point_08448
23.20498,92.57457,GSI_INVENTORY,Mizoram,,Slide,Rainfall,point_08449
23.18992,92.54953,GSI_INVENTORY,Mizoram,,Slide,Rainfall,point_08450
23.18911,92.54778,GSI_INVENTORY,Mizoram,,Fall,Rainfall,point_08451
23.1888,92.55249,GSI_INVENTORY,Mizoram,,Slide,Rainfall,point_08452
23.21306,92.58889,GSI_INVENTORY,Mizoram,,Slide,Rainfall,point_08453
23.214,92.58861,GSI_INVENTORY,Mizoram,,Slide,Rainfall,point_08454
23.24906,92.5465,GSI_INVENTORY,Mizoram,,Slide,Rainfall,point_08455
23.24656,92.55405,GSI_INVENTORY,Mizoram,,Slide,Rainfall,point_08456
23.3602,92.63291,GSI_INVENTORY,Mizoram,,Slide,Rainfall,point_08457
23.4219,92.7156,GSI_INVENTORY,Mizoram,,Slide,Rainfall,point_08458
23.41516,92.7222,GSI_INVENTORY,Mizoram,,Slide,Rainfall,point_08459
23.4135,92.72578,GSI_INVENTORY,Mizoram,,Slide,Rainfall,point_08460
23.42542,92.71611,GSI_INVENTORY,Mizoram,,Slide,Rainfall,point_08461
23.42335,92.71557,GSI_INVENTORY,Mizoram,,Slide,Rainfall,point_08462
23.42768,92.71496,GSI_INVENTORY,Mizoram,,Slide,Rainfall,point_08463
23.44065,92.70373,GSI_INVENTORY,Mizoram,,Slide,Rainfall,point_08464
23.43989,92.7023,GSI_INVENTORY,Mizoram,,Slide,Rainfall,point_08465
23.4423,92.6959,GSI_INVENTORY,Mizoram,,Slide,Rainfall,point_08466
23.47096,92.6929,GSI_INVENTORY,Mizoram,,Slide,Rainfall,point_08467
23.4702,92.69326,GSI_INVENTORY,Mizoram,,Slide,Rainfall,point_08468
23.4767,92.70585,GSI_INVENTORY,Mizoram,,Slide,Rainfall,point_08469
23.49901,92.70276,GSI_INVENTORY,Mizoram,,Slide,Rainfall,point_08470
23.4915,92.7055,GSI_INVENTORY,Mizoram,,Slide,Rainfall,point_08471
23.491,92.69687,GSI_INVENTORY,Mizoram,,Slide,Rainfall,point_08472
23.50361,92.61556,GSI_INVENTORY,Mizoram,,Slide,Rainfall,point_08473
23.47539,92.60575,GSI_INVENTORY,Mizoram,,Slide,Rainfall,point_08474
23.46097,92.59722,GSI_INVENTORY,Mizoram,,Slide,Rainfall,point_08475
23.46836,92.59172,GSI_INVENTORY,Mizoram,,Slide,Rainfall,point_08476
23.4871,92.60616,GSI_INVENTORY,Mizoram,,Slide,Rainfall,point_08477
23.50008,92.58589,GSI_INVENTORY,Mizoram,,Slide,Rainfall,point_08478
23.50178,92.58575,GSI_INVENTORY,Mizoram,,Slide,Rainfall,point_08479
23.51914,92.5795,GSI_INVENTORY,Mizoram,,Slide,Rainfall,point_08480
23.51975,92.57956,GSI_INVENTORY,Mizoram,,Slide,Rainfall,point_08481
23.53142,92.57306,GSI_INVENTORY,Mizoram,,Slide,Rainfall,point_08482
23.53336,92.57214,GSI_INVENTORY,Mizoram,,Slide,Rainfall,point_08483
23.546,92.57456,GSI_INVENTORY,Mizoram,,Slide,Rainfall,point_08484
23.20869,92.50975,GSI_INVENTORY,Mizoram,,Slide,Rainfall,point_08485
23.20808,92.50789,GSI_INVENTORY,Mizoram,,Slide,Rainfall,point_08486
23.20892,92.51869,GSI_INVENTORY,Mizoram,,Slide,Rainfall,point_08487
23.21003,92.52278,GSI_INVENTORY,Mizoram,,Slide,Rainfall,point_08488
23.20875,92.53836,GSI_INVENTORY,Mizoram,,Slide,Rainfall,point_08489
23.20596,92.53841,GSI_INVENTORY,Mizoram,,Slide,Rainfall,point_08490
23.20905,92.54061,GSI_INVENTORY,Mizoram,,Slide,Rainfall,point_08491
23.18,92.49,GSI_INVENTORY,Mizoram,,Slide,Rainfall,point_08492
23.25,92.48,GSI_INVENTORY,Mizoram,,Slide,Rainfall,point_08493
23.72719,92.24272,GSI_INVENTORY,Tripura,,Fall,Rainfall,point_08494
23.69,92.35,GSI_INVENTORY,Mizoram,,Slide,Rainfall,point_08495
23.57,92.47,GSI_INVENTORY,Mizoram,,Slide,Rainfall,point_08496
23.69,92.49,GSI_INVENTORY,Mizoram,,Slide,Rainfall,point_08497
23.78,92.36,GSI_INVENTORY,Mizoram,,Slide,Rainfall,point_08498
23.79,92.36,GSI_INVENTORY,Mizoram,,Slide,Rainfall,point_08499
23.84,92.37,GSI_INVENTORY,Mizoram,,Slide,Rainfall,point_08500
23.86,92.37,GSI_INVENTORY,Mizoram,,Slide,Rainfall,point_08501
23.76714,92.53389,GSI_INVENTORY,Mizoram,,Slide,Rainfall,point_08502
23.76821,92.53968,GSI_INVENTORY,Mizoram,,Slide,Rainfall,point_08503
23.8,92.5,GSI_INVENTORY,Mizoram,,Slide,Rainfall,point_08504
23.81,92.5,GSI_INVENTORY,Mizoram,,Slide,Rainfall,point_08505
23.87,92.5,GSI_INVENTORY,Mizoram,,Slide,Rainfall,point_08506
23.88,92.5,GSI_INVENTORY,Mizoram,,Slide,Rainfall,point_08507
23.91,92.45,GSI_INVENTORY,Mizoram,,Slide,Rainfall,point_08508
23.9,92.39,GSI_INVENTORY,Mizoram,,Slide,Rainfall,point_08509
23.93,92.37,GSI_INVENTORY,Mizoram,,Flow,Rainfall,point_08510
23.94,92.37,GSI_INVENTORY,Mizoram,,Slide,Rainfall,point_08511
23.95,92.37,GSI_INVENTORY,Mizoram,,Slide,Rainfall,point_08512
23.92719,92.27539,GSI_INVENTORY,Tripura,,Fall,Rainfall,point_08513
23.89619,92.29667,GSI_INVENTORY,Tripura,,Slide,Rainfall,point_08514
23.91447,92.27125,GSI_INVENTORY,Tripura,,Slide,Rainfall,point_08515
23.90692,92.27194,GSI_INVENTORY,Tripura,,Slide,Rainfall,point_08516
23.89756,92.28289,GSI_INVENTORY,Tripura,,Slide,Rainfall,point_08517
23.89681,92.28336,GSI_INVENTORY,Tripura,,Slide,Rainfall,point_08518
23.89994,92.27922,GSI_INVENTORY,Tripura,,Slide,Rainfall,point_08519
23.89467,92.28797,GSI_INVENTORY,Tripura,,Slide,Rainfall,point_08520
23.89125,92.28806,GSI_INVENTORY,Tripura,,Slide,Rainfall,point_08521
23.89269,92.27267,GSI_INVENTORY,Tripura,,Slide,Rainfall,point_08522
23.89028,92.27253,GSI_INVENTORY,Tripura,,Slide,Rainfall,point_08523
23.86,92.35,GSI_INVENTORY,Mizoram,,Slide,Anthropogenic,point_08524
23.85,92.33,GSI_INVENTORY,Mizoram,,Slide,Rainfall,point_08525
23.82472,92.26072,GSI_INVENTORY,Tripura,,Slide,Rainfall,point_08526
23.88283,92.24158,GSI_INVENTORY,Tripura,,Slide,Rainfall,point_08527
23.95333,92.23314,GSI_INVENTORY,Tripura,,Flow,Rainfall,point_08528
24.03114,92.2535,GSI_INVENTORY,Tripura,,Slide,Rainfall,point_08529
24.04856,92.31431,GSI_INVENTORY,Tripura,,Slide,Rainfall,point_08530
24.07061,92.29094,GSI_INVENTORY,Tripura,,Slide,Rainfall,point_08531
24.06956,92.29136,GSI_INVENTORY,Tripura,,Slide,Rainfall,point_08532
24.06847,92.29083,GSI_INVENTORY,Tripura,,Slide,Rainfall,point_08533
24.06319,92.28225,GSI_INVENTORY,Tripura,,Flow, ,point_08534
24.06944,92.28717,GSI_INVENTORY,Tripura,,Slide,Rainfall,point_08535
24.06664,92.27742,GSI_INVENTORY,Tripura,,Fall,Rainfall,point_08536
24.10644,92.27639,GSI_INVENTORY,Tripura,,Slide,Rainfall,point_08537
24.10703,92.27667,GSI_INVENTORY,Tripura,,Slide,Rainfall,point_08538
24.07117,92.29169,GSI_INVENTORY,Tripura,,Slide,Rainfall,point_08539
24.14169,92.32231,GSI_INVENTORY,Tripura,,Slide,Rainfall,point_08540
24.13986,92.31917,GSI_INVENTORY,Tripura,,Slide,Rainfall,point_08541
24.17,92.33,GSI_INVENTORY,Mizoram,,Slide,Rainfall,point_08542
24.13472,92.27764,GSI_INVENTORY,Tripura,,Slide,Rainfall,point_08543
24.13331,92.27775,GSI_INVENTORY,Tripura,,Slide,Rainfall,point_08544
24.12908,92.27767,GSI_INVENTORY,Tripura,,Slide,Rainfall,point_08545
24.14272,92.27358,GSI_INVENTORY,Tripura,,Slide,Rainfall,point_08546
24.16558,92.26839,GSI_INVENTORY,Tripura,,Slide,Rainfall,point_08547
24.21236,92.25811,GSI_INVENTORY,Tripura,,Slide,Rainfall,point_08548
24.24019,92.24786,GSI_INVENTORY,Tripura,,Slide,Rainfall,point_08549
24.22811,92.28742,GSI_INVENTORY,Tripura,,Slide,Rainfall,point_08550
24.19,92.33,GSI_INVENTORY,Mizoram,,Slide,Rainfall,point_08551
24.2,92.42,GSI_INVENTORY,Mizoram,,Slide,Rainfall,point_08552
24.24,92.36,GSI_INVENTORY,Mizoram,,Slide,Rainfall,point_08553
24.32,92.51,GSI_INVENTORY,Assam,,Slide,Rainfall,point_08554
24.27,92.5,GSI_INVENTORY,Assam,,Slide,Rainfall,point_08555
24.18,92.54,GSI_INVENTORY,Mizoram,,Slide,Rainfall,point_08556
24.17,92.53,GSI_INVENTORY,Mizoram,,Slide,Rainfall,point_08557
24.17,92.52,GSI_INVENTORY,Mizoram,,Slide,Rainfall,point_08558
24.13,92.52,GSI_INVENTORY,Mizoram,,Slide,Rainfall,point_08559
24.08,92.51,GSI_INVENTORY,Mizoram,,Slide,Rainfall,point_08560
24.1,92.51,GSI_INVENTORY,Mizoram,,Slide,Rainfall,point_08561
24.12,92.46,GSI_INVENTORY,Mizoram,,Slide,Rainfall,point_08562
24.14,92.41,GSI_INVENTORY,Mizoram,,Slide,Rainfall,point_08563
24.15,92.41,GSI_INVENTORY,Mizoram,,Slide,Rainfall,point_08564
24.11,92.39,GSI_INVENTORY,Mizoram,,Slide,Rainfall,point_08565
24.12,92.38,GSI_INVENTORY,Mizoram,,Slide,Rainfall,point_08566
24.12,92.36,GSI_INVENTORY,Mizoram,,Slide,Rainfall,point_08567
24.1,92.37,GSI_INVENTORY,Mizoram,,Slide,Rainfall,point_08568
24.09,92.37,GSI_INVENTORY,Mizoram,,Slide,Rainfall,point_08569
24.08,92.39,GSI_INVENTORY,Mizoram,,Slide,Rainfall,point_08570
24.09,92.4,GSI_INVENTORY,Mizoram,,Slide,Rainfall,point_08571
24.1,92.42,GSI_INVENTORY,Mizoram,,Slide,Rainfall,point_08572
24.06,92.39,GSI_INVENTORY,Mizoram,,Slide,Rainfall,point_08573
24.05,92.38,GSI_INVENTORY,Mizoram,,Slide,Rainfall,point_08574
24.17033,92.64132,GSI_INVENTORY,Mizoram,,Slide, ,point_08575
24.17146,92.64104,GSI_INVENTORY,Mizoram,,Slide, ,point_08576
24.03059,92.66842,GSI_INVENTORY,Mizoram,,Slide, ,point_08577
24.03356,92.67427,GSI_INVENTORY,Mizoram,,Slide, ,point_08578
24.03019,92.67338,GSI_INVENTORY,Mizoram,,Slide, ,point_08579
24.02151,92.67378,GSI_INVENTORY,Mizoram,,Slide, ,point_08580
23.99722,92.68172,GSI_INVENTORY,Mizoram,,Slide,Rainfall,point_08581
24.00487,92.67727,GSI_INVENTORY,Mizoram,,Slide, ,point_08582
23.99016,92.68075,GSI_INVENTORY,Mizoram,,Slide,Rainfall,point_08583
23.98611,92.68158,GSI_INVENTORY,Mizoram,,Slide,Rainfall,point_08584
23.98367,92.68333,GSI_INVENTORY,Mizoram,,Slide,Rainfall,point_08585
23.97641,92.68331,GSI_INVENTORY,Mizoram,,Fall, ,point_08586
23.97222,92.68325,GSI_INVENTORY,Mizoram,,Slide,Rainfall,point_08587
23.97108,92.68278,GSI_INVENTORY,Mizoram,,Slide,Rainfall,point_08588
23.97351,92.6839,GSI_INVENTORY,Mizoram,,Slide,Rainfall,point_08589
23.97947,92.68414,GSI_INVENTORY,Mizoram,,Slide,Rainfall,point_08590
23.9865,92.70981,GSI_INVENTORY,Mizoram,,Slide,Rainfall,point_08591
23.982,92.71803,GSI_INVENTORY,Mizoram,,Slide,Rainfall,point_08592
23.98497,92.77203,GSI_INVENTORY,Mizoram,,Slide,Rainfall,point_08593
24.00977,92.76735,GSI_INVENTORY,Mizoram,,Slide, ,point_08594
24.05039,92.77553,GSI_INVENTORY,Mizoram,,Slide, ,point_08595
24.04528,92.77517,GSI_INVENTORY,Mizoram,,Slide, ,point_08596
24.04349,92.77542,GSI_INVENTORY,Mizoram,,Slide, ,point_08597
24.0407,92.77428,GSI_INVENTORY,Mizoram,,Slide, ,point_08598
24.03634,92.77085,GSI_INVENTORY,Mizoram,,Slide, ,point_08599
24.03689,92.77128,GSI_INVENTORY,Mizoram,,Slide, ,point_08600
24.02509,92.76916,GSI_INVENTORY,Mizoram,,Slide, ,point_08601
24.02429,92.77136,GSI_INVENTORY,Mizoram,,Slide, ,point_08602
24.02238,92.77308,GSI_INVENTORY,Mizoram,,Slide, ,point_08603
24.02219,92.77189,GSI_INVENTORY,Mizoram,,Slide, ,point_08604
24.03079,92.79331,GSI_INVENTORY,Mizoram,,Slide, ,point_08605
24.03974,92.78005,GSI_INVENTORY,Mizoram,,Fall, ,point_08606
24.05327,92.77647,GSI_INVENTORY,Mizoram,,Slide, ,point_08607
24.07028,92.78774,GSI_INVENTORY,Mizoram,,Slide, ,point_08608
24.01586,92.79767,GSI_INVENTORY,Mizoram,,Slide, ,point_08609
24.00419,92.90411,GSI_INVENTORY,Mizoram,,Slide, ,point_08610
24.02483,92.88886,GSI_INVENTORY,Mizoram,,Slide, ,point_08611
24.03042,92.90149,GSI_INVENTORY,Mizoram,,Slide, ,point_08612
24.02549,92.90748,GSI_INVENTORY,Mizoram,,Slide, ,point_08613
24.02656,92.91191,GSI_INVENTORY,Mizoram,,Fall, ,point_08614
24.02872,92.9093,GSI_INVENTORY,Mizoram,,Slide, ,point_08615
24.06758,92.89308,GSI_INVENTORY,Mizoram,,Slide, ,point_08616
24.06682,92.89359,GSI_INVENTORY,Mizoram,,Slide, ,point_08617
24.06748,92.89347,GSI_INVENTORY,Mizoram,,Slide, ,point_08618
24.07804,92.91411,GSI_INVENTORY,Mizoram,,Slide, ,point_08619
24.08094,92.91417,GSI_INVENTORY,Mizoram,,Slide, ,point_08620
24.16202,92.79761,GSI_INVENTORY,Mizoram,,Slide, ,point_08621
24.14661,92.79653,GSI_INVENTORY,Mizoram,,Slide, ,point_08622
24.12563,92.80595,GSI_INVENTORY,Mizoram,,Slide, ,point_08623
24.12529,92.80585,GSI_INVENTORY,Mizoram,,Slide, ,point_08624
24.10246,92.81136,GSI_INVENTORY,Mizoram,,Slide, ,point_08625
24.09176,92.80397,GSI_INVENTORY,Mizoram,,Slide, ,point_08626
24.09166,92.79613,GSI_INVENTORY,Mizoram,,Slide, ,point_08627
24.09136,92.79601,GSI_INVENTORY,Mizoram,,Slide, ,point_08628
24.07701,92.79081,GSI_INVENTORY,Mizoram,,Slide, ,point_08629
24.07604,92.79067,GSI_INVENTORY,Mizoram,,Slide, ,point_08630
24.07814,92.7909,GSI_INVENTORY,Mizoram,,Slide, ,point_08631
24.07842,92.79219,GSI_INVENTORY,Mizoram,,Slide, ,point_08632
24.08138,92.79309,GSI_INVENTORY,Mizoram,,Slide, ,point_08633
24.10201,92.79163,GSI_INVENTORY,Mizoram,,Slide, ,point_08634
24.23787,92.79812,GSI_INVENTORY,Mizoram,,Slide, ,point_08635
24.26,92.81,GSI_INVENTORY,Mizoram,,Flow,Rainfall,point_08636
24.27,92.81,GSI_INVENTORY,Mizoram,,Slide,Rainfall,point_08637
24.23779,92.80573,GSI_INVENTORY,Mizoram,,Slide, ,point_08638
24.22558,92.80588,GSI_INVENTORY,Mizoram,,Slide, ,point_08639
24.22569,92.80545,GSI_INVENTORY,Mizoram,,Slide, ,point_08640
24.23255,92.81525,GSI_INVENTORY,Mizoram,,Slide, ,point_08641
24.2293,92.819,GSI_INVENTORY,Mizoram,,Slide, ,point_08642
24.21587,92.80245,GSI_INVENTORY,Mizoram,,Slide, ,point_08643
24.21651,92.80259,GSI_INVENTORY,Mizoram,,Slide, ,point_08644
24.2206,92.80296,GSI_INVENTORY,Mizoram,,Slide, ,point_08645
24.18372,92.79891,GSI_INVENTORY,Mizoram,,Slide, ,point_08646
24.32,92.84,GSI_INVENTORY,Mizoram,,Slide,Rainfall,point_08647
24.37,92.9,GSI_INVENTORY,Mizoram,,Slide,Rainfall,point_08648
24.37,92.89,GSI_INVENTORY,Mizoram,,Slide,Rainfall,point_08649
24.36,92.89,GSI_INVENTORY,Mizoram,,Slide,Rainfall,point_08650
24.36,92.88,GSI_INVENTORY,Mizoram,,Slide,Rainfall,point_08651
24.37,92.87,GSI_INVENTORY,Mizoram,,Slide,Rainfall,point_08652
24.37,92.86,GSI_INVENTORY,Mizoram,,Slide,Rainfall,point_08653
24.37,92.85,GSI_INVENTORY,Mizoram,,Slide,Rainfall,point_08654
24.35,92.85,GSI_INVENTORY,Mizoram,,Slide,Rainfall,point_08655
24.35,92.84,GSI_INVENTORY,Mizoram,,Slide,Rainfall,point_08656
24.34,92.84,GSI_INVENTORY,Mizoram,,Slide,Rainfall,point_08657
24.33,92.84,GSI_INVENTORY,Mizoram,,Slide,Rainfall,point_08658
24.36,92.83,GSI_INVENTORY,Mizoram,,Slide,Rainfall,point_08659
24.36,92.82,GSI_INVENTORY,Mizoram,,Slide,Rainfall,point_08660
24.37,92.81,GSI_INVENTORY,Mizoram,,Slide,Rainfall,point_08661
24.37,92.78,GSI_INVENTORY,Mizoram,,Slide,Rainfall,point_08662
24.35,92.82,GSI_INVENTORY,Mizoram,,Slide,Rainfall,point_08663
24.29,92.82,GSI_INVENTORY,Mizoram,,Slide,Rainfall,point_08664
24.28,92.81,GSI_INVENTORY,Mizoram,,Slide,Rainfall,point_08665
24.34,92.74,GSI_INVENTORY,Mizoram,,Slide,Rainfall,point_08666
24.34,92.77,GSI_INVENTORY,Mizoram,,Fall,Rainfall,point_08667
24.35,92.72,GSI_INVENTORY,Mizoram,,Slide,Rainfall,point_08668
24.33,92.72,GSI_INVENTORY,Mizoram,,Slide,Rainfall,point_08669
24.34,92.71,GSI_INVENTORY,Mizoram,,Slide,Rainfall,point_08670
24.34,92.66,GSI_INVENTORY,Mizoram,,Slide,Rainfall,point_08671
24.35,92.67,GSI_INVENTORY,Mizoram,,Slide,Rainfall,point_08672
24.29,92.65,GSI_INVENTORY,Mizoram,,Slide,Rainfall,point_08673
24.28,92.64,GSI_INVENTORY,Mizoram,,Slide,Rainfall,point_08674
24.28,92.65,GSI_INVENTORY,Mizoram,,Slide,Rainfall,point_08675
24.3,92.7,GSI_INVENTORY,Mizoram,,Slide,Rainfall,point_08676
24.31,92.71,GSI_INVENTORY,Mizoram,,Slide,Rainfall,point_08677
24.26,92.69,GSI_INVENTORY,Mizoram,,Slide,Rainfall,point_08678
24.24024,92.69429,GSI_INVENTORY,Mizoram,,Slide, ,point_08679
24.18026,92.69074,GSI_INVENTORY,Mizoram,,Slide, ,point_08680
24.2115,92.67926,GSI_INVENTORY,Mizoram,,Slide, ,point_08681
24.21437,92.6804,GSI_INVENTORY,Mizoram,,Slide, ,point_08682
24.23912,92.63937,GSI_INVENTORY,Mizoram,,Slide, ,point_08683
24.24357,92.6458,GSI_INVENTORY,Mizoram,,Slide, ,point_08684
24.23875,92.68154,GSI_INVENTORY,Mizoram,,Slide, ,point_08685
24.24496,92.68301,GSI_INVENTORY,Mizoram,,Slide, ,point_08686
24.24565,92.68155,GSI_INVENTORY,Mizoram,,Slide, ,point_08687
24.26,92.67,GSI_INVENTORY,Mizoram,,Slide,Rainfall,point_08688
24.25,92.68,GSI_INVENTORY,Mizoram,,Slide,Rainfall,point_08689
24.27,92.65,GSI_INVENTORY,Mizoram,,Slide,Rainfall,point_08690
24.26,92.65,GSI_INVENTORY,Mizoram,,Slide,Rainfall,point_08691
24.23782,92.61206,GSI_INVENTORY,Mizoram,,Slide, ,point_08692
24.2171,92.63254,GSI_INVENTORY,Mizoram,,Fall, ,point_08693
24.18721,92.63386,GSI_INVENTORY,Mizoram,,Slide, ,point_08694
24.18812,92.59528,GSI_INVENTORY,Mizoram,,Fall, ,point_08695
24.31,92.56,GSI_INVENTORY,Assam,,Slide,Rainfall,point_08696
24.44,92.56,GSI_INVENTORY,Assam,,Slide,Rainfall,point_08697
24.43,92.55,GSI_INVENTORY,Assam,,Slide,Rainfall,point_08698
24.53,92.63,GSI_INVENTORY,Assam,,Slide,Rainfall,point_08699
24.54,92.63,GSI_INVENTORY,Assam,,Slide,Rainfall,point_08700
24.47897,92.68286,GSI_INVENTORY,Assam,,Slide,Rainfall,point_08701
24.51,92.64,GSI_INVENTORY,Assam,,Slide,Rainfall,point_08702
24.57025,92.685,GSI_INVENTORY,Assam,,Slide, ,point_08703
24.51,92.71,GSI_INVENTORY,Assam,,Slide,Rainfall,point_08704
24.51131,92.69303,GSI_INVENTORY,Assam,,Slide,Rainfall,point_08705
24.38,92.68,GSI_INVENTORY,Mizoram,,Slide,Rainfall,point_08706
24.47,92.76,GSI_INVENTORY,Mizoram,,Slide,Rainfall,point_08707
24.45,92.78,GSI_INVENTORY,Mizoram,,Slide,Rainfall,point_08708
24.41,92.8,GSI_INVENTORY,Mizoram,,Slide,Rainfall,point_08709
24.39,92.79,GSI_INVENTORY,Mizoram,,Slide,Rainfall,point_08710
24.4,92.8,GSI_INVENTORY,Mizoram,,Slide,Rainfall,point_08711
24.38,92.82,GSI_INVENTORY,Mizoram,,Slide,Rainfall,point_08712
24.51,92.9,GSI_INVENTORY,Assam,,Slide,Rainfall,point_08713
24.53,92.84,GSI_INVENTORY,Assam,,Slide,Rainfall,point_08714
24.51,92.77,GSI_INVENTORY,Mizoram,,Fall,Rainfall,point_08715
24.5,92.77,GSI_INVENTORY,Mizoram,,Slide,Rainfall,point_08716
24.48,92.76,GSI_INVENTORY,Mizoram,,Slide,Rainfall,point_08717
24.51,92.75,GSI_INVENTORY,Assam,,Slide,Rainfall,point_08718
24.55,92.74,GSI_INVENTORY,Assam,,Slide,Rainfall,point_08719
24.55,92.75,GSI_INVENTORY,Assam,,Slide,Rainfall,point_08720
24.63,92.74,GSI_INVENTORY,Assam,,Slide,Rainfall,point_08721
24.62,92.83,GSI_INVENTORY,Assam,,Slide,Rainfall,point_08722
24.62,92.84,GSI_INVENTORY,Assam,,Slide,Rainfall,point_08723
24.71083,92.48117,GSI_INVENTORY,Assam,,Slide, ,point_08724
24.65939,92.49736,GSI_INVENTORY,Assam,,Slide,Rainfall,point_08725
24.48,92.49,GSI_INVENTORY,Assam,,Slide,Rainfall,point_08726
24.52,92.53,GSI_INVENTORY,Assam,,Slide,Rainfall,point_08727
24.51594,92.54089,GSI_INVENTORY,Assam,,Slide,Rainfall,point_08728
24.46,92.52,GSI_INVENTORY,Assam,,Slide,Rainfall,point_08729
24.44,92.5,GSI_INVENTORY,Assam,,Slide,Rainfall,point_08730
24.70619,92.28997,GSI_INVENTORY,Assam,,Flow, ,point_08731
24.02819,92.09186,GSI_INVENTORY,Tripura,,Slide,Rainfall,point_08732
24.0335,92.10069,GSI_INVENTORY,Tripura,,Slide,Rainfall,point_08733
24.03914,92.10694,GSI_INVENTORY,Tripura,,Slide,Rainfall,point_08734
23.98033,91.47528,GSI_INVENTORY,Tripura,,Slide,Rainfall,point_08735
24.00342,91.45425,GSI_INVENTORY,Tripura,,Slide,Rainfall,point_08736
24.01231,91.45178,GSI_INVENTORY,Tripura,,Slide,Rainfall,point_08737
23.85417,91.34361,GSI_INVENTORY,Tripura,,Slide, ,point_08738
23.75153,91.60453,GSI_INVENTORY,Mizoram,,Slide,Rainfall,point_08739
23.79425,91.55353,GSI_INVENTORY,Tripura,,Slide,Rainfall,point_08740
23.79344,91.55206,GSI_INVENTORY,Tripura,,Slide,Rainfall,point_08741
23.72578,91.64569,GSI_INVENTORY,Nagaland,,Slide,Rainfall.,point_08742
23.72547,91.64664,GSI_INVENTORY,Nagaland,,Slide,Rainfall.,point_08743
23.82828,92.02339,GSI_INVENTORY,Tripura,,Slide,Rainfall,point_08744
23.821,92.09442,GSI_INVENTORY,Tripura,,Slide,Rainfall,point_08745
23.80553,92.12042,GSI_INVENTORY,Tripura,,Slide,Rainfall,point_08746
23.79344,92.12583,GSI_INVENTORY,Tripura,,Slide,Rainfall,point_08747
23.79731,92.12042,GSI_INVENTORY,Tripura,,Slide,Rainfall,point_08748
23.69222,92.01583,GSI_INVENTORY,Tripura,,Slide, ,point_08749
23.693,92.01436,GSI_INVENTORY,Tripura,,Slide,Rainfall,point_08750
23.69414,92.01328,GSI_INVENTORY,Tripura,,Slide,Rainfall,point_08751
23.68742,92.05453,GSI_INVENTORY,Tripura,,Slide,Rainfall,point_08752
23.679,92.03928,GSI_INVENTORY,Tripura,,Slide,Rainfall,point_08753
23.67806,92.03803,GSI_INVENTORY,Tripura,,Slide,Rainfall,point_08754
23.69925,92.04469,GSI_INVENTORY,Tripura,,Slide,Rainfall,point_08755
23.69117,92.05544,GSI_INVENTORY,Tripura,,Slide,Rainfall,point_08756
23.693,92.05447,GSI_INVENTORY,Tripura,,Slide,Rainfall,point_08757
23.69769,92.07119,GSI_INVENTORY,Tripura,,Slide,Rainfall,point_08758
23.65356,92.03514,GSI_INVENTORY,Tripura,,Slide,Rainfall,point_08759
23.66336,92.01511,GSI_INVENTORY,Tripura,,Slide,Rainfall,point_08760
22.05,92.66,GSI_INVENTORY,Mizoram,,Slide,Rainfall,point_08761
22.08,92.65,GSI_INVENTORY,Mizoram,,Slide,Rainfall,point_08762
22.06,92.66,GSI_INVENTORY,Mizoram,,Slide,Rainfall,point_08763
22.11,92.88,GSI_INVENTORY,Mizoram,,Slide,Rainfall,point_08764
22.11,92.86,GSI_INVENTORY,Mizoram,,Slide,Rainfall,point_08765
22.1,92.86,GSI_INVENTORY,Mizoram,,Slide,Rainfall,point_08766
22.1,92.85,GSI_INVENTORY,Mizoram,,Slide,Rainfall,point_08767
22.11,92.85,GSI_INVENTORY,Mizoram,,Slide,Rainfall,point_08768
22.18,92.77,GSI_INVENTORY,Mizoram,,Slide,Rainfall,point_08769
22.15,92.78,GSI_INVENTORY,Mizoram,,Slide,Rainfall,point_08770
22.16,92.8,GSI_INVENTORY,Mizoram,,Slide,Rainfall,point_08771
22.14,92.88,GSI_INVENTORY,Mizoram,,Slide,Rainfall,point_08772
22.15,92.88,GSI_INVENTORY,Mizoram,,Slide,Rainfall,point_08773
22.30994,92.76806,GSI_INVENTORY,Mizoram,,Slide,Rainfall,point_08774
22.321,92.772,GSI_INVENTORY,Mizoram,,Slide,Rainfall,point_08775
22.326,92.771,GSI_INVENTORY,Mizoram,,Slide,Rainfall,point_08776
22.32889,92.77,GSI_INVENTORY,Mizoram,,Slide,Rainfall,point_08777
22.33,92.75,GSI_INVENTORY,Mizoram,,Slide,Rainfall,point_08778
22.32,92.73,GSI_INVENTORY,Mizoram,,Slide,Rainfall,point_08779
22.33,92.73,GSI_INVENTORY,Mizoram,,Slide,Rainfall,point_08780
22.33,92.74,GSI_INVENTORY,Mizoram,,Slide,Rainfall,point_08781
22.33,92.72,GSI_INVENTORY,Mizoram,,Slide,Rainfall,point_08782
22.33,92.69,GSI_INVENTORY,Mizoram,,Slide,Rainfall,point_08783
22.33,92.65,GSI_INVENTORY,Mizoram,,Slide,Anthropogenic,point_08784
22.27,92.68,GSI_INVENTORY,Mizoram,,Slide,Rainfall,point_08785
22.26,92.68,GSI_INVENTORY,Mizoram,,Slide,Rainfall,point_08786
22.24,92.68,GSI_INVENTORY,Mizoram,,Slide,Rainfall,point_08787
22.24,92.69,GSI_INVENTORY,Mizoram,,Slide,Rainfall,point_08788
22.19,92.69,GSI_INVENTORY,Mizoram,,Slide,Rainfall,point_08789
22.22,92.62,GSI_INVENTORY,Mizoram,,Slide,Rainfall,point_08790
22.23,92.62,GSI_INVENTORY,Mizoram,,Slide,Rainfall,point_08791
22.21,92.61,GSI_INVENTORY,Mizoram,,Slide,Anthropogenic,point_08792
22.2,92.61,GSI_INVENTORY,Mizoram,,Slide,Anthropogenic,point_08793
22.19,92.61,GSI_INVENTORY,Mizoram,,Slide,Rainfall,point_08794
22.15,92.63,GSI_INVENTORY,Mizoram,,Slide,Rainfall,point_08795
22.15,92.62,GSI_INVENTORY,Mizoram,,Slide,Rainfall,point_08796
22.16,92.62,GSI_INVENTORY,Mizoram,,Slide,Rainfall,point_08797
22.18,92.61,GSI_INVENTORY,Mizoram,,Slide,Rainfall,point_08798
22.24,92.6,GSI_INVENTORY,Mizoram,,Slide,Rainfall,point_08799
22.25,92.62,GSI_INVENTORY,Mizoram,,Slide,Rainfall,point_08800
22.24,92.62,GSI_INVENTORY,Mizoram,,Slide,Rainfall,point_08801
22.25,92.63,GSI_INVENTORY,Mizoram,,Slide,Rainfall,point_08802
22.26,92.63,GSI_INVENTORY,Mizoram,,Slide,Rainfall,point_08803
22.27,92.63,GSI_INVENTORY,Mizoram,,Slide,Rainfall,point_08804
22.28,92.63,GSI_INVENTORY,Mizoram,,Slide,Rainfall,point_08805
22.29,92.63,GSI_INVENTORY,Mizoram,,Slide,Rainfall,point_08806
22.31,92.63,GSI_INVENTORY,Mizoram,,Slide,Rainfall,point_08807
22.33,92.63,GSI_INVENTORY,Mizoram,,Slide,Rainfall,point_08808
22.3,92.59,GSI_INVENTORY,Mizoram,,Slide,Rainfall,point_08809
22.55,92.54,GSI_INVENTORY,Mizoram,,Slide,Rainfall,point_08810
22.61,92.54,GSI_INVENTORY,Mizoram,,Slide,Rainfall,point_08811
22.71,92.54,GSI_INVENTORY,Mizoram,,Slide,Anthropogenic,point_08812
22.74,92.52,GSI_INVENTORY,Mizoram,,Slide,Rainfall,point_08813
22.93,92.5,GSI_INVENTORY,Mizoram,,Slide,Rainfall,point_08814
22.91362,92.50883,GSI_INVENTORY,Mizoram,,Slide,Rainfall,point_08815
22.89,92.49,GSI_INVENTORY,Mizoram,,Slide,Rainfall,point_08816
22.9,92.49,GSI_INVENTORY,Mizoram,,Slide,Rainfall,point_08817
22.9,92.48,GSI_INVENTORY,Mizoram,,Slide,Rainfall,point_08818
22.89,92.48,GSI_INVENTORY,Mizoram,,Slide,Rainfall,point_08819
22.88,92.48,GSI_INVENTORY,Mizoram,,Slide,Rainfall,point_08820
22.88,92.49,GSI_INVENTORY,Mizoram,,Slide,Rainfall,point_08821
22.87,92.49,GSI_INVENTORY,Mizoram,,Slide,Rainfall,point_08822
22.87,92.48,GSI_INVENTORY,Mizoram,,Slide,Rainfall,point_08823
22.88,92.46,GSI_INVENTORY,Mizoram,,Slide,Rainfall,point_08824
22.88,92.47,GSI_INVENTORY,Mizoram,,Slide,Rainfall,point_08825
22.89,92.47,GSI_INVENTORY,Mizoram,,Slide,Rainfall,point_08826
22.9,92.47,GSI_INVENTORY,Mizoram,,Slide,Rainfall,point_08827
22.9,92.46,GSI_INVENTORY,Mizoram,,Slide,Rainfall,point_08828
22.89,92.46,GSI_INVENTORY,Mizoram,,Slide,Rainfall,point_08829
22.91,92.46,GSI_INVENTORY,Mizoram,,Slide,Rainfall,point_08830
22.91,92.47,GSI_INVENTORY,Mizoram,,Slide,Rainfall,point_08831
22.93,92.48,GSI_INVENTORY,Mizoram,,Slide,Rainfall,point_08832
22.93,92.49,GSI_INVENTORY,Mizoram,,Slide,Rainfall,point_08833
22.82402,92.60892,GSI_INVENTORY,Mizoram,,Slide,"Rainfall, Anthropogenic",point_08834
22.82355,92.62844,GSI_INVENTORY,Mizoram,,Slide,"Rainfall, Anthropogenic",point_08835
22.8226,92.62451,GSI_INVENTORY,Mizoram,,Slide,"Rainfall, Anthropogenic",point_08836
22.78663,92.62748,GSI_INVENTORY,Mizoram,,Slide,Anthropogenic,point_08837
22.79068,92.61498,GSI_INVENTORY,Mizoram,,Slide,Anthropogenic,point_08838
22.78627,92.62066,GSI_INVENTORY,Mizoram,,Slide,Anthropogenic,point_08839
22.78958,92.62189,GSI_INVENTORY,Mizoram,,Slide,Anthropogenic,point_08840
22.84526,92.67494,GSI_INVENTORY,Mizoram,,Slide, ,point_08841
22.82106,92.6377,GSI_INVENTORY,Mizoram,,Flow,Rainfall,point_08842
22.85103,92.69497,GSI_INVENTORY,Mizoram,,Fall, ,point_08843
22.87052,92.70387,GSI_INVENTORY,Mizoram,,Slide,Rainfall,point_08844
22.86242,92.70606,GSI_INVENTORY,Mizoram,,Slide,Rainfall,point_08845
22.86041,92.70579,GSI_INVENTORY,Mizoram,,Slide,"Rainfall, Anthropogenic",point_08846
22.85773,92.70448,GSI_INVENTORY,Mizoram,,Slide,Rainfall,point_08847
22.85558,92.69914,GSI_INVENTORY,Mizoram,,Slide, ,point_08848
22.85258,92.70186,GSI_INVENTORY,Mizoram,,Slide, ,point_08849
22.85697,92.70764,GSI_INVENTORY,Mizoram,,Slide, ,point_08850
22.86025,92.70778,GSI_INVENTORY,Mizoram,,Slide, ,point_08851
22.86428,92.71097,GSI_INVENTORY,Mizoram,,Slide, ,point_08852
22.88366,92.71578,GSI_INVENTORY,Mizoram,,Slide,Rainfall,point_08853
22.88408,92.72978,GSI_INVENTORY,Mizoram,,Fall, ,point_08854
22.88665,92.7245,GSI_INVENTORY,Mizoram,,Slide,Rainfall,point_08855
22.88955,92.72807,GSI_INVENTORY,Mizoram,,Slide,Rainfall,point_08856
22.89908,92.72131,GSI_INVENTORY,Mizoram,,Slide,Rainfall,point_08857
22.90442,92.72281,GSI_INVENTORY,Mizoram,,Slide, ,point_08858
22.93344,92.70827,GSI_INVENTORY,Mizoram,,Slide,Rainfall,point_08859
22.88304,92.55715,GSI_INVENTORY,Mizoram,,Slide,"Rainfall, Anthropogenic",point_08860
22.89734,92.54987,GSI_INVENTORY,Mizoram,,Slide,Rainfall,point_08861
22.90432,92.54627,GSI_INVENTORY,Mizoram,,Slide,"Rainfall, Anthropogenic",point_08862
23.08322,92.55697,GSI_INVENTORY,Mizoram,,Slide,Rainfall,point_08863
23.08911,92.55517,GSI_INVENTORY,Mizoram,,Slide,Rainfall,point_08864
23.10417,92.56,GSI_INVENTORY,Mizoram,,Slide,Rainfall,point_08865
23.13589,92.55182,GSI_INVENTORY,Mizoram,,Slide,Rainfall,point_08866
23.14069,92.55153,GSI_INVENTORY,Mizoram,,Slide,Rainfall,point_08867
23.145,92.61369,GSI_INVENTORY,Mizoram,,Fall,Rainfall,point_08868
23.13542,92.61666,GSI_INVENTORY,Mizoram,,Slide,Rainfall,point_08869
23.1339,92.6235,GSI_INVENTORY,Mizoram,,Slide,Rainfall,point_08870
23.13579,92.62294,GSI_INVENTORY,Mizoram,,Slide,Rainfall,point_08871
23.13357,92.64373,GSI_INVENTORY,Mizoram,,Slide,Rainfall,point_08872
23.10722,92.69305,GSI_INVENTORY,Mizoram,,Slide,Rainfall,point_08873
23.13114,92.68747,GSI_INVENTORY,Mizoram,,Slide,Rainfall,point_08874
23.14523,92.68772,GSI_INVENTORY,Mizoram,,Slide,Rainfall,point_08875
23.1477,92.68739,GSI_INVENTORY,Mizoram,,Slide,Rainfall,point_08876
23.1538,92.68677,GSI_INVENTORY,Mizoram,,Slide,Rainfall,point_08877
23.09175,92.69542,GSI_INVENTORY,Mizoram,,Slide,Rainfall,point_08878
23.09453,92.69581,GSI_INVENTORY,Mizoram,,Slide,Rainfall,point_08879
23.097,92.69636,GSI_INVENTORY,Mizoram,,Slide,Rainfall,point_08880
23.08361,92.70108,GSI_INVENTORY,Mizoram,,Slide,Rainfall,point_08881
23.07632,92.69873,GSI_INVENTORY,Mizoram,,Slide,Rainfall,point_08882
23.05661,92.7,GSI_INVENTORY,Mizoram,,Slide,Rainfall,point_08883
23.05619,92.70047,GSI_INVENTORY,Mizoram,,Fall,Rainfall,point_08884
23.05479,92.70246,GSI_INVENTORY,Mizoram,,Slide,Rainfall,point_08885
23.05381,92.70492,GSI_INVENTORY,Mizoram,,Slide,Rainfall,point_08886
23.05375,92.70416,GSI_INVENTORY,Mizoram,,Slide,Rainfall,point_08887
23.05374,92.70755,GSI_INVENTORY,Mizoram,,Slide,Rainfall,point_08888
23.01498,92.72051,GSI_INVENTORY,Mizoram,,Slide,Rainfall,point_08889
23.00559,92.72019,GSI_INVENTORY,Mizoram,,Slide,Rainfall,point_08890
23.01167,92.72056,GSI_INVENTORY,Mizoram,,Slide,Rainfall,point_08891
23.01544,92.70441,GSI_INVENTORY,Mizoram,,Slide,Rainfall,point_08892
23.00559,92.70352,GSI_INVENTORY,Mizoram,,Slide,Rainfall,point_08893
23.03244,92.70592,GSI_INVENTORY,Mizoram,,Slide,Rainfall,point_08894
23.04542,92.70561,GSI_INVENTORY,Mizoram,,Slide,Rainfall,point_08895
22.95497,92.70576,GSI_INVENTORY,Mizoram,,Fall,Rainfall,point_08896
22.96638,92.7054,GSI_INVENTORY,Mizoram,,Slide,Rainfall,point_08897
22.9775,92.70578,GSI_INVENTORY,Mizoram,,Slide,Rainfall,point_08898
22.99328,92.72374,GSI_INVENTORY,Mizoram,,Slide,Rainfall,point_08899
22.97999,92.72611,GSI_INVENTORY,Mizoram,,Slide,Rainfall,point_08900
22.97082,92.72961,GSI_INVENTORY,Mizoram,,Slide,Rainfall,point_08901
22.96981,92.72971,GSI_INVENTORY,Mizoram,,Fall,Rainfall,point_08902
22.96929,92.72933,GSI_INVENTORY,Mizoram,,Slide,Rainfall,point_08903
22.97032,92.70697,GSI_INVENTORY,Mizoram,,Slide,Rainfall,point_08904
22.95917,92.70815,GSI_INVENTORY,Mizoram,,Slide,Rainfall,point_08905
22.95752,92.70716,GSI_INVENTORY,Mizoram,,Slide,Rainfall,point_08906
22.9634,92.73747,GSI_INVENTORY,Mizoram,,Slide,Anthropogenic,point_08907
22.96288,92.73854,GSI_INVENTORY,Mizoram,,Slide,Rainfall,point_08908
22.96553,92.73193,GSI_INVENTORY,Mizoram,,Slide,Rainfall,point_08909
23.00556,92.81055,GSI_INVENTORY,Mizoram,,Slide,Rainfall,point_08910
23.008,92.80869,GSI_INVENTORY,Mizoram,,Slide,Rainfall,point_08911
23.03861,92.79517,GSI_INVENTORY,Mizoram,,Slide,Rainfall,point_08912
23.03867,92.79444,GSI_INVENTORY,Mizoram,,Slide,Rainfall,point_08913
23.03584,92.79558,GSI_INVENTORY,Mizoram,,Slide,Rainfall,point_08914
23.0425,92.77278,GSI_INVENTORY,Mizoram,,Slide,Rainfall,point_08915
23.03123,92.77399,GSI_INVENTORY,Mizoram,,Fall,Rainfall,point_08916
23.02115,92.77098,GSI_INVENTORY,Mizoram,,Slide,Rainfall,point_08917
23.01756,92.77151,GSI_INVENTORY,Mizoram,,Slide,Rainfall,point_08918
23.01611,92.76417,GSI_INVENTORY,Mizoram,,Slide,Rainfall,point_08919
23.02238,92.75776,GSI_INVENTORY,Mizoram,,Slide,Rainfall,point_08920
23.02169,92.75298,GSI_INVENTORY,Mizoram,,Fall,Rainfall,point_08921
23.07861,92.76,GSI_INVENTORY,Mizoram,,Slide,Rainfall,point_08922
23.09706,92.75223,GSI_INVENTORY,Mizoram,,Slide,Rainfall,point_08923
23.11375,92.74461,GSI_INVENTORY,Mizoram,,Slide,Rainfall,point_08924
23.11834,92.74103,GSI_INVENTORY,Mizoram,,Slide,Rainfall,point_08925
23.15072,92.74826,GSI_INVENTORY,Mizoram,,Slide,Rainfall,point_08926
23.14827,92.75016,GSI_INVENTORY,Mizoram,,Slide,Rainfall,point_08927
23.14236,92.75096,GSI_INVENTORY,Mizoram,,Slide,Rainfall,point_08928
23.13732,92.74728,GSI_INVENTORY,Mizoram,,Slide,Rainfall,point_08929
23.11111,92.78972,GSI_INVENTORY,Mizoram,,Slide,Rainfall,point_08930
23.11158,92.78979,GSI_INVENTORY,Mizoram,,Slide,Rainfall,point_08931
23.11742,92.79612,GSI_INVENTORY,Mizoram,,Slide,Rainfall,point_08932
23.13268,92.79833,GSI_INVENTORY,Mizoram,,Slide,Rainfall,point_08933
23.12963,92.8092,GSI_INVENTORY,Mizoram,,Slide,Rainfall,point_08934
23.12581,92.81789,GSI_INVENTORY,Mizoram,,Slide,Rainfall,point_08935
23.12531,92.82002,GSI_INVENTORY,Mizoram,,Slide,Rainfall,point_08936
23.09228,92.78995,GSI_INVENTORY,Mizoram,,Slide,Rainfall,point_08937
23.09951,92.78293,GSI_INVENTORY,Mizoram,,Slide,Rainfall,point_08938
23.095,92.78584,GSI_INVENTORY,Mizoram,,Slide,Rainfall,point_08939
23.08841,92.79356,GSI_INVENTORY,Mizoram,,Slide,Rainfall,point_08940
23.0841,92.79569,GSI_INVENTORY,Mizoram,,Slide,Rainfall,point_08941
23.08862,92.8494,GSI_INVENTORY,Mizoram,,Slide,Rainfall,point_08942
23.08718,92.85389,GSI_INVENTORY,Mizoram,,Slide,Rainfall,point_08943
23.08028,92.85861,GSI_INVENTORY,Mizoram,,Slide,Rainfall,point_08944
23.11307,92.89121,GSI_INVENTORY,Mizoram,,Slide,Rainfall,point_08945
23.14502,92.90857,GSI_INVENTORY,Mizoram,,Slide,Rainfall,point_08946
23.14389,92.90945,GSI_INVENTORY,Mizoram,,Slide,Rainfall,point_08947
23.14301,92.91124,GSI_INVENTORY,Mizoram,,Slide,Rainfall,point_08948
23.083,92.89828,GSI_INVENTORY,Mizoram,,Slide,Rainfall,point_08949
23.09257,92.89614,GSI_INVENTORY,Mizoram,,Slide,Rainfall,point_08950
23.10305,92.8983,GSI_INVENTORY,Mizoram,,Fall,Rainfall,point_08951
23.07859,92.87054,GSI_INVENTORY,Mizoram,,Slide,Rainfall,point_08952
23.05728,92.90416,GSI_INVENTORY,Mizoram,,Slide,Rainfall,point_08953
23.04054,92.90952,GSI_INVENTORY,Mizoram,,Fall,Rainfall,point_08954
23.04722,92.90694,GSI_INVENTORY,Mizoram,,Slide,Rainfall,point_08955
23.04897,92.9075,GSI_INVENTORY,Mizoram,,Slide,Rainfall,point_08956
22.95511,92.8364,GSI_INVENTORY,Mizoram,,Slide,Rainfall,point_08957
22.96311,92.83556,GSI_INVENTORY,Mizoram,,Fall,Rainfall,point_08958
22.90104,92.87265,GSI_INVENTORY,Mizoram,,Slide,Rainfall & Anthropogenic,point_08959
22.90129,92.88227,GSI_INVENTORY,Mizoram,,Slide,Rainfall,point_08960
22.88987,92.90398,GSI_INVENTORY,Mizoram,,Slide,"Rainfall, Anthropogenic",point_08961
22.89833,92.89348,GSI_INVENTORY,Mizoram,,Slide,Rainfall,point_08962
22.86188,92.89774,GSI_INVENTORY,Mizoram,,Slide,"Rainfall, Anthropogenic",point_08963
22.86774,92.89851,GSI_INVENTORY,Mizoram,,Fall,Rainfall,point_08964
22.87381,92.90204,GSI_INVENTORY,Mizoram,,Slide,"Rainfall, Anthropogenic",point_08965
22.89739,92.88994,GSI_INVENTORY,Mizoram,,Slide,Rainfall,point_08966
22.89991,92.86883,GSI_INVENTORY,Mizoram,,Fall,Anthropogenic,point_08967
22.8846,92.85128,GSI_INVENTORY,Mizoram,,Slide,Rainfall,point_08968
22.86569,92.82574,GSI_INVENTORY,Mizoram,,Slide,Anthropogenic,point_08969
22.86244,92.82643,GSI_INVENTORY,Mizoram,,Slide,Anthropogenic,point_08970
22.86958,92.82497,GSI_INVENTORY,Mizoram,,Slide,Anthropogenic,point_08971
22.88012,92.83111,GSI_INVENTORY,Mizoram,,Slide,"Rainfall, Anthropogenic",point_08972
22.88261,92.83795,GSI_INVENTORY,Mizoram,,Slide,Rainfall,point_08973
22.88747,92.83677,GSI_INVENTORY,Mizoram,,Slide,Anthropogenic,point_08974
22.89682,92.83261,GSI_INVENTORY,Mizoram,,Fall,Rainfall,point_08975
22.89007,92.82302,GSI_INVENTORY,Mizoram,,Slide,"Rainfall, Anthropogenic",point_08976
22.8922,92.82288,GSI_INVENTORY,Mizoram,,Slide,Rainfall,point_08977
22.90241,92.82995,GSI_INVENTORY,Mizoram,,Slide,Rainfall,point_08978
22.9015,92.83319,GSI_INVENTORY,Mizoram,,Fall, ,point_08979
22.90175,92.83233,GSI_INVENTORY,Mizoram,,Slide, ,point_08980
22.94065,92.83304,GSI_INVENTORY,Mizoram,,Slide,Anthropogenic,point_08981
22.91763,92.75267,GSI_INVENTORY,Mizoram,,Slide,Anthropogenic,point_08982
22.90381,92.7574,GSI_INVENTORY,Mizoram,,Fall,Anthropogenic,point_08983
22.91428,92.7534,GSI_INVENTORY,Mizoram,,Slide,"Rainfall, Anthropogenic",point_08984
22.91341,92.7545,GSI_INVENTORY,Mizoram,,Slide,"Rainfall, Anthropogenic",point_08985
22.91312,92.75462,GSI_INVENTORY,Mizoram,,Slide,Rainfall,point_08986
22.90812,92.76713,GSI_INVENTORY,Mizoram,,Slide,Anthropogenic,point_08987
22.89061,92.73033,GSI_INVENTORY,Mizoram,,Slide, ,point_08988
22.88409,92.73625,GSI_INVENTORY,Mizoram,,Slide,Rainfall,point_08989
22.88397,92.7354,GSI_INVENTORY,Mizoram,,Slide,Rainfall,point_08990
22.87474,92.73035,GSI_INVENTORY,Mizoram,,Slide,Rainfall,point_08991
22.88392,92.74256,GSI_INVENTORY,Mizoram,,Fall, ,point_08992
22.88281,92.74583,GSI_INVENTORY,Mizoram,,Slide, ,point_08993
22.88032,92.74782,GSI_INVENTORY,Mizoram,,Slide,rainfall,point_08994
22.87506,92.75136,GSI_INVENTORY,Mizoram,,Slide, ,point_08995
22.87224,92.75056,GSI_INVENTORY,Mizoram,,Fall,"Rainfall, Anthropogenic",point_08996
22.87285,92.74871,GSI_INVENTORY,Mizoram,,Slide,rainfall,point_08997
22.87055,92.75285,GSI_INVENTORY,Mizoram,,Slide,"Rainfall, Anthropogenic",point_08998
22.86003,92.75831,GSI_INVENTORY,Mizoram,,Flow,Cloud burst,point_08999
22.86739,92.75764,GSI_INVENTORY,Mizoram,,Fall, ,point_09000
22.86529,92.7549,GSI_INVENTORY,Mizoram,,Slide,"Rainfall, Anthropogenic",point_09001
22.86748,92.75423,GSI_INVENTORY,Mizoram,,Slide,"Rainfall, Anthropogenic",point_09002
22.86971,92.7533,GSI_INVENTORY,Mizoram,,Slide,"Rainfall, Anthropogenic",point_09003
22.87075,92.75403,GSI_INVENTORY,Mizoram,,Slide, ,point_09004
22.87356,92.75595,GSI_INVENTORY,Mizoram,,Slide,Rainfall,point_09005
22.86683,92.77492,GSI_INVENTORY,Mizoram,,Slide,"Rainfall, Anthropogenic",point_09006
22.86678,92.77203,GSI_INVENTORY,Mizoram,,Slide,Rainfall,point_09007
22.86573,92.77156,GSI_INVENTORY,Mizoram,,Fall,Rainfall,point_09008
22.85085,92.79703,GSI_INVENTORY,Mizoram,,Slide,Rainfall,point_09009
22.86632,92.77673,GSI_INVENTORY,Mizoram,,Slide,Anthropogenic,point_09010
22.87306,92.81709,GSI_INVENTORY,Mizoram,,Slide,Rainfall,point_09011
22.87056,92.8221,GSI_INVENTORY,Mizoram,,Slide,Rainfall,point_09012
22.8723,92.81597,GSI_INVENTORY,Mizoram,,Slide,Rainfall,point_09013
22.84913,92.80933,GSI_INVENTORY,Mizoram,,Slide, ,point_09014
22.85282,92.81578,GSI_INVENTORY,Mizoram,,Slide,Rainfall,point_09015
22.84624,92.80489,GSI_INVENTORY,Mizoram,,Slide,Anthropogenic,point_09016
22.84553,92.79944,GSI_INVENTORY,Mizoram,,Fall, ,point_09017
22.83653,92.80092,GSI_INVENTORY,Mizoram,,Fall, ,point_09018
22.83664,92.80347,GSI_INVENTORY,Mizoram,,Fall, ,point_09019
22.83528,92.80519,GSI_INVENTORY,Mizoram,,Fall, ,point_09020
22.82708,92.80175,GSI_INVENTORY,Mizoram,,Slide,Rainfall,point_09021
22.8047,92.81673,GSI_INVENTORY,Mizoram,,Fall,Anthropogenic,point_09022
22.80436,92.81656,GSI_INVENTORY,Mizoram,,Slide,"Rainfall, Anthropogenic",point_09023
22.80371,92.81564,GSI_INVENTORY,Mizoram,,Slide,Rainfall,point_09024
22.80398,92.81548,GSI_INVENTORY,Mizoram,,Slide,Rainfall,point_09025
22.80102,92.81369,GSI_INVENTORY,Mizoram,,Slide,Anthropogenic,point_09026
22.80291,92.81369,GSI_INVENTORY,Mizoram,,Slide,Rainfall,point_09027
22.80656,92.81206,GSI_INVENTORY,Mizoram,,Slide,rainfall,point_09028
22.8157,92.8027,GSI_INVENTORY,Mizoram,,Slide,rainfall,point_09029
22.81302,92.8058,GSI_INVENTORY,Mizoram,,Slide,Rainfall,point_09030
22.81259,92.80734,GSI_INVENTORY,Mizoram,,Slide,Rainfall,point_09031
22.82166,92.80441,GSI_INVENTORY,Mizoram,,Slide,Rainfall,point_09032
22.8411,92.79275,GSI_INVENTORY,Mizoram,,Slide,"Rainfall, Anthropogenic",point_09033
22.83888,92.7928,GSI_INVENTORY,Mizoram,,Slide,Rainfall,point_09034
22.83873,92.79195,GSI_INVENTORY,Mizoram,,Slide,Rainfall,point_09035
22.83779,92.79596,GSI_INVENTORY,Mizoram,,Slide,Rainfall,point_09036
22.83762,92.79717,GSI_INVENTORY,Mizoram,,Slide,Rainfall,point_09037
22.83675,92.79922,GSI_INVENTORY,Mizoram,,Fall, ,point_09038
22.83781,92.79865,GSI_INVENTORY,Mizoram,,Fall,Rainfall,point_09039
22.84808,92.79831,GSI_INVENTORY,Mizoram,,Fall, ,point_09040
22.84612,92.79633,GSI_INVENTORY,Mizoram,,Slide,rainfall,point_09041
22.83602,92.75936,GSI_INVENTORY,Mizoram,,Slide,Rainfall,point_09042
22.82949,92.76093,GSI_INVENTORY,Mizoram,,Slide,Rainfall,point_09043
22.83482,92.75877,GSI_INVENTORY,Mizoram,,Slide,Rainfall,point_09044
22.79528,92.81388,GSI_INVENTORY,Mizoram,,Slide,Rainfall,point_09045
22.78997,92.8204,GSI_INVENTORY,Mizoram,,Slide,Anthropogenic,point_09046
22.77187,92.84032,GSI_INVENTORY,Mizoram,,Slide,Rainfall,point_09047
22.75181,92.8389,GSI_INVENTORY,Mizoram,,Slide,Rainfall,point_09048
22.78503,92.83467,GSI_INVENTORY,Mizoram,,Slide,Rainfall,point_09049
22.77998,92.83378,GSI_INVENTORY,Mizoram,,Slide,Rainfall,point_09050
22.77776,92.83397,GSI_INVENTORY,Mizoram,,Slide,Rainfall,point_09051
22.7882,92.82516,GSI_INVENTORY,Mizoram,,Slide,Rainfall,point_09052
22.79196,92.83351,GSI_INVENTORY,Mizoram,,Slide,Anthropogenic,point_09053
22.84819,92.88696,GSI_INVENTORY,Mizoram,,Slide,"Rainfall, Anthropogenic",point_09054
22.84145,92.89123,GSI_INVENTORY,Mizoram,,Slide,Rainfall,point_09055
22.83257,92.89276,GSI_INVENTORY,Mizoram,,Slide,Rainfall,point_09056
22.8363,92.8928,GSI_INVENTORY,Mizoram,,Slide,Rainfall,point_09057
22.83885,92.89209,GSI_INVENTORY,Mizoram,,Slide,"Rainfall, Anthropogenic",point_09058
22.711,92.84,GSI_INVENTORY,Mizoram,,Slide,Rainfall,point_09059
22.705,92.842,GSI_INVENTORY,Mizoram,,Slide,Rainfall,point_09060
22.692,92.841,GSI_INVENTORY,Mizoram,,Fall,Rainfall,point_09061
22.691,92.841,GSI_INVENTORY,Mizoram,,Slide,Rainfall,point_09062
22.688,92.842,GSI_INVENTORY,Mizoram,,Fall,"Anthropogenic
",point_09063
22.673,92.844,GSI_INVENTORY,Mizoram,,Slide,Rainfall,point_09064
22.66,92.855,GSI_INVENTORY,Mizoram,,Slide,Rainfall,point_09065
22.65633,92.87472,GSI_INVENTORY,Mizoram,,Fall,Rainfall,point_09066
22.681,92.884,GSI_INVENTORY,Mizoram,,Fall,Rainfall,point_09067
22.683,92.882,GSI_INVENTORY,Mizoram,,Fall,Rainfall,point_09068
22.65486,92.89472,GSI_INVENTORY,Mizoram,,Fall,Rainfall,point_09069
22.616,92.913,GSI_INVENTORY,Mizoram,,Slide,Rainfall,point_09070
22.577,92.893,GSI_INVENTORY,Mizoram,,Slide,Rainfall,point_09071
22.5523,92.88389,GSI_INVENTORY,Mizoram,,Slide,Rainfall,point_09072
22.56161,92.8775,GSI_INVENTORY,Mizoram,,Slide,"Anthropogenic
",point_09073
22.56856,92.87944,GSI_INVENTORY,Mizoram,,Slide,Rainfall,point_09074
22.57411,92.87334,GSI_INVENTORY,Mizoram,,Slide,Rainfall,point_09075
22.57758,92.87028,GSI_INVENTORY,Mizoram,,Slide,Rainfall,point_09076
22.57961,92.87055,GSI_INVENTORY,Mizoram,,Slide,Rainfall,point_09077
22.586,92.87,GSI_INVENTORY,Mizoram,,Fall,Rainfall,point_09078
22.71,92.7,GSI_INVENTORY,Mizoram,,Slide,Rainfall,point_09079
22.69,92.72,GSI_INVENTORY,Mizoram,,Slide,Rainfall,point_09080
22.65,92.71,GSI_INVENTORY,Mizoram,,Slide,Rainfall,point_09081
22.66,92.71,GSI_INVENTORY,Mizoram,,Flow,Rainfall,point_09082
22.67,92.69,GSI_INVENTORY,Mizoram,,Slide,Rainfall,point_09083
22.68,92.69,GSI_INVENTORY,Mizoram,,Slide,Rainfall,point_09084
22.67,92.68,GSI_INVENTORY,Mizoram,,Slide,Rainfall,point_09085
22.65,92.67,GSI_INVENTORY,Mizoram,,Slide,Rainfall,point_09086
22.66,92.67,GSI_INVENTORY,Mizoram,,Slide,Rainfall,point_09087
22.66,92.65,GSI_INVENTORY,Mizoram,,Slide,Rainfall,point_09088
22.65,92.66,GSI_INVENTORY,Mizoram,,Slide,Rainfall,point_09089
22.65,92.65,GSI_INVENTORY,Mizoram,,Slide,Rainfall,point_09090
22.68,92.66,GSI_INVENTORY,Mizoram,,Fall,Rainfall,point_09091
22.71,92.66,GSI_INVENTORY,Mizoram,,Slide,Rainfall,point_09092
22.7,92.66,GSI_INVENTORY,Mizoram,,Fall,Rainfall,point_09093
22.73,92.65,GSI_INVENTORY,Mizoram,,Slide,Rainfall,point_09094
22.74,92.63,GSI_INVENTORY,Mizoram,,Flow,Rainfall,point_09095
22.7,92.56,GSI_INVENTORY,Mizoram,,Slide,Rainfall,point_09096
22.68,92.59,GSI_INVENTORY,Mizoram,,Slide,Rainfall,point_09097
22.68,92.58,GSI_INVENTORY,Mizoram,,Slide,Rainfall,point_09098
22.68,92.57,GSI_INVENTORY,Mizoram,,Slide,Rainfall,point_09099
22.68,92.56,GSI_INVENTORY,Mizoram,,Slide,Rainfall,point_09100
22.67,92.56,GSI_INVENTORY,Mizoram,,Slide,Rainfall,point_09101
22.65,92.61,GSI_INVENTORY,Mizoram,,Slide,Rainfall,point_09102
22.64,92.61,GSI_INVENTORY,Mizoram,,Slide,Rainfall,point_09103
22.56,92.67,GSI_INVENTORY,Mizoram,,Slide,Rainfall,point_09104
22.57,92.68,GSI_INVENTORY,Mizoram,,Slide,Rainfall,point_09105
22.61,92.66,GSI_INVENTORY,Mizoram,,Slide,Rainfall,point_09106
22.61,92.64,GSI_INVENTORY,Mizoram,,Slide,Rainfall,point_09107
22.62,92.64,GSI_INVENTORY,Mizoram,,Slide,Anthropogenic,point_09108
22.63,92.64,GSI_INVENTORY,Mizoram,,Slide,Rainfall,point_09109
22.64,92.66,GSI_INVENTORY,Mizoram,,Slide,Rainfall,point_09110
22.63,92.66,GSI_INVENTORY,Mizoram,,Slide,Rainfall,point_09111
22.64,92.67,GSI_INVENTORY,Mizoram,,Slide,Rainfall,point_09112
22.61,92.67,GSI_INVENTORY,Mizoram,,Slide,Rainfall,point_09113
22.6,92.67,GSI_INVENTORY,Mizoram,,Slide,Rainfall,point_09114
22.52,92.72,GSI_INVENTORY,Mizoram,,Fall,Rainfall,point_09115
22.52,92.71,GSI_INVENTORY,Mizoram,,Slide,Rainfall,point_09116
22.54,92.69,GSI_INVENTORY,Mizoram,,Slide,Rainfall,point_09117
22.53,92.7,GSI_INVENTORY,Mizoram,,Slide,Rainfall,point_09118
22.45,92.7,GSI_INVENTORY,Mizoram,,Slide,Rainfall,point_09119
22.46,92.69,GSI_INVENTORY,Mizoram,,Slide,Rainfall,point_09120
22.49,92.67,GSI_INVENTORY,Mizoram,,Slide,Rainfall,point_09121
22.5,92.68,GSI_INVENTORY,Mizoram,,Slide,Rainfall,point_09122
22.54,92.68,GSI_INVENTORY,Mizoram,,Slide,Rainfall,point_09123
22.53,92.62,GSI_INVENTORY,Mizoram,,Slide,Rainfall,point_09124
22.45,92.57,GSI_INVENTORY,Mizoram,,Slide,Rainfall,point_09125
22.47,92.63,GSI_INVENTORY,Mizoram,,Slide,Rainfall,point_09126
22.41,92.6,GSI_INVENTORY,Mizoram,,Slide,Rainfall,point_09127
22.39,92.59,GSI_INVENTORY,Mizoram,,Slide,Rainfall,point_09128
22.38,92.59,GSI_INVENTORY,Mizoram,,Slide,Rainfall,point_09129
22.34,92.6,GSI_INVENTORY,Mizoram,,Slide,Rainfall,point_09130
22.36,92.61,GSI_INVENTORY,Mizoram,,Slide,Rainfall,point_09131
22.39,92.61,GSI_INVENTORY,Mizoram,,Slide,Rainfall,point_09132
22.37,92.63,GSI_INVENTORY,Mizoram,,Slide,Anthropogenic,point_09133
22.35,92.66,GSI_INVENTORY,Mizoram,,Fall,Rainfall,point_09134
22.35,92.65,GSI_INVENTORY,Mizoram,,Slide,Anthropogenic,point_09135
22.34,92.65,GSI_INVENTORY,Mizoram,,Slide,Rainfall,point_09136
22.34,92.68,GSI_INVENTORY,Mizoram,,Slide,Rainfall,point_09137
22.39,92.64,GSI_INVENTORY,Mizoram,,Slide,Rainfall,point_09138
22.41,92.64,GSI_INVENTORY,Mizoram,,Slide,Rainfall,point_09139
22.43,92.69,GSI_INVENTORY,Mizoram,,Slide,Rainfall,point_09140
22.43,92.71,GSI_INVENTORY,Mizoram,,Slide,Rainfall,point_09141
22.34,92.69,GSI_INVENTORY,Mizoram,,Slide,Rainfall,point_09142
22.34,92.71,GSI_INVENTORY,Mizoram,,Slide,Rainfall,point_09143
22.35,92.74,GSI_INVENTORY,Mizoram,,Slide,Rainfall,point_09144
22.34,92.74,GSI_INVENTORY,Mizoram,,Slide,Rainfall,point_09145
22.34,92.75,GSI_INVENTORY,Mizoram,,Slide,Anthropogenic,point_09146
22.341,92.769,GSI_INVENTORY,Mizoram,,Slide,Rainfall,point_09147
22.359,92.78,GSI_INVENTORY,Mizoram,,Slide,Rainfall,point_09148
22.356,92.791,GSI_INVENTORY,Mizoram,,Slide,Rainfall,point_09149
22.41,92.75,GSI_INVENTORY,Mizoram,,Slide,Rainfall,point_09150
22.43,92.75,GSI_INVENTORY,Mizoram,,Fall,Rainfall,point_09151
22.46,92.73,GSI_INVENTORY,Mizoram,,Slide,Rainfall,point_09152
22.48,92.73,GSI_INVENTORY,Mizoram,,Slide,Rainfall,point_09153
22.49,92.74,GSI_INVENTORY,Mizoram,,Slide,Rainfall,point_09154
22.5,92.73,GSI_INVENTORY,Mizoram,,Slide,Rainfall,point_09155
22.5,92.74,GSI_INVENTORY,Mizoram,,Slide,Rainfall,point_09156
22.5,92.75,GSI_INVENTORY,Mizoram,,Slide,Rainfall,point_09157
22.51,92.74,GSI_INVENTORY,Mizoram,,Slide,Rainfall,point_09158
22.513,92.794,GSI_INVENTORY,Mizoram,,Fall,Rainfall,point_09159
22.518,92.812,GSI_INVENTORY,Mizoram,,Slide,Rainfall,point_09160
22.538,92.857,GSI_INVENTORY,Mizoram,,Fall,Rainfall,point_09161
22.536,92.86,GSI_INVENTORY,Mizoram,,Slide,Anthropogenic,point_09162
22.532,92.863,GSI_INVENTORY,Mizoram,,Slide,Rainfall,point_09163
22.525,92.866,GSI_INVENTORY,Mizoram,,Slide,Rainfall,point_09164
22.525,92.865,GSI_INVENTORY,Mizoram,,Slide,Rainfall,point_09165
22.52,92.868,GSI_INVENTORY,Mizoram,,Slide,Rainfall,point_09166
22.518,92.855,GSI_INVENTORY,Mizoram,,Fall,Rainfall,point_09167
22.5,92.887,GSI_INVENTORY,Mizoram,,Slide,Rainfall,point_09168
22.50147,92.89166,GSI_INVENTORY,Mizoram,,Slide,Rainfall,point_09169
22.503,92.889,GSI_INVENTORY,Mizoram,,Slide,Rainfall,point_09170
22.51,92.886,GSI_INVENTORY,Mizoram,,Slide,Rainfall,point_09171
22.507,92.886,GSI_INVENTORY,Mizoram,,Slide,Rainfall,point_09172
22.517,92.88,GSI_INVENTORY,Mizoram,,Slide,Rainfall,point_09173
22.5273,92.87,GSI_INVENTORY,Mizoram,,Slide,Rainfall,point_09174
22.534,92.877,GSI_INVENTORY,Mizoram,,Slide,Rainfall,point_09175
22.533,92.886,GSI_INVENTORY,Mizoram,,Slide,Rainfall,point_09176
22.53742,92.885,GSI_INVENTORY,Mizoram,,Slide,Rainfall,point_09177
22.53,92.891,GSI_INVENTORY,Mizoram,,Slide,Rainfall,point_09178
22.526,92.888,GSI_INVENTORY,Mizoram,,Fall,Rainfall,point_09179
22.528,92.896,GSI_INVENTORY,Mizoram,,Fall,Rainfall,point_09180
22.527,92.892,GSI_INVENTORY,Mizoram,,Slide,Rainfall,point_09181
22.53544,92.89306,GSI_INVENTORY,Mizoram,,Subsidence,Rainfall,point_09182
22.48317,92.88555,GSI_INVENTORY,Mizoram,,Fall,Rainfall,point_09183
22.486,92.882,GSI_INVENTORY,Mizoram,,Slide,Rainfall,point_09184
22.482,92.878,GSI_INVENTORY,Mizoram,,Slide,Rainfall,point_09185
22.475,92.878,GSI_INVENTORY,Mizoram,,Slide,Rainfall,point_09186
22.468,92.873,GSI_INVENTORY,Mizoram,,Slide,Rainfall,point_09187
22.469,92.877,GSI_INVENTORY,Mizoram,,Slide,Rainfall,point_09188
22.46947,92.87833,GSI_INVENTORY,Mizoram,,Slide,Rainfall,point_09189
22.477,92.885,GSI_INVENTORY,Mizoram,,Fall,Rainfall,point_09190
22.45892,92.88611,GSI_INVENTORY,Mizoram,,Fall,Rainfall,point_09191
22.463,92.878,GSI_INVENTORY,Mizoram,,Slide,Rainfall,point_09192
22.459,92.873,GSI_INVENTORY,Mizoram,,Slide,Rainfall,point_09193
22.45,92.87,GSI_INVENTORY,Mizoram,,Slide,Rainfall,point_09194
22.446,92.874,GSI_INVENTORY,Mizoram,,Slide,Rainfall,point_09195
22.448,92.882,GSI_INVENTORY,Mizoram,,Slide,Rainfall,point_09196
22.447,92.882,GSI_INVENTORY,Mizoram,,Slide,Rainfall,point_09197
22.45138,92.91194,GSI_INVENTORY,Mizoram,,Slide,Rainfall,point_09198
22.44,92.88,GSI_INVENTORY,Mizoram,,Slide,Anthropogenic,point_09199
22.43,92.87,GSI_INVENTORY,Mizoram,,Slide,Anthropogenic,point_09200
22.405,92.861,GSI_INVENTORY,Mizoram,,Slide,Rainfall,point_09201
22.416,92.865,GSI_INVENTORY,Mizoram,,Slide,Rainfall,point_09202
22.395,92.86,GSI_INVENTORY,Mizoram,,Slide,Rainfall,point_09203
22.39,92.863,GSI_INVENTORY,Mizoram,,Slide,Rainfall,point_09204
22.385,92.858,GSI_INVENTORY,Mizoram,,Slide,Rainfall,point_09205
22.379,92.858,GSI_INVENTORY,Mizoram,,Slide,Anthropogenic,point_09206
22.375,92.858,GSI_INVENTORY,Mizoram,,Slide,Rainfall,point_09207
22.385,92.857,GSI_INVENTORY,Mizoram,,Slide,Anthropogenic,point_09208
22.363,92.861,GSI_INVENTORY,Mizoram,,Fall,Rainfall,point_09209
22.36986,92.935,GSI_INVENTORY,Mizoram,,Slide,Rainfall,point_09210
22.369,92.935,GSI_INVENTORY,Mizoram,,Slide,Rainfall,point_09211
22.381,92.979,GSI_INVENTORY,Mizoram,,Fall,Rainfall,point_09212
22.399,92.965,GSI_INVENTORY,Mizoram,,Slide,Rainfall,point_09213
22.392,92.979,GSI_INVENTORY,Mizoram,,Slide,Rainfall,point_09214
22.42,92.993,GSI_INVENTORY,Mizoram,,Subsidence,Rainfall,point_09215
22.424,92.978,GSI_INVENTORY,Mizoram,,Slide,Rainfall,point_09216
22.435,92.946,GSI_INVENTORY,Mizoram,,Slide,Rainfall,point_09217
22.428,92.948,GSI_INVENTORY,Mizoram,,Slide,Rainfall,point_09218
22.405,92.951,GSI_INVENTORY,Mizoram,,Slide,Rainfall,point_09219
22.46492,92.91611,GSI_INVENTORY,Mizoram,,Fall,Rainfall,point_09220
22.46617,92.92083,GSI_INVENTORY,Mizoram,,Slide,Rainfall,point_09221
22.459,92.952,GSI_INVENTORY,Mizoram,,Slide,Rainfall,point_09222
22.455,92.96,GSI_INVENTORY,Mizoram,,Slide,Rainfall,point_09223
22.456,92.949,GSI_INVENTORY,Mizoram,,Slide,Rainfall,point_09224
22.484,92.954,GSI_INVENTORY,Mizoram,,Fall,Rainfall,point_09225
22.496,92.976,GSI_INVENTORY,Mizoram,,Fall,Rainfall,point_09226
22.513,92.993,GSI_INVENTORY,Mizoram,,Fall,Rainfall,point_09227
22.48567,92.98583,GSI_INVENTORY,Mizoram,,Slide,Anthropogenic,point_09228
22.491,92.984,GSI_INVENTORY,Mizoram,,Subsidence,Rainfall,point_09229
22.491,92.981,GSI_INVENTORY,Mizoram,,Subsidence,Rainfall,point_09230
22.491,92.965,GSI_INVENTORY,Mizoram,,Slide,Rainfall,point_09231
22.487,92.965,GSI_INVENTORY,Mizoram,,Slide,Rainfall,point_09232
22.478,92.966,GSI_INVENTORY,Mizoram,,Fall,Rainfall,point_09233
22.475,92.965,GSI_INVENTORY,Mizoram,,Slide,Rainfall,point_09234
22.472,92.969,GSI_INVENTORY,Mizoram,,Slide,Rainfall,point_09235
22.463,92.969,GSI_INVENTORY,Mizoram,,Slide,Rainfall,point_09236
22.456,92.963,GSI_INVENTORY,Mizoram,,Slide,Rainfall,point_09237
22.46,93.05,GSI_INVENTORY,Mizoram,,Slide,Rainfall,point_09238
22.49,93.01,GSI_INVENTORY,Mizoram,,Slide,Rainfall,point_09239
22.5,93.01,GSI_INVENTORY,Mizoram,,Slide,Rainfall,point_09240
22.5,93.02,GSI_INVENTORY,Mizoram,,Slide,Rainfall,point_09241
22.45,93.09,GSI_INVENTORY,Mizoram,,Slide,Rainfall,point_09242
22.44,93.1,GSI_INVENTORY,Mizoram,,Slide,Rainfall,point_09243
22.41,93.02,GSI_INVENTORY,Mizoram,,Slide,Rainfall,point_09244
22.38,93.03,GSI_INVENTORY,Mizoram,,Slide,Rainfall,point_09245
22.34,93.04,GSI_INVENTORY,Mizoram,,Slide,Rainfall,point_09246
22.36,93.05,GSI_INVENTORY,Mizoram,,Slide,Rainfall,point_09247
22.34,93.13,GSI_INVENTORY,Mizoram,,Slide,Rainfall,point_09248
22.38,93.12,GSI_INVENTORY,Mizoram,,Fall,Rainfall,point_09249
22.39,93.11,GSI_INVENTORY,Mizoram,,Slide,Rainfall,point_09250
22.4,93.12,GSI_INVENTORY,Mizoram,,Slide,Rainfall,point_09251
22.4,93.13,GSI_INVENTORY,Mizoram,,Slide,Rainfall,point_09252
22.5886,92.97,GSI_INVENTORY,Mizoram,,Slide,Rainfall,point_09253
22.57383,92.91752,GSI_INVENTORY,Mizoram,,Fall,Rainfall,point_09254
22.591,92.917,GSI_INVENTORY,Mizoram,,Fall,Rainfall,point_09255
22.615,92.916,GSI_INVENTORY,Mizoram,,Slide,Rainfall,point_09256
22.704,92.985,GSI_INVENTORY,Mizoram,,Slide,Anthropogenic,point_09257
22.7,92.994,GSI_INVENTORY,Mizoram,,Slide,Rainfall,point_09258
22.84489,92.94451,GSI_INVENTORY,Mizoram,,Slide,Rainfall,point_09259
22.84227,92.95198,GSI_INVENTORY,Mizoram,,Slide,"Rainfall, Anthropogenic",point_09260
22.8418,92.95139,GSI_INVENTORY,Mizoram,,Fall,"Rainfall, Anthropogenic",point_09261
22.84422,92.95505,GSI_INVENTORY,Mizoram,,Slide,Rainfall,point_09262
22.83945,92.95668,GSI_INVENTORY,Mizoram,,Slide,"Rainfall, Anthropogenic",point_09263
22.83358,92.95558,GSI_INVENTORY,Mizoram,,Slide,Rainfall,point_09264
22.82685,92.97152,GSI_INVENTORY,Mizoram,,Slide,Rainfall,point_09265
22.82741,92.97582,GSI_INVENTORY,Mizoram,,Fall,Rainfall,point_09266
22.8028,93.00464,GSI_INVENTORY,Mizoram,,Slide,Rainfall and anthropogenic,point_09267
22.79611,92.99117,GSI_INVENTORY,Mizoram,,Fall,"Rainfall, Anthropogenic",point_09268
22.78916,92.98109,GSI_INVENTORY,Mizoram,,Slide,Rainfall,point_09269
22.82389,93.0368,GSI_INVENTORY,Mizoram,,Slide,Rainfall and anthropogenic,point_09270
22.89171,92.95008,GSI_INVENTORY,Mizoram,,Fall,Rainfall,point_09271
22.89337,92.94672,GSI_INVENTORY,Mizoram,,Slide,Rainfall,point_09272
22.89915,92.93568,GSI_INVENTORY,Mizoram,,Slide,"Rainfall, Anthropogenic",point_09273
22.89788,92.93436,GSI_INVENTORY,Mizoram,,Slide,Anthropogenic,point_09274
22.9148,92.92841,GSI_INVENTORY,Mizoram,,Slide,Rainfall,point_09275
22.91595,92.92834,GSI_INVENTORY,Mizoram,,Slide,Rainfall,point_09276
22.9202,92.92735,GSI_INVENTORY,Mizoram,,Slide,Rainfall,point_09277
22.91165,92.92987,GSI_INVENTORY,Mizoram,,Slide,"Rainfall, Anthropogenic",point_09278
22.90874,92.93019,GSI_INVENTORY,Mizoram,,Slide,Rainfall,point_09279
22.90625,92.93174,GSI_INVENTORY,Mizoram,,Slide,"Rainfall, Anthropogenic",point_09280
22.9024,92.94102,GSI_INVENTORY,Mizoram,,Fall, ,point_09281
22.95724,92.9297,GSI_INVENTORY,Mizoram,,Slide,"Rainfall, Anthropogenic",point_09282
22.96807,92.92992,GSI_INVENTORY,Mizoram,,Slide,"Rainfall, Anthropogenic",point_09283
22.96703,92.92573,GSI_INVENTORY,Mizoram,,Slide,Rainfall,point_09284
22.98642,92.9999,GSI_INVENTORY,Mizoram,,Slide,"Rainfall, Anthropogenic",point_09285
23.00336,92.96291,GSI_INVENTORY,Mizoram,,Fall,Rainfall,point_09286
23.004,92.96356,GSI_INVENTORY,Mizoram,,Slide,Rainfall,point_09287
23.00442,92.98843,GSI_INVENTORY,Mizoram,,Slide,Rainfall,point_09288
23.00694,92.98938,GSI_INVENTORY,Mizoram,,Slide,Rainfall,point_09289
23.00516,92.98589,GSI_INVENTORY,Mizoram,,Slide,Rainfall,point_09290
23.0109,92.92416,GSI_INVENTORY,Mizoram,,Slide,Rainfall,point_09291
23.0024,92.9239,GSI_INVENTORY,Mizoram,,Slide,Rainfall,point_09292
23.00186,92.92323,GSI_INVENTORY,Mizoram,,Slide,Rainfall,point_09293
23.01861,92.92055,GSI_INVENTORY,Mizoram,,Slide,Rainfall,point_09294
23.01833,92.92055,GSI_INVENTORY,Mizoram,,Slide,Rainfall,point_09295
23.01749,92.92042,GSI_INVENTORY,Mizoram,,Slide,Rainfall,point_09296
23.01998,92.92092,GSI_INVENTORY,Mizoram,,Fall,Rainfall,point_09297
23.02513,92.91922,GSI_INVENTORY,Mizoram,,Slide,Rainfall,point_09298
23.02212,92.91995,GSI_INVENTORY,Mizoram,,Slide,Rainfall,point_09299
23.06835,93.00275,GSI_INVENTORY,Mizoram,,Slide, ,point_09300
23.08989,93.02053,GSI_INVENTORY,Mizoram,,Slide,Rainfall and anthropogenic,point_09301
23.14381,93.03122,GSI_INVENTORY,Mizoram,,Slide,Rainfall and anthropogenic,point_09302
23.14806,93.05583,GSI_INVENTORY,Mizoram,,Slide,Rainfall and anthropogenic,point_09303
23.05722,93.08,GSI_INVENTORY,Mizoram,,Slide,Rainfall and anthropogenic,point_09304
22.98368,93.03844,GSI_INVENTORY,Mizoram,,Slide,Rainfall and anthropogenic,point_09305
23.14085,93.14249,GSI_INVENTORY,Mizoram,,Slide,Rainfall and anthropogenic,point_09306
23.12407,93.14589,GSI_INVENTORY,Mizoram,,Slide,Anthropogenic,point_09307
23.07269,93.21896,GSI_INVENTORY,Mizoram,,Slide,Rainfall and anthropogenic,point_09308
23.08964,93.20097,GSI_INVENTORY,Mizoram,,Slide,Rainfall and anthropogenic,point_09309
23.1523,93.28066,GSI_INVENTORY,Mizoram,,Slide,Rainfall and Anthropogenic,point_09310
23.15144,93.28233,GSI_INVENTORY,Mizoram,,Slide,Rainfall and Anthropogenic,point_09311
23.15142,93.28308,GSI_INVENTORY,Mizoram,,Slide,Rainfall and Anthropogenic,point_09312
23.05926,93.27565,GSI_INVENTORY,Mizoram,,Slide,Rainfall and Anthropogenic,point_09313
23.058,93.28057,GSI_INVENTORY,Mizoram,,Slide,Anthropogenic,point_09314
23.02682,93.26673,GSI_INVENTORY,Mizoram,,Fall, ,point_09315
23.05214,93.30737,GSI_INVENTORY,Mizoram,,Fall, ,point_09316
23.05167,93.30639,GSI_INVENTORY,Mizoram,,Fall, ,point_09317
23.0759,93.31531,GSI_INVENTORY,Mizoram,,Slide,Rainfall and Anthropogenic,point_09318
23.08134,93.32105,GSI_INVENTORY,Mizoram,,Fall, ,point_09319
23.08157,93.32063,GSI_INVENTORY,Mizoram,,Fall, ,point_09320
23.12727,93.2962,GSI_INVENTORY,Mizoram,,Slide,Rainfall and Anthropogenic,point_09321
23.13116,93.29398,GSI_INVENTORY,Mizoram,,Slide,Rainfall and Anthropogenic,point_09322
23.13898,93.28885,GSI_INVENTORY,Mizoram,,Slide,Rainfall and Anthropogenic,point_09323
23.14521,93.28706,GSI_INVENTORY,Mizoram,,Slide,Rainfall and Anthropogenic,point_09324
23.14953,93.28776,GSI_INVENTORY,Mizoram,,Slide,Rainfall and Anthropogenic,point_09325
23.15082,93.28636,GSI_INVENTORY,Mizoram,,Slide,Rainfall and Anthropogenic,point_09326
23.14633,93.30675,GSI_INVENTORY,Mizoram,,Slide,Rainfall and Anthropogenic,point_09327
23.1465,93.30625,GSI_INVENTORY,Mizoram,,Slide,Rainfall,point_09328
23.13671,93.31485,GSI_INVENTORY,Mizoram,,Slide,Rainfall,point_09329
23.14141,93.33827,GSI_INVENTORY,Mizoram,,Slide,Rainfall and Anthropogenic,point_09330
23.14029,93.34498,GSI_INVENTORY,Mizoram,,Slide,Rainfall and Anthropogenic,point_09331
23.14046,93.3435,GSI_INVENTORY,Mizoram,,Slide,Rainfall,point_09332
23.13543,93.36851,GSI_INVENTORY,Mizoram,,Slide,Rainfall,point_09333
23.1354,93.3683,GSI_INVENTORY,Mizoram,,Slide,Rainfall and Anthropogenic,point_09334
22.21,93.12,GSI_INVENTORY,Mizoram,,Slide,Rainfall,point_09335
22.2,93.13,GSI_INVENTORY,Mizoram,,Slide,Rainfall,point_09336
22.22,93.11,GSI_INVENTORY,Mizoram,,Slide,Rainfall,point_09337
22.32,93.14,GSI_INVENTORY,Mizoram,,Slide,Rainfall,point_09338
22.29,93.08,GSI_INVENTORY,Mizoram,,Slide,Rainfall,point_09339
22.29,93.09,GSI_INVENTORY,Mizoram,,Slide,Rainfall,point_09340
22.28,93.09,GSI_INVENTORY,Mizoram,,Slide,Rainfall,point_09341
22.28,93.08,GSI_INVENTORY,Mizoram,,Slide,Rainfall,point_09342
22.27,93.09,GSI_INVENTORY,Mizoram,,Slide,Rainfall,point_09343
22.24,93.1,GSI_INVENTORY,Mizoram,,Slide,Rainfall,point_09344
22.25,93.09,GSI_INVENTORY,Mizoram,,Slide,Rainfall,point_09345
22.27,93.06,GSI_INVENTORY,Mizoram,,Slide,Rainfall,point_09346
22.27,93.05,GSI_INVENTORY,Mizoram,,Slide,Rainfall,point_09347
22.26,93.05,GSI_INVENTORY,Mizoram,,Slide,Rainfall,point_09348
22.26,93.03,GSI_INVENTORY,Mizoram,,Slide,Rainfall,point_09349
22.25,93.03,GSI_INVENTORY,Mizoram,,Slide,Rainfall,point_09350
22.31,93.02,GSI_INVENTORY,Mizoram,,Slide,Rainfall,point_09351
22.32,93.02,GSI_INVENTORY,Mizoram,,Slide,Rainfall,point_09352
22.19,92.98,GSI_INVENTORY,Mizoram,,Slide,Rainfall,point_09353
22.22,92.96,GSI_INVENTORY,Mizoram,,Slide,Rainfall,point_09354
22.22,92.95,GSI_INVENTORY,Mizoram,,Slide,Rainfall,point_09355
22.23,92.93,GSI_INVENTORY,Mizoram,,Slide,Rainfall,point_09356
22.21,92.96,GSI_INVENTORY,Mizoram,,Slide,Rainfall,point_09357
22.17,92.99,GSI_INVENTORY,Mizoram,,Slide,Rainfall,point_09358
22.17,93.0,GSI_INVENTORY,Mizoram,,Slide,Rainfall,point_09359
22.16,93.0,GSI_INVENTORY,Mizoram,,Slide,Rainfall,point_09360
22.15,92.99,GSI_INVENTORY,Mizoram,,Slide,Rainfall,point_09361
22.14,93.0,GSI_INVENTORY,Mizoram,,Slide,Rainfall,point_09362
22.15,93.01,GSI_INVENTORY,Mizoram,,Slide,Rainfall,point_09363
22.17,93.01,GSI_INVENTORY,Mizoram,,Slide,Rainfall,point_09364
22.18,93.01,GSI_INVENTORY,Mizoram,,Slide,Rainfall,point_09365
22.19,93.03,GSI_INVENTORY,Mizoram,,Slide,Rainfall,point_09366
23.96,94.06,GSI_INVENTORY,Manipur,,Slide,Rainfall,point_09367
23.95,94.06,GSI_INVENTORY,Manipur,,Slide,Rainfall,point_09368
23.95,94.07,GSI_INVENTORY,Manipur,,Slide,Rainfall,point_09369
24.03,93.81,GSI_INVENTORY,Manipur,,Slide,Rainfall,point_09370
24.0,93.82,GSI_INVENTORY,Manipur,,Slide,Rainfall,point_09371
23.97,93.95,GSI_INVENTORY,Manipur,,Fall,Rainfall,point_09372
23.99,93.94,GSI_INVENTORY,Manipur,,Slide,Rainfall,point_09373
24.01,93.96,GSI_INVENTORY,Manipur,,Slide,Rainfall,point_09374
24.01,93.97,GSI_INVENTORY,Manipur,,Slide,Rainfall,point_09375
24.02,93.97,GSI_INVENTORY,Manipur,,Slide,Rainfall,point_09376
24.0,93.97,GSI_INVENTORY,Manipur,,Slide,Rainfall,point_09377
23.98,93.99,GSI_INVENTORY,Manipur,,Slide,Rainfall,point_09378
23.99,94.0,GSI_INVENTORY,Manipur,,Slide,Rainfall,point_09379
23.98,94.02,GSI_INVENTORY,Manipur,,Slide,Rainfall,point_09380
24.0,94.0,GSI_INVENTORY,Manipur,,Slide,Rainfall,point_09381
24.0,93.99,GSI_INVENTORY,Manipur,,Fall,Rainfall,point_09382
24.0,93.98,GSI_INVENTORY,Manipur,,Slide,Rainfall,point_09383
24.01,93.98,GSI_INVENTORY,Manipur,,Slide,Rainfall,point_09384
24.01,93.99,GSI_INVENTORY,Manipur,,Slide,Rainfall,point_09385
24.06,94.02,GSI_INVENTORY,Manipur,,Slide,Rainfall,point_09386
24.1,93.95,GSI_INVENTORY,Manipur,,Slide,Rainfall,point_09387
24.1,93.96,GSI_INVENTORY,Manipur,,Fall,Rainfall,point_09388
24.09,94.02,GSI_INVENTORY,Manipur,,Slide,Rainfall,point_09389
24.1,94.02,GSI_INVENTORY,Manipur,,Slide,Rainfall,point_09390
24.11,94.02,GSI_INVENTORY,Manipur,,Slide,Anthropogenic,point_09391
24.12,94.02,GSI_INVENTORY,Manipur,,Slide,Anthropogenic,point_09392
24.13,93.99,GSI_INVENTORY,Manipur,,Slide,Anthropogenic,point_09393
24.13,94.0,GSI_INVENTORY,Manipur,,Slide,Anthropogenic,point_09394
24.14,94.01,GSI_INVENTORY,Manipur,,Slide,Rainfall,point_09395
24.16,93.96,GSI_INVENTORY,Manipur,,Slide,Rainfall,point_09396
24.16,93.97,GSI_INVENTORY,Manipur,,Slide,Rainfall,point_09397
24.16,93.95,GSI_INVENTORY,Manipur,,Slide,Rainfall,point_09398
24.17,93.93,GSI_INVENTORY,Manipur,,Slide,Rainfall,point_09399
24.14,93.93,GSI_INVENTORY,Manipur,,Slide,Rainfall,point_09400
24.09,93.9,GSI_INVENTORY,Manipur,,Slide, ,point_09401
24.09,93.91,GSI_INVENTORY,Manipur,,Slide,Rainfall,point_09402
24.08,93.89,GSI_INVENTORY,Manipur,,Slide,Rainfall,point_09403
24.1,93.9,GSI_INVENTORY,Manipur,,Flow,Rainfall,point_09404
24.11,93.91,GSI_INVENTORY,Manipur,,Slide,Rainfall,point_09405
24.22,93.88,GSI_INVENTORY,Manipur,,Slide,Anthropogenic,point_09406
24.24,93.85,GSI_INVENTORY,Manipur,,Slide,Rainfall,point_09407
24.23,93.93,GSI_INVENTORY,Manipur,,Slide,Rainfall,point_09408
24.18,93.9,GSI_INVENTORY,Manipur,,Slide,Rainfall,point_09409
24.19,93.97,GSI_INVENTORY,Manipur,,Slide,Rainfall,point_09410
24.18,93.99,GSI_INVENTORY,Manipur,,Slide,Rainfall,point_09411
24.19,94.02,GSI_INVENTORY,Manipur,,Slide,Rainfall,point_09412
24.19,94.01,GSI_INVENTORY,Manipur,,Slide,Rainfall,point_09413
24.23,93.94,GSI_INVENTORY,Manipur,,Slide,Rainfall,point_09414
24.28736,94.02292,GSI_INVENTORY,Manipur,,Slide,Rainfall,point_09415
24.30153,94.01797,GSI_INVENTORY,Manipur,,Slide,Rainfall,point_09416
24.31762,94.00368,GSI_INVENTORY,Manipur,,Slide,Rainfall,point_09417
24.34003,93.97747,GSI_INVENTORY,Manipur,,Slide,Anthropogenic,point_09418
24.34603,93.95458,GSI_INVENTORY,Manipur,,Fall,Anthropogenic,point_09419
24.31433,93.93136,GSI_INVENTORY,Manipur,,Slide,Rainfall,point_09420
24.31419,93.92886,GSI_INVENTORY,Manipur,,Slide,Rainfall,point_09421
24.32,93.79,GSI_INVENTORY,Manipur,,Slide,Anthropogenic,point_09422
24.32,93.76,GSI_INVENTORY,Manipur,,Slide,Anthropogenic,point_09423
24.32,93.75,GSI_INVENTORY,Manipur,,Slide,Anthropogenic,point_09424
24.3,93.84,GSI_INVENTORY,Manipur,,Slide,Anthropogenic,point_09425
24.27,93.67,GSI_INVENTORY,Manipur,,Slide,Anthropogenic,point_09426
24.25,93.66,GSI_INVENTORY,Manipur,,Slide,Rainfall,point_09427
24.3,93.69,GSI_INVENTORY,Manipur,,Slide,Rainfall,point_09428
24.29,93.68,GSI_INVENTORY,Manipur,,Slide,Anthropogenic,point_09429
24.28,93.68,GSI_INVENTORY,Manipur,,Slide,Rainfall,point_09430
24.32,93.74,GSI_INVENTORY,Manipur,,Slide,Anthropogenic,point_09431
24.37,93.72,GSI_INVENTORY,Manipur,,Slide,Rainfall,point_09432
24.35,93.67,GSI_INVENTORY,Manipur,,Slide,Anthropogenic,point_09433
24.33,93.67,GSI_INVENTORY,Manipur,,Slide,Anthropogenic,point_09434
24.33,93.66,GSI_INVENTORY,Manipur,,Fall,Rainfall,point_09435
24.34,93.66,GSI_INVENTORY,Manipur,,Slide,Rainfall,point_09436
24.35,93.66,GSI_INVENTORY,Manipur,,Slide,Rainfall,point_09437
24.42,93.84,GSI_INVENTORY,Manipur,,Slide,Rainfall,point_09438
24.52,93.8,GSI_INVENTORY,Manipur,,Slide,Rainfall,point_09439
24.55357,93.71132,GSI_INVENTORY,Manipur,,Slide,Rainfall,point_09440
24.54805,93.70974,GSI_INVENTORY,Manipur,,Slide,Rainfall,point_09441
24.5465,93.67167,GSI_INVENTORY,Manipur,,Slide,Rainfall,point_09442
24.54926,93.66768,GSI_INVENTORY,Manipur,,Slide,Rainfall,point_09443
24.54994,93.66836,GSI_INVENTORY,Manipur,,Slide,Rainfall,point_09444
24.54436,93.67492,GSI_INVENTORY,Manipur,,Slide,Rainfall,point_09445
24.54381,93.67653,GSI_INVENTORY,Manipur,,Slide,Rainfall,point_09446
24.53882,93.67677,GSI_INVENTORY,Manipur,,Slide,Rainfall,point_09447
24.53656,93.67005,GSI_INVENTORY,Manipur,,Slide,Rainfall,point_09448
24.53402,93.68043,GSI_INVENTORY,Manipur,,Slide,Rainfall,point_09449
24.61237,93.67078,GSI_INVENTORY,Manipur,,Slide,Rainfall,point_09450
24.61299,93.67024,GSI_INVENTORY,Manipur,,Slide,Rainfall,point_09451
24.62494,93.69156,GSI_INVENTORY,Manipur,,Slide,Anthropogenic factors- roadcutting,point_09452
24.62595,93.69295,GSI_INVENTORY,Manipur,,Slide,Rainfall,point_09453
24.62986,93.69528,GSI_INVENTORY,Manipur,,Slide,Rainfall,point_09454
24.61508,93.69684,GSI_INVENTORY,Manipur,,Slide,Rainfall,point_09455
24.61488,93.69619,GSI_INVENTORY,Manipur,,Slide,Rainfall,point_09456
24.60023,93.69548,GSI_INVENTORY,Manipur,,Slide,Rainfall,point_09457
24.59933,93.68972,GSI_INVENTORY,Manipur,,Slide,Rainfall,point_09458
24.59597,93.72189,GSI_INVENTORY,Manipur,,Slide,Anthropogenic activity- Road cutting.,point_09459
24.59986,93.72522,GSI_INVENTORY,Manipur,,Slide,Rainfall,point_09460
24.60008,93.72553,GSI_INVENTORY,Manipur,,Slide,Rainfall,point_09461
24.60753,93.71378,GSI_INVENTORY,Manipur,,Slide,Anthropogenic,point_09462
24.61889,93.70583,GSI_INVENTORY,Manipur,,Slide,Rainfall,point_09463
24.62683,93.70944,GSI_INVENTORY,Manipur,,Slide,Rainfall,point_09464
24.63186,93.72189,GSI_INVENTORY,Manipur,,Slide,Anthropogenic,point_09465
24.63428,93.71964,GSI_INVENTORY,Manipur,,Slide,Anthropogenic,point_09466
24.63539,93.71919,GSI_INVENTORY,Manipur,,Slide,Rainfall,point_09467
24.67257,93.6973,GSI_INVENTORY,Manipur,,Slide,Rainfall,point_09468
24.67241,93.69686,GSI_INVENTORY,Manipur,,Slide,Rainfall,point_09469
24.66389,93.67906,GSI_INVENTORY,Manipur,,Slide,Anthropogenic factors- roadcutting,point_09470
24.63781,93.69075,GSI_INVENTORY,Manipur,,Slide,Rainfall,point_09471
24.63981,93.69133,GSI_INVENTORY,Manipur,,Slide,Rainfal,point_09472
24.63931,93.69111,GSI_INVENTORY,Manipur,,Slide,Rainfall,point_09473
24.64144,93.69164,GSI_INVENTORY,Manipur,,Slide,Rainfall,point_09474
24.64949,93.67952,GSI_INVENTORY,Manipur,,Creep,Rainfall,point_09475
24.6525,93.676,GSI_INVENTORY,Manipur,,Slide,Anthropogenic factors- roadcutting,point_09476
24.6462,93.67186,GSI_INVENTORY,Manipur,,Slide,Rainfall,point_09477
24.64697,93.67236,GSI_INVENTORY,Manipur,,Slide,Rainfall,point_09478
24.64701,93.67283,GSI_INVENTORY,Manipur,,Slide,Rainfall,point_09479
24.63936,93.65944,GSI_INVENTORY,Manipur,,Slide,Rainfall,point_09480
24.66778,93.67694,GSI_INVENTORY,Manipur,,Slide,Rainfall,point_09481
24.67964,93.66967,GSI_INVENTORY,Manipur,,Slide,Rainfall,point_09482
24.68506,93.669,GSI_INVENTORY,Manipur,,Slide,Rainfall,point_09483
24.68314,93.69626,GSI_INVENTORY,Manipur,,Slide,Rainfall,point_09484
24.77989,93.66389,GSI_INVENTORY,Manipur,,Creep,Earthquake,point_09485
24.73326,93.70186,GSI_INVENTORY,Manipur,,Slide,Rainfall,point_09486
24.78319,93.77469,GSI_INVENTORY,Manipur,,Slide,Rainfall and anthropogenic factors,point_09487
24.78169,93.77606,GSI_INVENTORY,Tripura,,Slide,Rainfall,point_09488
24.78214,93.77761,GSI_INVENTORY,Manipur,,Slide,Rainfall and anthropogenic factors,point_09489
24.77925,93.781,GSI_INVENTORY,Manipur,,Slide,Rainfall and anthropogenic factors,point_09490
24.77767,93.78281,GSI_INVENTORY,Manipur,,Slide,Anthropogenic factors,point_09491
24.77878,93.78278,GSI_INVENTORY,Manipur,,Slide,Rainfall and anthropogenic factors,point_09492
24.43,93.85,GSI_INVENTORY,Manipur,,Slide,Rainfall,point_09493
24.40639,94.06583,GSI_INVENTORY,Manipur,,Slide,Rainfall,point_09494
24.39158,94.08581,GSI_INVENTORY,Manipur,,Slide,Anthropogenic,point_09495
24.40417,94.15667,GSI_INVENTORY,Manipur,,Slide,Rainfall,point_09496
24.39136,94.15436,GSI_INVENTORY,Manipur,,Slide,Rainfall,point_09497
24.38766,94.15168,GSI_INVENTORY,Manipur,,Slide,Earthquake,point_09498
24.37942,94.15414,GSI_INVENTORY,Manipur,,Slide,Rainfall,point_09499
24.38771,94.15576,GSI_INVENTORY,Manipur,,Slide,Earthquake,point_09500
24.41767,94.17681,GSI_INVENTORY,Manipur,,Slide,Anthropogenic,point_09501
24.4165,94.17694,GSI_INVENTORY,Manipur,,Slide,Rainfall,point_09502
24.41961,94.18272,GSI_INVENTORY,Manipur,,Slide,Anthropogenic,point_09503
24.41617,94.17617,GSI_INVENTORY,Manipur,,Slide,Anthropogenic,point_09504
24.44407,94.16977,GSI_INVENTORY,Manipur,,Slide,Anthropogenic,point_09505
24.44401,94.17349,GSI_INVENTORY,Manipur,,Slide,Rainfall,point_09506
24.44168,94.17921,GSI_INVENTORY,Manipur,,Slide,Rainfall,point_09507
24.43717,94.18495,GSI_INVENTORY,Manipur,,Slide,Rainfall,point_09508
24.43984,94.18435,GSI_INVENTORY,Manipur,,Slide,Rainfall,point_09509
24.52878,94.15667,GSI_INVENTORY,Manipur,,Slide,Rainfall and anthropogenic factors,point_09510
24.49167,94.16379,GSI_INVENTORY,Manipur,,Slide,Rainfall,point_09511
24.49167,94.16089,GSI_INVENTORY,Manipur,,Slide,Rainfall and anthropogenic factors,point_09512
24.49901,94.15451,GSI_INVENTORY,Manipur,,Slide,Earthquake,point_09513
24.49679,94.14188,GSI_INVENTORY,Manipur,,Slide,Earthquake,point_09514
24.49233,94.14336,GSI_INVENTORY,Manipur,,Slide,Rainfall,point_09515
24.49098,94.16515,GSI_INVENTORY,Manipur,,Slide,Rainfall,point_09516
24.49329,94.17953,GSI_INVENTORY,Manipur,,Slide,Rainfall,point_09517
24.49762,94.1804,GSI_INVENTORY,Manipur,,Slide,Rainfall,point_09518
24.495,94.18618,GSI_INVENTORY,Manipur,,Slide,Rainfall,point_09519
24.48973,94.19169,GSI_INVENTORY,Manipur,,Slide,Rainfall,point_09520
24.49997,94.19577,GSI_INVENTORY,Manipur,,Slide,Rainfall,point_09521
24.50137,94.19229,GSI_INVENTORY,Manipur,,Slide,Rainfall,point_09522
24.50632,94.18015,GSI_INVENTORY,Manipur,,Slide,Rainfall,point_09523
24.50653,94.18039,GSI_INVENTORY,Manipur,,Slide,Rainfall and anthropogenic factors,point_09524
24.55392,94.09117,GSI_INVENTORY,Manipur,,Slide,Rainfall and anthropogenic factors,point_09525
24.77347,94.07897,GSI_INVENTORY,Manipur,,Slide,Rainfall and anthropogenic factors,point_09526
24.76956,94.11678,GSI_INVENTORY,Manipur,,Slide,Rainfall,point_09527
24.68217,94.13811,GSI_INVENTORY,Manipur,,Slide,Rainfall,point_09528
24.68278,94.14006,GSI_INVENTORY,Manipur,,Slide,Rainfall and anthropogenic factors,point_09529
24.68603,94.14544,GSI_INVENTORY,Manipur,,Slide,Anthropogenic factors,point_09530
24.68642,94.15333,GSI_INVENTORY,Manipur,,Slide,Anthropogenic factors,point_09531
24.7135,94.19942,GSI_INVENTORY,Manipur,,Slide,Rainfall and anthropogenic factors,point_09532
24.70842,94.19828,GSI_INVENTORY,Manipur,,Slide,Rainfall and anthropogenic factors,point_09533
24.70911,94.19853,GSI_INVENTORY,Manipur,,Slide,Rainfall and anthropogenic factors,point_09534
24.70408,94.18736,GSI_INVENTORY,Manipur,,Slide,Rainfall and anthropogenic factors,point_09535
24.68914,94.16547,GSI_INVENTORY,Manipur,,Slide,Anthropogenic factors,point_09536
24.68394,94.17278,GSI_INVENTORY,Manipur,,Slide,Rainfall and anthropogenic factors,point_09537
24.685,94.17128,GSI_INVENTORY,Manipur,,Slide,Rainfall and anthropogenic factors,point_09538
24.68625,94.17069,GSI_INVENTORY,Manipur,,Slide,Rainfall,point_09539
24.70272,94.19872,GSI_INVENTORY,Manipur,,Slide,Rainfall and anthropogenic factors,point_09540
24.70042,94.19931,GSI_INVENTORY,Manipur,,Slide,Rainfall and anthropogenic factors,point_09541
24.70028,94.19761,GSI_INVENTORY,Manipur,,Slide,Rainfall and anthropogenic factors,point_09542
24.63728,94.1725,GSI_INVENTORY,Manipur,,Slide,Rainfall and anthropogenic factors,point_09543
24.65523,94.29276,GSI_INVENTORY,Manipur,,Slide,Rainfall,point_09544
24.66839,94.28547,GSI_INVENTORY,Manipur,,Slide,Rainfall,point_09545
24.66474,94.29035,GSI_INVENTORY,Manipur,,Slide,Rainfall,point_09546
24.67358,94.27053,GSI_INVENTORY,Manipur,,Slide,Rainfall,point_09547
24.67232,94.26374,GSI_INVENTORY,Manipur,,Slide,Rainfall,point_09548
24.67916,94.25263,GSI_INVENTORY,Manipur,,Slide,Rainfall,point_09549
24.67608,94.25313,GSI_INVENTORY,Manipur,,Slide,Rainfall,point_09550
24.6773,94.25344,GSI_INVENTORY,Manipur,,Slide,Rainfall,point_09551
24.67632,94.25398,GSI_INVENTORY,Manipur,,Slide,Rainfall,point_09552
24.69139,94.25592,GSI_INVENTORY,Manipur,,Slide,Rainfall,point_09553
24.69194,94.25033,GSI_INVENTORY,Manipur,,Slide,Rainfall,point_09554
24.72861,94.22486,GSI_INVENTORY,Manipur,,Slide,Rainfall,point_09555
24.71789,94.2235,GSI_INVENTORY,Manipur,,Slide,Rainfall,point_09556
24.71475,94.21792,GSI_INVENTORY,Manipur,,Slide,Rainfall and anthropogenic factors,point_09557
24.74214,94.22133,GSI_INVENTORY,Manipur,,Slide,Rainfall,point_09558
24.69291,94.25835,GSI_INVENTORY,Manipur,,Slide,Rainfall,point_09559
24.69237,94.25748,GSI_INVENTORY,Manipur,,Slide,Rainfall + Anthropogenic,point_09560
24.69325,94.25944,GSI_INVENTORY,Manipur,,Slide,Rainfall + Anthropogenic,point_09561
24.68683,94.2605,GSI_INVENTORY,Manipur,,Slide,Rainfall,point_09562
24.68665,94.25867,GSI_INVENTORY,Manipur,,Slide,Rainfall,point_09563
24.68463,94.26425,GSI_INVENTORY,Manipur,,Slide,Rainfall,point_09564
24.68767,94.26731,GSI_INVENTORY,Manipur,,Slide,Rainfall,point_09565
24.68324,94.26728,GSI_INVENTORY,Manipur,,Subsidence,Rainfall,point_09566
24.68283,94.26931,GSI_INVENTORY,Manipur,,Subsidence,Rainfall,point_09567
24.74581,94.34833,GSI_INVENTORY,Manipur,,Slide,Rainfall,point_09568
24.71434,94.36086,GSI_INVENTORY,Manipur,,Slide,anthropogenic,point_09569
24.65256,94.38919,GSI_INVENTORY,Manipur,,Slide,rainfall,point_09570
24.64569,94.38249,GSI_INVENTORY,Manipur,,Fall,rainfall,point_09571
24.60775,94.34287,GSI_INVENTORY,Manipur,,Slide,Rainfall,point_09572
24.61354,94.33124,GSI_INVENTORY,Manipur,,Slide,Rainfall,point_09573
24.61858,94.30878,GSI_INVENTORY,Manipur,,Slide,Rainfall,point_09574
24.61816,94.30938,GSI_INVENTORY,Manipur,,Slide,Rainfall,point_09575
24.59964,94.35869,GSI_INVENTORY,Manipur,,Slide,Rainfall,point_09576
24.43106,94.25903,GSI_INVENTORY,Manipur,,Slide,Anthropogenic,point_09577
24.45495,94.22541,GSI_INVENTORY,Manipur,,Slide,Rainfall,point_09578
24.45646,94.22686,GSI_INVENTORY,Manipur,,Slide,Rainfall,point_09579
24.4588,94.22347,GSI_INVENTORY,Manipur,,Slide,Rainfall,point_09580
24.46296,94.23367,GSI_INVENTORY,Manipur,,Slide,Anthropogenic,point_09581
24.4455,94.22972,GSI_INVENTORY,Manipur,,Slide,Anthropogenic,point_09582
24.44522,94.23058,GSI_INVENTORY,Manipur,,Slide,Rainfall,point_09583
24.44931,94.22178,GSI_INVENTORY,Manipur,,Slide,Anthropogenic,point_09584
24.43397,94.24928,GSI_INVENTORY,Manipur,,Slide,Rainfall,point_09585
24.43361,94.25061,GSI_INVENTORY,Manipur,,Slide,Rainfall,point_09586
24.43361,94.24954,GSI_INVENTORY,Manipur,,Slide,Anthropogenic,point_09587
24.40867,94.24514,GSI_INVENTORY,Manipur,,Slide,Rainfall,point_09588
24.40799,94.24054,GSI_INVENTORY,Manipur,,Slide,Rainfall,point_09589
24.38191,94.21314,GSI_INVENTORY,Manipur,,Slide,Rainfall,point_09590
24.25806,94.28722,GSI_INVENTORY,Manipur,,Slide,Rainfall,point_09591
24.26433,94.28381,GSI_INVENTORY,Manipur,,Slide,Anthropogenic,point_09592
24.22,94.26,GSI_INVENTORY,Manipur,,Slide,Rainfall,point_09593
24.22,94.24,GSI_INVENTORY,Manipur,,Slide,Rainfall,point_09594
24.21,94.22,GSI_INVENTORY,Manipur,,Slide,Rainfall,point_09595
24.32544,94.23258,GSI_INVENTORY,Tripura,,Slide,Rainfall,point_09596
24.3225,94.23361,GSI_INVENTORY,Manipur,,Slide,Rainfall,point_09597
24.31311,94.23044,GSI_INVENTORY,Manipur,,Slide,Anthropogenic,point_09598
24.30308,94.24506,GSI_INVENTORY,Manipur,,Slide,Anthropogenic,point_09599
24.30442,94.24389,GSI_INVENTORY,Manipur,,Slide,Anthropogenic,point_09600
24.30986,94.23464,GSI_INVENTORY,Manipur,,Slide,Anthropogenic,point_09601
24.29114,94.27614,GSI_INVENTORY,Manipur,,Slide,Anthropogenic,point_09602
24.28933,94.27714,GSI_INVENTORY,Manipur,,Slide,Anthropogenic,point_09603
24.28422,94.2805,GSI_INVENTORY,Manipur,,Slide,Anthropogenic,point_09604
24.35481,94.25809,GSI_INVENTORY,Manipur,,Slide,Rainfall,point_09605
24.34,94.22444,GSI_INVENTORY,Manipur,,Slide,Rainfall,point_09606
24.36561,94.1665,GSI_INVENTORY,Manipur,,Slide,Rainfall,point_09607
24.36486,94.17414,GSI_INVENTORY,Manipur,,Slide,Anthropogenic,point_09608
24.32292,94.151,GSI_INVENTORY,Manipur,,Slide,Rainfall,point_09609
24.32189,94.14731,GSI_INVENTORY,Manipur,,Slide,Rainfall,point_09610
24.32336,94.14356,GSI_INVENTORY,Manipur,,Slide,Anthropogenic,point_09611
24.31783,94.14467,GSI_INVENTORY,Manipur,,Slide,Rainfall,point_09612
24.28572,94.12822,GSI_INVENTORY,Manipur,,Slide,Rainfall,point_09613
24.27764,94.12728,GSI_INVENTORY,Manipur,,Slide,Rainfall,point_09614
24.29103,94.12406,GSI_INVENTORY,Manipur,,Slide,Anthropogenic,point_09615
24.29803,94.12358,GSI_INVENTORY,Manipur,,Slide,Rainfall,point_09616
24.31653,94.13808,GSI_INVENTORY,Manipur,,Slide,Rainfall,point_09617
24.36681,94.16339,GSI_INVENTORY,Manipur,,Slide,Rainfall,point_09618
24.30181,94.05992,GSI_INVENTORY,Manipur,,Slide,Anthropogenic,point_09619
24.29071,94.03809,GSI_INVENTORY,Manipur,,Slide,Rainfall,point_09620
24.27705,94.07009,GSI_INVENTORY,Manipur,,Slide,Rainfall,point_09621
24.27958,94.07716,GSI_INVENTORY,Manipur,,Slide,Rainfall,point_09622
24.28047,94.07383,GSI_INVENTORY,Manipur,,Slide,Rainfall,point_09623
24.28902,94.07333,GSI_INVENTORY,Manipur,,Slide,Rainfall,point_09624
24.26787,94.11798,GSI_INVENTORY,Manipur,,Slide,Anthropogenic,point_09625
24.26719,94.11189,GSI_INVENTORY,Manipur,,Slide,Rainfall,point_09626
24.26794,94.11156,GSI_INVENTORY,Manipur,,Slide,Rainfall,point_09627
24.26914,94.1074,GSI_INVENTORY,Manipur,,Slide,Rainfall,point_09628
24.26853,94.10386,GSI_INVENTORY,Manipur,,Fall,Rainfall,point_09629
24.26432,94.09647,GSI_INVENTORY,Manipur,,Slide,Rainfall,point_09630
24.25361,94.10026,GSI_INVENTORY,Manipur,,Slide,Rainfall,point_09631
24.2504,94.09648,GSI_INVENTORY,Manipur,,Slide,Rainfall,point_09632
24.24,94.08,GSI_INVENTORY,Manipur,,Slide,Rainfall,point_09633
24.25072,94.07386,GSI_INVENTORY,Manipur,,Slide,Rainfall,point_09634
24.25,94.08,GSI_INVENTORY,Manipur,,Slide,Rainfall,point_09635
24.25101,94.0873,GSI_INVENTORY,Manipur,,Slide,Rainfall,point_09636
24.25658,94.09311,GSI_INVENTORY,Manipur,,Slide,Anthropogenic,point_09637
24.27267,94.07508,GSI_INVENTORY,Manipur,,Slide,Rainfall,point_09638
24.25,94.07,GSI_INVENTORY,Manipur,,Slide,Rainfall,point_09639
24.24623,94.07039,GSI_INVENTORY,Manipur,,Slide,Rainfall,point_09640
24.22,94.07,GSI_INVENTORY,Manipur,,Slide,Rainfall,point_09641
24.18,94.07,GSI_INVENTORY,Manipur,,Slide,Rainfall,point_09642
24.22,94.08,GSI_INVENTORY,Manipur,,Slide,Rainfall,point_09643
24.22,94.09,GSI_INVENTORY,Manipur,,Slide,Rainfall,point_09644
24.2,94.1,GSI_INVENTORY,Manipur,,Slide,Rainfall,point_09645
24.22,94.11,GSI_INVENTORY,Manipur,,Slide,Rainfall,point_09646
24.19,94.11,GSI_INVENTORY,Manipur,,Slide,Rainfall,point_09647
24.26802,94.12081,GSI_INVENTORY,Manipur,,Slide,Anthropogenic,point_09648
24.27153,94.12567,GSI_INVENTORY,Manipur,,Slide,Rainfall,point_09649
24.27081,94.12514,GSI_INVENTORY,Manipur,,Slide,Anthropogenic,point_09650
24.2,94.2,GSI_INVENTORY,Manipur,,Slide,Rainfall,point_09651
24.19,94.19,GSI_INVENTORY,Manipur,,Slide,Rainfall,point_09652
24.19,94.2,GSI_INVENTORY,Manipur,,Slide,Rainfall,point_09653
24.09,94.15,GSI_INVENTORY,Manipur,,Slide,Anthropogenic,point_09654
24.11,94.13,GSI_INVENTORY,Manipur,,Slide,Rainfall,point_09655
24.12,94.13,GSI_INVENTORY,Manipur,,Slide,Rainfall,point_09656
24.13,94.12,GSI_INVENTORY,Manipur,,Slide,Rainfall,point_09657
24.13,94.13,GSI_INVENTORY,Manipur,,Slide,Rainfall,point_09658
24.15,94.1,GSI_INVENTORY,Manipur,,Slide,Rainfall,point_09659
24.13,94.11,GSI_INVENTORY,Manipur,,Slide,Rainfall,point_09660
24.15,94.08,GSI_INVENTORY,Manipur,,Slide,Rainfall,point_09661
24.13,94.06,GSI_INVENTORY,Manipur,,Slide,Rainfall,point_09662
24.14,94.07,GSI_INVENTORY,Manipur,,Slide,Rainfall,point_09663
24.13,94.07,GSI_INVENTORY,Manipur,,Slide,Rainfall,point_09664
24.12,94.07,GSI_INVENTORY,Manipur,,Slide,Rainfall,point_09665
24.1,94.07,GSI_INVENTORY,Manipur,,Slide,Rainfall,point_09666
24.12,94.05,GSI_INVENTORY,Manipur,,Slide,Rainfall,point_09667
24.1,94.03,GSI_INVENTORY,Manipur,,Slide,Rainfall,point_09668
24.1,94.04,GSI_INVENTORY,Manipur,,Slide,Rainfall,point_09669
24.09,94.04,GSI_INVENTORY,Manipur,,Slide,Rainfall,point_09670
24.09,94.03,GSI_INVENTORY,Manipur,,Slide,Rainfall,point_09671
24.08,94.03,GSI_INVENTORY,Manipur,,Slide,Rainfall,point_09672
24.04,94.08,GSI_INVENTORY,Manipur,,Slide,Rainfall,point_09673
24.05,94.07,GSI_INVENTORY,Manipur,,Slide,Rainfall,point_09674
24.06,94.05,GSI_INVENTORY,Manipur,,Slide,Rainfall,point_09675
24.06,94.04,GSI_INVENTORY,Manipur,,Slide,Rainfall,point_09676
24.07,94.03,GSI_INVENTORY,Manipur,,Slide,Rainfall,point_09677
24.06,94.03,GSI_INVENTORY,Manipur,,Slide,Rainfall,point_09678
23.99,94.04,GSI_INVENTORY,Manipur,,Slide,Rainfall,point_09679
23.98,94.03,GSI_INVENTORY,Manipur,,Slide,Rainfall,point_09680
23.97,94.04,GSI_INVENTORY,Manipur,,Slide,Rainfall,point_09681
24.68314,94.40092,GSI_INVENTORY,Manipur,,Slide,rainfall,point_09682
24.77733,94.60228,GSI_INVENTORY,Manipur,,Slide,Rainfall,point_09683
24.77669,94.59947,GSI_INVENTORY,Manipur,,Slide,Rainfall,point_09684
26.8826,88.2788,NASA_GLC,Bengal,2009-07-22,landslide,downpour,point_09685
27.478,88.527,NASA_GLC,,2009-07-01,landslide,downpour,point_09686
27.8385,88.556,NASA_GLC,,2012-09-19,landslide,downpour,point_09687
27.6558,88.605,NASA_GLC,,2012-09-19,landslide,downpour,point_09688
27.0605,88.255,NASA_GLC,Bengal,2011-09-25,landslide,downpour,point_09689
26.87324,88.29184,NASA_GLC,Bengal,2009-07-03,landslide,rain,point_09690
26.885,88.2778,NASA_GLC,Bengal,2008-06-20,landslide,rain,point_09691
26.88,88.28,NASA_GLC,Bengal,2011-06-17,mudslide,downpour,point_09692
26.8073,88.3162,NASA_GLC,Bengal,2010-06-16,landslide,downpour,point_09693
27.6163,88.6586,NASA_GLC,Sikkim,2015-05-24,landslide,unknown,point_09694
27.4459,88.6193,NASA_GLC,,2007-04-11,landslide,downpour,point_09695
22.533,92.899,NASA_GLC,Mizoram,2007-07-30,landslide,downpour,point_09696
27.1761,88.5287,NASA_GLC,Sikkim,2009-08-20,mudslide,downpour,point_09697
23.591,92.9296,NASA_GLC,Mizoram,2010-09-13,landslide,downpour,point_09698
27.3383,88.6069,NASA_GLC,Sikkim,2007-05-23,landslide,rain,point_09699
27.5161,88.5575,NASA_GLC,,2011-09-30,landslide,unknown,point_09700
27.0076,88.251,NASA_GLC,West Bengal,2015-06-27,landslide,downpour,point_09701
22.479,92.967,NASA_GLC,Mizoram,2007-07-30,landslide,downpour,point_09702
27.2879,88.2579,NASA_GLC,,2011-06-23,landslide,downpour,point_09703
27.0713,88.4308,NASA_GLC,Bengal,2007-08-25,landslide,rain,point_09704
27.3702,88.7334,NASA_GLC,Sikkim,2010-09-04,landslide,downpour,point_09705
26.89,88.47,NASA_GLC,Bengal,2009-06-17,mudslide,downpour,point_09706
27.0246,88.4385,NASA_GLC,Bengal,2009-08-16,landslide,downpour,point_09707
26.8905,88.2789,NASA_GLC,Bengal,2007-08-02,mudslide,rain,point_09708
26.9282,88.4553,NASA_GLC,West Bengal,2015-07-04,landslide,unknown,point_09709
27.0096,88.2548,NASA_GLC,Bengal,2007-08-29,landslide,rain,point_09710
26.9435,88.4445,NASA_GLC,Bengal,2010-08-17,landslide,downpour,point_09711
26.7324,88.4089,NASA_GLC,Bengal,2007-06-13,landslide,rain,point_09712
26.8861,88.1704,NASA_GLC,West Bengal,2016-10-12,landslide,downpour,point_09713
27.3341,88.6083,NASA_GLC,Sikkim,2010-04-17,landslide,downpour,point_09714
27.0765,88.4808,NASA_GLC,Bengal,2010-06-16,landslide,rain,point_09715
27.1027,88.1218,NASA_GLC,West Bengal,2016-07-26,landslide,downpour,point_09716
27.3425,88.6236,NASA_GLC,Sikkim,2007-09-10,landslide,rain,point_09717
26.9974,88.4314,NASA_GLC,West Bengal,2015-06-17,landslide,downpour,point_09718
23.7327,92.7463,NASA_GLC,Mizoram,2014-07-14,landslide,downpour,point_09719
27.3721,88.708,NASA_GLC,Sikkim,2013-06-08,landslide,downpour,point_09720
23.75407,92.74129,NASA_GLC,Mizoram,2010-09-13,landslide,downpour,point_09721
27.0377,88.3603,NASA_GLC,Sikkim,2012-09-14,landslide,downpour,point_09722
27.0599,88.4674,NASA_GLC,Bengal,2013-09-16,landslide,downpour,point_09723
23.3572,92.7878,NASA_GLC,Mizoram,2015-08-26,landslide,continuous_rain,point_09724
27.2084,88.4909,NASA_GLC,,2007-09-11,debris_flow,rain,point_09725
26.7914,88.363,NASA_GLC,Bengal,2009-08-16,landslide,downpour,point_09726
26.9978,88.167,NASA_GLC,West Bengal,2015-07-01,landslide,downpour,point_09727
27.1141,88.4658,NASA_GLC,Bengal,2011-07-20,landslide,rain,point_09728
27.3773,88.559,NASA_GLC,Sikkim,2010-07-21,landslide,downpour,point_09729
23.74183,92.71419,NASA_GLC,Mizoram,2010-09-13,landslide,downpour,point_09730
27.3765,88.7628,NASA_GLC,Sikkim,2013-06-27,landslide,downpour,point_09731
26.74452,88.40012,NASA_GLC,Bengal,2009-08-16,landslide,downpour,point_09732
27.1344,88.4575,NASA_GLC,Bengal,2009-08-20,landslide,downpour,point_09733
25.4243,88.2746,NASA_GLC,West Bengal,2015-06-30,landslide,downpour,point_09734
27.2644,88.1365,NASA_GLC,,2009-08-19,landslide,downpour,point_09735
27.04,88.264,NASA_GLC,Bengal,2009-07-22,landslide,downpour,point_09736
27.1748,88.6458,NASA_GLC,Sikkim,2012-06-07,landslide,rain,point_09737
27.059,88.4694,NASA_GLC,West Bengal,2014-07-15,landslide,rain,point_09738
26.88676,88.28045,NASA_GLC,Bengal,2009-08-16,landslide,downpour,point_09739
27.167,88.3652,NASA_GLC,Sikkim,2010-08-20,complex,downpour,point_09740
27.3746,88.7648,NASA_GLC,Sikkim,2009-08-26,landslide,rain,point_09741
27.5509,88.6475,NASA_GLC,,2010-07-21,landslide,downpour,point_09742
27.201,88.4883,NASA_GLC,,2007-09-07,landslide,rain,point_09743
26.99196,88.42281,NASA_GLC,Sikkim,2011-07-17,landslide,rain,point_09744
27.3736,88.7323,NASA_GLC,Sikkim,2013-09-07,landslide,rain,point_09745
22.6461,88.3403,NASA_GLC,Bengal,2007-08-31,landslide,rain,point_09746
27.0736,88.4779,NASA_GLC,Bengal,2009-08-20,landslide,continuous_rain,point_09747
27.0366,88.263,NASA_GLC,Bengal,2010-08-05,landslide,downpour,point_09748
27.0257,88.4301,NASA_GLC,West Bengal,2015-06-17,landslide,downpour,point_09749
27.7565,88.632,NASA_GLC,,2012-06-07,landslide,downpour,point_09750
27.1499,88.38,NASA_GLC,Sikkim,2007-07-16,mudslide,rain,point_09751
27.1954,88.6115,NASA_GLC,Sikkim,2009-09-17,landslide,rain,point_09752
27.0375,88.2627,NASA_GLC,Bengal,2010-08-06,landslide,downpour,point_09753
27.13862,88.22552,NASA_GLC,,2011-08-23,landslide,downpour,point_09754
26.9343,88.4486,NASA_GLC,West Bengal,2016-10-15,rock_fall,downpour,point_09755
26.888,88.2796,NASA_GLC,West Bengal,2016-10-15,landslide,unknown,point_09756
26.88406,88.28087,NASA_GLC,Bengal,2009-08-20,landslide,continuous_rain,point_09757
27.3425,88.2426,NASA_GLC,Sikkim,2013-09-01,landslide,downpour,point_09758
27.1176,88.1069,NASA_GLC,West Bengal,2016-07-20,landslide,downpour,point_09759
26.8811,88.2779,NASA_GLC,West Bengal,2015-07-01,landslide,downpour,point_09760
27.1675,88.3651,NASA_GLC,Sikkim,2012-09-16,landslide,downpour,point_09761
23.7527,92.694,NASA_GLC,Mizoram,2010-09-16,landslide,downpour,point_09762
27.0638,88.4659,NASA_GLC,Bengal,2011-06-20,landslide,rain,point_09763
23.7131,92.7362,NASA_GLC,Mizoram,2015-06-19,landslide,rain,point_09764
23.73479,92.72124,NASA_GLC,Mizoram,2009-10-05,landslide,downpour,point_09765
27.172,88.5292,NASA_GLC,Sikkim,2016-10-15,landslide,downpour,point_09766
23.7313,92.7187,NASA_GLC,Mizoram,2015-09-14,landslide,downpour,point_09767
26.89,88.28,NASA_GLC,Bengal,2008-06-29,landslide,unknown,point_09768
26.8833,88.2833,NASA_GLC,Bengal,2007-09-07,landslide,rain,point_09769
27.337,88.609,NASA_GLC,Sikkim,2008-08-28,landslide,downpour,point_09770
27.322,88.6087,NASA_GLC,Sikkim,2010-04-17,landslide,downpour,point_09771
27.7167,88.5577,NASA_GLC,,2012-06-03,landslide,downpour,point_09772
27.0875,88.6556,NASA_GLC,West Bengal,2015-06-30,landslide,downpour,point_09773
27.05374,88.42572,NASA_GLC,Sikkim,2011-07-19,landslide,rain,point_09774
22.7176,92.8416,NASA_GLC,Mizoram,2010-09-13,landslide,downpour,point_09775
27.0816,88.4397,NASA_GLC,Sikkim,2015-07-07,landslide,continuous_rain,point_09776
23.7281,92.7175,NASA_GLC,Mizoram,2013-05-11,landslide,rain,point_09777
26.8843,88.1835,NASA_GLC,West Bengal,2015-06-30,landslide,downpour,point_09778
24.042,92.6724,NASA_GLC,Mizoram,2015-08-27,landslide,downpour,point_09779
27.4885,88.4451,NASA_GLC,,2011-06-17,mudslide,rain,point_09780
27.1695,88.3664,NASA_GLC,Sikkim,2016-10-15,landslide,rain,point_09781
23.5397,93.3783,NASA_GLC,Mizoram,2016-07-28,landslide,continuous_rain,point_09782
26.9599,88.268,NASA_GLC,Bengal,2009-08-16,landslide,downpour,point_09783
23.73504,92.71061,NASA_GLC,Mizoram,2010-09-13,landslide,downpour,point_09784
27.3392,88.6188,NASA_GLC,Sikkim,2010-08-27,landslide,downpour,point_09785
23.3439,93.0748,NASA_GLC,Mizoram,2010-09-13,landslide,downpour,point_09786
27.3543,88.6428,NASA_GLC,Sikkim,2010-05-31,landslide,downpour,point_09787
27.0875,88.4572,NASA_GLC,Bengal,2007-09-20,landslide,rain,point_09788
23.7348,92.7187,NASA_GLC,Mizoram,2015-09-14,landslide,downpour,point_09789
26.8781,88.2807,NASA_GLC,West Bengal,2015-07-01,landslide,downpour,point_09790
23.9304,88.2374,NASA_GLC,Bengal,2007-07-21,landslide,rain,point_09791
26.8692,88.4695,NASA_GLC,West Bengal,2016-10-12,landslide,downpour,point_09792
26.8826,88.2806,NASA_GLC,West Bengal,2015-07-07,landslide,continuous_rain,point_09793
27.2319,88.497,NASA_GLC,,2010-08-26,landslide,downpour,point_09794
27.2872,88.2816,NASA_GLC,Sikkim,2007-09-18,landslide,rain,point_09795
23.7365,92.7146,NASA_GLC,Mizoram,2010-08-06,landslide,downpour,point_09796
23.7705,92.5217,NASA_GLC,Mizoram,2012-11-11,landslide,downpour,point_09797
26.9015,88.4719,NASA_GLC,West Bengal,2016-07-21,landslide,rain,point_09798
26.8836,88.2791,NASA_GLC,Bengal,2009-05-26,landslide,tropical_cyclone,point_09799
27.0087,88.443,NASA_GLC,West Bengal,2015-06-17,landslide,downpour,point_09800
27.0678,88.456,NASA_GLC,West Bengal,2015-07-01,landslide,downpour,point_09801
27.06826,88.28121,NASA_GLC,Bengal,2007-09-05,landslide,rain,point_09802
26.8352,88.1881,NASA_GLC,West Bengal,2015-07-01,landslide,downpour,point_09803
26.8992,88.1667,NASA_GLC,Bengal,2009-08-20,landslide,continuous_rain,point_09804
23.72989,92.71496,NASA_GLC,Mizoram,2010-09-13,landslide,downpour,point_09805
27.1667,88.35,NASA_GLC,Sikkim,2007-09-09,landslide,rain,point_09806
27.7344,88.633,NASA_GLC,,2011-08-25,landslide,downpour,point_09807
27.339,88.6065,NASA_GLC,Sikkim,2012-06-14,landslide,downpour,point_09808
27.0161,88.2478,NASA_GLC,West Bengal,2015-06-29,landslide,downpour,point_09809
26.88212,88.31953,NASA_GLC,Bengal,2009-08-16,landslide,downpour,point_09810
23.4495,92.8112,NASA_GLC,Mizoram,2015-08-28,landslide,downpour,point_09811
27.6047,88.6463,NASA_GLC,,2013-09-08,rock_fall,rain,point_09812
26.8096,88.526,NASA_GLC,Bengal,2007-06-15,landslide,rain,point_09813
27.2676,88.2891,NASA_GLC,Sikkim,2016-10-12,landslide,continuous_rain,point_09814
26.8342,88.2798,NASA_GLC,Bengal,2009-09-18,landslide,rain,point_09815
23.7269,92.7265,NASA_GLC,Mizoram,2015-08-27,landslide,downpour,point_09816
27.0771,88.482,NASA_GLC,Bengal,2008-06-30,landslide,downpour,point_09817
26.9722,88.4481,NASA_GLC,Bengal,2010-08-19,landslide,downpour,point_09818
27.04357,88.26522,NASA_GLC,Bengal,2009-05-26,landslide,tropical_cyclone,point_09819
