site_id,lat,lon,source,state,date,ls_type,trigger,landslide_occurred
negative_mizoram_00000,23.12964096179005,92.98984941043129,negative_sample,Mizoram,,none,none,0
negative_mizoram_00001,23.765525351486037,93.14135158880778,negative_sample,Mizoram,,none,none,0
negative_mizoram_00002,23.983718190981307,92.96690917538658,negative_sample,Mizoram,,none,none,0
negative_mizoram_00003,24.073993568646245,92.75699705573479,negative_sample,Mizoram,,none,none,0
negative_mizoram_00004,22.60900725559055,92.39820594276502,negative_sample,Mizoram,,none,none,0
negative_mizoram_00005,22.92213388159948,92.96144640773362,negative_sample,Mizoram,,none,none,0
negative_mizoram_00006,22.52881122131584,92.99777418908228,negative_sample,Mizoram,,none,none,0
negative_mizoram_00007,23.73030042497644,91.88069584764155,negative_sample,Mizoram,,none,none,0
negative_mizoram_00008,22.96133087684578,92.18773132503864,negative_sample,Mizoram,,none,none,0
negative_mizoram_00009,22.516099543347345,92.44499733771879,negative_sample,Mizoram,,none,none,0
negative_mizoram_00010,23.69774242691898,92.01067958205316,negative_sample,Mizoram,,none,none,0
negative_mizoram_00011,22.818421937799823,92.85794851137587,negative_sample,Mizoram,,none,none,0
negative_mizoram_00012,24.029720319442134,93.0942084637133,negative_sample,Mizoram,,none,none,0
negative_mizoram_00013,22.7592871356684,92.29808530019369,negative_sample,Mizoram,,none,none,0
negative_mizoram_00014,22.393791109678904,92.82614235247489,negative_sample,Mizoram,,none,none,0
negative_mizoram_00015,23.970593416314042,92.86671961451086,negative_sample,Mizoram,,none,none,0
negative_mizoram_00016,23.44910334204412,92.42595252495158,negative_sample,Mizoram,,none,none,0
negative_mizoram_00017,23.931897189243426,92.61625741171281,negative_sample,Mizoram,,none,none,0
negative_mizoram_00018,22.62549113522874,93.13205322890416,negative_sample,Mizoram,,none,none,0
negative_mizoram_00019,23.678314626228165,92.13003933890174,negative_sample,Mizoram,,none,none,0
negative_mizoram_00020,23.97838959440178,92.6015729901187,negative_sample,Mizoram,,none,none,0
negative_mizoram_00021,23.76294812269123,91.87715647888835,negative_sample,Mizoram,,none,none,0
negative_mizoram_00022,22.98731221619735,92.40311404077546,negative_sample,Mizoram,,none,none,0
negative_mizoram_00023,23.600495179072468,92.14421251860756,negative_sample,Mizoram,,none,none,0
negative_mizoram_00024,23.771279549174444,93.23081674991137,negative_sample,Mizoram,,none,none,0
negative_mizoram_00025,23.81354986533113,92.99843181802646,negative_sample,Mizoram,,none,none,0
negative_mizoram_00026,22.71971424213909,92.40885113991722,negative_sample,Mizoram,,none,none,0
negative_mizoram_00027,22.54781387739627,92.42033309669898,negative_sample,Mizoram,,none,none,0
negative_mizoram_00028,23.474880139597065,92.15216788069974,negative_sample,Mizoram,,none,none,0
negative_mizoram_00029,23.593179748128012,92.37794197375426,negative_sample,Mizoram,,none,none,0
negative_mizoram_00030,23.648622639824858,92.65001863651628,negative_sample,Mizoram,,none,none,0
negative_mizoram_00031,23.495605647557174,91.78961303998595,negative_sample,Mizoram,,none,none,0
negative_mizoram_00032,22.9032997191557,92.64458295517254,negative_sample,Mizoram,,none,none,0
negative_mizoram_00033,22.106097522733055,92.66222145651243,negative_sample,Mizoram,,none,none,0
negative_mizoram_00034,22.2535157998092,93.00556343795984,negative_sample,Mizoram,,none,none,0
negative_mizoram_00035,23.456451008845146,93.28316432828883,negative_sample,Mizoram,,none,none,0
negative_mizoram_00036,22.70676013120606,92.45203814873986,negative_sample,Mizoram,,none,none,0
negative_mizoram_00037,23.330854110079983,92.19801197972338,negative_sample,Mizoram,,none,none,0
negative_mizoram_00038,23.412928913106064,91.8555646493804,negative_sample,Mizoram,,none,none,0
negative_mizoram_00039,23.70371062887794,91.79887189057315,negative_sample,Mizoram,,none,none,0
negative_mizoram_00040,23.67217968134208,92.10791597436912,negative_sample,Mizoram,,none,none,0
negative_mizoram_00041,23.94087283011744,92.90579220000438,negative_sample,Mizoram,,none,none,0
negative_mizoram_00042,22.962468818301602,92.59767153201321,negative_sample,Mizoram,,none,none,0
negative_mizoram_00043,23.317040537910017,92.12524965684376,negative_sample,Mizoram,,none,none,0
negative_mizoram_00044,22.827185467503753,92.53324495642292,negative_sample,Mizoram,,none,none,0
negative_mizoram_00045,22.69565286917025,92.94122366114586,negative_sample,Mizoram,,none,none,0
negative_mizoram_00046,22.40398785627608,92.5008166640073,negative_sample,Mizoram,,none,none,0
negative_mizoram_00047,23.71704033708763,91.84048122406045,negative_sample,Mizoram,,none,none,0
negative_mizoram_00048,23.251916751564774,92.14320408239254,negative_sample,Mizoram,,none,none,0
negative_mizoram_00049,23.51626468095656,93.33400782418333,negative_sample,Mizoram,,none,none,0
negative_mizoram_00050,24.028727852407908,93.27456692480665,negative_sample,Mizoram,,none,none,0
negative_mizoram_00051,23.980518085160384,92.44110567625584,negative_sample,Mizoram,,none,none,0
negative_mizoram_00052,24.0101700372799,93.08914086635092,negative_sample,Mizoram,,none,none,0
negative_mizoram_00053,23.355693192873673,92.02093831686055,negative_sample,Mizoram,,none,none,0
negative_mizoram_00054,23.064926060413256,92.68404356306374,negative_sample,Mizoram,,none,none,0
negative_mizoram_00055,23.097669932478837,92.27428950297538,negative_sample,Mizoram,,none,none,0
negative_mizoram_00056,24.18402695411072,92.77143438130611,negative_sample,Mizoram,,none,none,0
negative_mizoram_00057,22.65968532486034,92.41696910716601,negative_sample,Mizoram,,none,none,0
negative_mizoram_00058,23.88519512939888,92.02813669677663,negative_sample,Mizoram,,none,none,0
negative_mizoram_00059,22.30898407644115,93.06612276102773,negative_sample,Mizoram,,none,none,0
negative_mizoram_00060,23.01833092380679,92.82295454580897,negative_sample,Mizoram,,none,none,0
negative_mizoram_00061,23.291134543074687,92.1737086242564,negative_sample,Mizoram,,none,none,0
negative_mizoram_00062,23.074005567229854,92.62699074800743,negative_sample,Mizoram,,none,none,0
negative_mizoram_00063,22.300112881143143,92.54200587796868,negative_sample,Mizoram,,none,none,0
negative_mizoram_00064,23.63050885894905,92.99973243977742,negative_sample,Mizoram,,none,none,0
negative_mizoram_00065,22.38099843269634,92.99887115498649,negative_sample,Mizoram,,none,none,0
negative_mizoram_00066,23.31498826066842,92.5640488989034,negative_sample,Mizoram,,none,none,0
negative_mizoram_00067,23.18848643936005,93.13951553220785,negative_sample,Mizoram,,none,none,0
negative_mizoram_00068,23.62332564724329,92.29380939085995,negative_sample,Mizoram,,none,none,0
negative_mizoram_00069,23.07554784674342,92.45989209032058,negative_sample,Mizoram,,none,none,0
negative_mizoram_00070,22.85563908845486,92.260343173793,negative_sample,Mizoram,,none,none,0
negative_mizoram_00071,23.736928629821627,92.28374034558483,negative_sample,Mizoram,,none,none,0
negative_mizoram_00072,23.233039653618196,93.24471964713177,negative_sample,Mizoram,,none,none,0
negative_mizoram_00073,23.36716958298181,92.19227028806199,negative_sample,Mizoram,,none,none,0
negative_mizoram_00074,23.65536485777785,93.12338539006569,negative_sample,Mizoram,,none,none,0
negative_mizoram_00075,23.360496799121723,93.04432702067903,negative_sample,Mizoram,,none,none,0
negative_mizoram_00076,22.758862810888857,92.7374019229787,negative_sample,Mizoram,,none,none,0
negative_mizoram_00077,22.54791529908927,92.91992996908245,negative_sample,Mizoram,,none,none,0
negative_mizoram_00078,24.167368908081702,92.84816306673481,negative_sample,Mizoram,,none,none,0
negative_mizoram_00079,23.561374161733124,91.84098351054278,negative_sample,Mizoram,,none,none,0
negative_mizoram_00080,23.83526044554771,91.77474378167172,negative_sample,Mizoram,,none,none,0
negative_mizoram_00081,23.510457730987234,93.03804860445824,negative_sample,Mizoram,,none,none,0
negative_mizoram_00082,22.28382102600843,92.66071864661974,negative_sample,Mizoram,,none,none,0
negative_mizoram_00083,22.47137660806826,92.70741730978717,negative_sample,Mizoram,,none,none,0
negative_mizoram_00084,23.45817906452327,92.61574639848675,negative_sample,Mizoram,,none,none,0
negative_mizoram_00085,23.335674167762285,92.43860614502415,negative_sample,Mizoram,,none,none,0
negative_mizoram_00086,24.016142002619684,92.9718917542406,negative_sample,Mizoram,,none,none,0
negative_mizoram_00087,23.524999866145627,92.48544488362278,negative_sample,Mizoram,,none,none,0
negative_mizoram_00088,22.715515954639034,92.9694015406847,negative_sample,Mizoram,,none,none,0
negative_mizoram_00089,22.823522351302486,92.25640457645055,negative_sample,Mizoram,,none,none,0
negative_mizoram_00090,23.84502684334635,92.29064181718574,negative_sample,Mizoram,,none,none,0
negative_mizoram_00091,24.352904367622617,92.59434334735747,negative_sample,Mizoram,,none,none,0
negative_mizoram_00092,23.22924912774637,93.00120724997831,negative_sample,Mizoram,,none,none,0
negative_mizoram_00093,24.38993886360945,92.88926340162764,negative_sample,Mizoram,,none,none,0
negative_mizoram_00094,23.737797058159405,92.65746475930491,negative_sample,Mizoram,,none,none,0
negative_mizoram_00095,22.776583202346462,93.08192909308052,negative_sample,Mizoram,,none,none,0
negative_mizoram_00096,23.138092752587017,92.42529438257286,negative_sample,Mizoram,,none,none,0
negative_mizoram_00097,22.322047491050434,93.00298381989958,negative_sample,Mizoram,,none,none,0
negative_mizoram_00098,23.64930753827464,92.79605242285182,negative_sample,Mizoram,,none,none,0
negative_mizoram_00099,24.021645254714162,92.68908759397522,negative_sample,Mizoram,,none,none,0
negative_mizoram_00100,23.949386661796776,93.26520959637398,negative_sample,Mizoram,,none,none,0
negative_mizoram_00101,24.111431337892245,92.85411035365905,negative_sample,Mizoram,,none,none,0
negative_mizoram_00102,23.59982913765794,92.93835713465838,negative_sample,Mizoram,,none,none,0
negative_mizoram_00103,22.431823961405083,93.12798657808588,negative_sample,Mizoram,,none,none,0
negative_mizoram_00104,22.524882067537504,92.91944298487658,negative_sample,Mizoram,,none,none,0
negative_mizoram_00105,23.796365555312008,92.08916650415875,negative_sample,Mizoram,,none,none,0
negative_mizoram_00106,23.554397270703593,93.35901814858586,negative_sample,Mizoram,,none,none,0
negative_mizoram_00107,23.178059180447885,93.35870024922765,negative_sample,Mizoram,,none,none,0
negative_mizoram_00108,23.61556452158513,93.00797217105526,negative_sample,Mizoram,,none,none,0
negative_mizoram_00109,23.771448823689106,92.63913457491824,negative_sample,Mizoram,,none,none,0
negative_mizoram_00110,24.363862247850978,92.76660540923669,negative_sample,Mizoram,,none,none,0
negative_mizoram_00111,23.216455074527243,92.32771923667471,negative_sample,Mizoram,,none,none,0
negative_mizoram_00112,23.553029365710106,92.37044252023253,negative_sample,Mizoram,,none,none,0
negative_mizoram_00113,23.063054805600505,92.7404653498493,negative_sample,Mizoram,,none,none,0
negative_mizoram_00114,22.585366175674526,92.33621906322861,negative_sample,Mizoram,,none,none,0
negative_mizoram_00115,22.829920641840406,92.65755112015225,negative_sample,Mizoram,,none,none,0
negative_mizoram_00116,22.60495845578236,92.4531895577974,negative_sample,Mizoram,,none,none,0
negative_mizoram_00117,23.441798875062528,92.62918390365394,negative_sample,Mizoram,,none,none,0
negative_mizoram_00118,23.64395326621498,92.86105774401308,negative_sample,Mizoram,,none,none,0
negative_mizoram_00119,23.400895183655212,93.0139706827771,negative_sample,Mizoram,,none,none,0
negative_mizoram_00120,23.589990703115003,92.37673405591639,negative_sample,Mizoram,,none,none,0
negative_mizoram_00121,23.311338541732628,92.2500777760792,negative_sample,Mizoram,,none,none,0
negative_mizoram_00122,24.23055110134032,92.9231742459281,negative_sample,Mizoram,,none,none,0
negative_mizoram_00123,23.288936995950426,93.25314869858262,negative_sample,Mizoram,,none,none,0
negative_mizoram_00124,24.01768121047904,92.53578083337644,negative_sample,Mizoram,,none,none,0
negative_mizoram_00125,24.10996061136887,92.16737158216678,negative_sample,Mizoram,,none,none,0
negative_mizoram_00126,22.335007541864762,92.48900401593447,negative_sample,Mizoram,,none,none,0
negative_mizoram_00127,23.87702371414371,92.16637402047597,negative_sample,Mizoram,,none,none,0
negative_mizoram_00128,22.96576347005121,93.13768243835658,negative_sample,Mizoram,,none,none,0
negative_mizoram_00129,23.5280674035449,91.8794848002866,negative_sample,Mizoram,,none,none,0
negative_mizoram_00130,22.814965314405086,92.98653598713341,negative_sample,Mizoram,,none,none,0
negative_mizoram_00131,23.626586041081953,92.29873560700732,negative_sample,Mizoram,,none,none,0
negative_mizoram_00132,22.45282820847541,92.54439605524716,negative_sample,Mizoram,,none,none,0
negative_mizoram_00133,23.417684792949984,93.37499894416345,negative_sample,Mizoram,,none,none,0
negative_mizoram_00134,23.11709640721358,92.95651058288877,negative_sample,Mizoram,,none,none,0
negative_mizoram_00135,22.42065551558057,92.44458766604609,negative_sample,Mizoram,,none,none,0
negative_mizoram_00136,23.255885954307903,92.12729283651657,negative_sample,Mizoram,,none,none,0
negative_mizoram_00137,23.61846820317701,93.11448572165418,negative_sample,Mizoram,,none,none,0
negative_mizoram_00138,23.37723749074373,92.26072968035858,negative_sample,Mizoram,,none,none,0
negative_mizoram_00139,24.12741802828648,92.21034002858354,negative_sample,Mizoram,,none,none,0
negative_mizoram_00140,23.940823870070073,92.46829618457058,negative_sample,Mizoram,,none,none,0
negative_mizoram_00141,23.291787047942606,93.12956961397595,negative_sample,Mizoram,,none,none,0
negative_mizoram_00142,23.49432489372097,93.23255575235021,negative_sample,Mizoram,,none,none,0
negative_mizoram_00143,22.88785335715515,93.12645297296847,negative_sample,Mizoram,,none,none,0
negative_mizoram_00144,23.357271160871264,92.49737245041467,negative_sample,Mizoram,,none,none,0
negative_mizoram_00145,23.601847311297266,93.2464910468537,negative_sample,Mizoram,,none,none,0
negative_mizoram_00146,23.522253891232033,92.15499317682742,negative_sample,Mizoram,,none,none,0
negative_mizoram_00147,23.57607996575879,93.36188410162534,negative_sample,Mizoram,,none,none,0
negative_mizoram_00148,23.92312410543266,92.45922731332375,negative_sample,Mizoram,,none,none,0
negative_mizoram_00149,23.822912028927146,93.2214146245859,negative_sample,Mizoram,,none,none,0
negative_mizoram_00150,23.973732720015917,93.32860103325551,negative_sample,Mizoram,,none,none,0
negative_mizoram_00151,22.330696015111748,93.15603523037379,negative_sample,Mizoram,,none,none,0
negative_mizoram_00152,23.855033603697276,92.12043550116371,negative_sample,Mizoram,,none,none,0
negative_mizoram_00153,23.25466136486959,92.99591201082703,negative_sample,Mizoram,,none,none,0
negative_mizoram_00154,23.193834702236387,93.36856806018237,negative_sample,Mizoram,,none,none,0
negative_mizoram_00155,24.023067075984883,92.59876202420979,negative_sample,Mizoram,,none,none,0
negative_mizoram_00156,23.80461516292678,92.81327305086451,negative_sample,Mizoram,,none,none,0
negative_mizoram_00157,24.17902310821693,92.98942812447079,negative_sample,Mizoram,,none,none,0
negative_mizoram_00158,24.160988249377066,92.71767726251983,negative_sample,Mizoram,,none,none,0
negative_mizoram_00159,22.122833931256388,92.81682026187032,negative_sample,Mizoram,,none,none,0
negative_mizoram_00160,22.63463957386707,92.80666319882728,negative_sample,Mizoram,,none,none,0
negative_mizoram_00161,22.906157301587406,93.13093999955076,negative_sample,Mizoram,,none,none,0
negative_mizoram_00162,22.785401381752507,93.13194869377418,negative_sample,Mizoram,,none,none,0
negative_mizoram_00163,23.026472566659674,92.66115602346076,negative_sample,Mizoram,,none,none,0
negative_mizoram_00164,23.81539230319826,92.21655186584165,negative_sample,Mizoram,,none,none,0
negative_mizoram_00165,23.053537199782955,92.13499437308542,negative_sample,Mizoram,,none,none,0
negative_mizoram_00166,23.464184946872663,91.84942914197079,negative_sample,Mizoram,,none,none,0
negative_mizoram_00167,23.774167284896823,93.39011846029764,negative_sample,Mizoram,,none,none,0
negative_mizoram_00168,23.015227968587613,92.6699133673127,negative_sample,Mizoram,,none,none,0
negative_mizoram_00169,23.38050732688458,92.95048383056938,negative_sample,Mizoram,,none,none,0
negative_mizoram_00170,23.35267345600128,93.23168329263193,negative_sample,Mizoram,,none,none,0
negative_mizoram_00171,23.503232193642866,92.93321974402222,negative_sample,Mizoram,,none,none,0
negative_mizoram_00172,22.786482897126472,92.77413390899028,negative_sample,Mizoram,,none,none,0
negative_mizoram_00173,23.43126391025939,92.11151935076305,negative_sample,Mizoram,,none,none,0
negative_mizoram_00174,23.221592979123347,92.38920633196501,negative_sample,Mizoram,,none,none,0
negative_mizoram_00175,23.7095097933684,93.38496655445378,negative_sample,Mizoram,,none,none,0
negative_mizoram_00176,22.30065962699378,92.61077063973156,negative_sample,Mizoram,,none,none,0
negative_mizoram_00177,24.400159593342018,92.77320837277944,negative_sample,Mizoram,,none,none,0
negative_mizoram_00178,23.115112332454707,92.52227937653205,negative_sample,Mizoram,,none,none,0
negative_mizoram_00179,23.3195759910925,92.41915452848966,negative_sample,Mizoram,,none,none,0
negative_mizoram_00180,23.76754672500039,91.71287108470344,negative_sample,Mizoram,,none,none,0
negative_mizoram_00181,23.074859697350107,92.30998361108662,negative_sample,Mizoram,,none,none,0
negative_mizoram_00182,23.254174936007733,92.51410891351658,negative_sample,Mizoram,,none,none,0
negative_mizoram_00183,23.11106446956027,92.20074190067616,negative_sample,Mizoram,,none,none,0
negative_mizoram_00184,24.119361117288793,93.00170778968159,negative_sample,Mizoram,,none,none,0
negative_mizoram_00185,23.23046396535562,92.03855490829247,negative_sample,Mizoram,,none,none,0
negative_mizoram_00186,22.611502073640015,92.82750779954067,negative_sample,Mizoram,,none,none,0
negative_mizoram_00187,23.57556724510561,91.80254789657894,negative_sample,Mizoram,,none,none,0
negative_mizoram_00188,23.450261644059466,92.03704431553027,negative_sample,Mizoram,,none,none,0
negative_mizoram_00189,24.13961091940086,92.66093251952074,negative_sample,Mizoram,,none,none,0
negative_mizoram_00190,24.15450919280484,92.98802608977111,negative_sample,Mizoram,,none,none,0
negative_mizoram_00191,23.534424157659974,92.41797244364018,negative_sample,Mizoram,,none,none,0
negative_mizoram_00192,22.83326182985801,93.06002017627034,negative_sample,Mizoram,,none,none,0
negative_mizoram_00193,23.5278054404021,93.03505826773049,negative_sample,Mizoram,,none,none,0
negative_mizoram_00194,23.79190443978163,92.90255012965739,negative_sample,Mizoram,,none,none,0
negative_mizoram_00195,22.83019680097975,92.9265298053278,negative_sample,Mizoram,,none,none,0
negative_mizoram_00196,22.47544208364751,92.84511536657001,negative_sample,Mizoram,,none,none,0
negative_mizoram_00197,23.369053016253986,93.18034030680457,negative_sample,Mizoram,,none,none,0
negative_mizoram_00198,22.722040491092155,92.71748799008837,negative_sample,Mizoram,,none,none,0
negative_mizoram_00199,23.68250777478447,92.13211821541749,negative_sample,Mizoram,,none,none,0
negative_mizoram_00200,22.674014686142097,93.16872050016798,negative_sample,Mizoram,,none,none,0
negative_mizoram_00201,23.411710466620445,92.69775967688074,negative_sample,Mizoram,,none,none,0
negative_mizoram_00202,23.716947078455494,92.31363634178605,negative_sample,Mizoram,,none,none,0
negative_mizoram_00203,23.315874307638406,92.3549940325514,negative_sample,Mizoram,,none,none,0
negative_mizoram_00204,23.053585118686993,92.53570020160697,negative_sample,Mizoram,,none,none,0
negative_mizoram_00205,23.729150731594682,92.31156135909339,negative_sample,Mizoram,,none,none,0
negative_mizoram_00206,23.205710184910078,91.9842568876741,negative_sample,Mizoram,,none,none,0
negative_mizoram_00207,24.210779705174573,92.9174271995751,negative_sample,Mizoram,,none,none,0
negative_mizoram_00208,23.321867937649596,92.28300399990117,negative_sample,Mizoram,,none,none,0
negative_mizoram_00209,24.0133196921131,93.1538355995815,negative_sample,Mizoram,,none,none,0
negative_mizoram_00210,24.233424877680587,92.89204189030389,negative_sample,Mizoram,,none,none,0
negative_mizoram_00211,22.83506592195518,92.3108859293976,negative_sample,Mizoram,,none,none,0
negative_mizoram_00212,23.530365899434564,92.33685782875018,negative_sample,Mizoram,,none,none,0
negative_mizoram_00213,23.20039503130143,93.27878782101446,negative_sample,Mizoram,,none,none,0
negative_mizoram_00214,23.734022700548447,91.8960569562726,negative_sample,Mizoram,,none,none,0
negative_mizoram_00215,23.33415026136162,91.93703652012846,negative_sample,Mizoram,,none,none,0
negative_mizoram_00216,22.688222006042157,92.44295831450042,negative_sample,Mizoram,,none,none,0
negative_mizoram_00217,23.655197233851553,93.32165815567993,negative_sample,Mizoram,,none,none,0
negative_mizoram_00218,22.322302502112855,92.4914470958407,negative_sample,Mizoram,,none,none,0
negative_mizoram_00219,23.410129704998575,92.14950072506998,negative_sample,Mizoram,,none,none,0
negative_mizoram_00220,23.384216429663425,92.70847422005406,negative_sample,Mizoram,,none,none,0
negative_mizoram_00221,22.96328148723716,92.13440514197991,negative_sample,Mizoram,,none,none,0
negative_mizoram_00222,23.919636830490326,92.32918799792634,negative_sample,Mizoram,,none,none,0
negative_mizoram_00223,22.558761277684518,92.98698005969847,negative_sample,Mizoram,,none,none,0
negative_mizoram_00224,22.653337073637097,92.40974215815599,negative_sample,Mizoram,,none,none,0
negative_mizoram_00225,24.14428323752942,92.87581209077531,negative_sample,Mizoram,,none,none,0
negative_mizoram_00226,22.884732478511943,93.16994953433029,negative_sample,Mizoram,,none,none,0
negative_mizoram_00227,23.323447342367814,92.99593990815951,negative_sample,Mizoram,,none,none,0
negative_mizoram_00228,23.353174338808945,92.48267892013301,negative_sample,Mizoram,,none,none,0
negative_mizoram_00229,23.119025188356318,92.5649438188619,negative_sample,Mizoram,,none,none,0
negative_mizoram_00230,22.560984443244788,92.59689127482731,negative_sample,Mizoram,,none,none,0
negative_mizoram_00231,23.545997861309896,92.18004833211405,negative_sample,Mizoram,,none,none,0
negative_mizoram_00232,23.035110063303385,92.43686809513024,negative_sample,Mizoram,,none,none,0
negative_mizoram_00233,22.51060780375374,92.55656355262215,negative_sample,Mizoram,,none,none,0
negative_mizoram_00234,24.004364295019876,92.21740518919688,negative_sample,Mizoram,,none,none,0
negative_mizoram_00235,23.897062918472358,92.7191288368293,negative_sample,Mizoram,,none,none,0
negative_mizoram_00236,22.571408343258135,93.02507384628295,negative_sample,Mizoram,,none,none,0
negative_mizoram_00237,23.12745442318412,93.25802823314152,negative_sample,Mizoram,,none,none,0
negative_mizoram_00238,23.016601383262774,92.73626565269903,negative_sample,Mizoram,,none,none,0
negative_mizoram_00239,22.83512497673585,93.25457213758143,negative_sample,Mizoram,,none,none,0
negative_mizoram_00240,23.525250577521337,92.78579003291732,negative_sample,Mizoram,,none,none,0
negative_mizoram_00241,22.794101491599303,92.78586953699656,negative_sample,Mizoram,,none,none,0
negative_mizoram_00242,22.95118530184908,93.30054292055416,negative_sample,Mizoram,,none,none,0
negative_mizoram_00243,23.04172490213294,92.92640509485206,negative_sample,Mizoram,,none,none,0
negative_mizoram_00244,24.281432364197393,92.51548141690279,negative_sample,Mizoram,,none,none,0
negative_mizoram_00245,23.64179662343258,92.35504522431175,negative_sample,Mizoram,,none,none,0
negative_mizoram_00246,23.05406540384829,92.21733136661243,negative_sample,Mizoram,,none,none,0
negative_mizoram_00247,23.692025210941026,91.76870804762129,negative_sample,Mizoram,,none,none,0
negative_mizoram_00248,23.680757896956834,92.777854310215,negative_sample,Mizoram,,none,none,0
negative_mizoram_00249,23.964252499458272,91.95859380180617,negative_sample,Mizoram,,none,none,0
negative_mizoram_00250,22.656833727976323,93.14498956806696,negative_sample,Mizoram,,none,none,0
negative_mizoram_00251,22.368232496507357,92.79992656640519,negative_sample,Mizoram,,none,none,0
negative_mizoram_00252,23.709851906479226,92.11200949055129,negative_sample,Mizoram,,none,none,0
negative_mizoram_00253,23.55074878790245,93.31018498479169,negative_sample,Mizoram,,none,none,0
negative_mizoram_00254,23.588676266008285,92.06115099798453,negative_sample,Mizoram,,none,none,0
negative_mizoram_00255,23.736152193072098,92.31991830785209,negative_sample,Mizoram,,none,none,0
negative_mizoram_00256,23.551159513305787,93.17090261923823,negative_sample,Mizoram,,none,none,0
negative_mizoram_00257,22.84265055760443,93.13309371455345,negative_sample,Mizoram,,none,none,0
negative_mizoram_00258,23.254967669987458,92.57922807578184,negative_sample,Mizoram,,none,none,0
negative_mizoram_00259,23.925971626228097,92.9732231657477,negative_sample,Mizoram,,none,none,0
negative_mizoram_00260,23.17287239850511,92.46477921077626,negative_sample,Mizoram,,none,none,0
negative_mizoram_00261,23.636255218123857,92.03451581620462,negative_sample,Mizoram,,none,none,0
negative_mizoram_00262,23.058556675033607,92.65335398272201,negative_sample,Mizoram,,none,none,0
negative_mizoram_00263,22.46254081840734,93.1448813099434,negative_sample,Mizoram,,none,none,0
negative_mizoram_00264,24.11436771093644,93.0320105950017,negative_sample,Mizoram,,none,none,0
negative_mizoram_00265,22.325138213856466,92.7920582541795,negative_sample,Mizoram,,none,none,0
negative_mizoram_00266,22.483836694819868,93.09469081767118,negative_sample,Mizoram,,none,none,0
negative_mizoram_00267,23.408374924255952,92.362552876845,negative_sample,Mizoram,,none,none,0
negative_mizoram_00268,23.73796077241327,92.50086134556177,negative_sample,Mizoram,,none,none,0
negative_mizoram_00269,23.84049451546305,91.774928749733,negative_sample,Mizoram,,none,none,0
negative_mizoram_00270,23.09495123504602,92.43005700893839,negative_sample,Mizoram,,none,none,0
negative_mizoram_00271,23.703770500809675,91.69656617312454,negative_sample,Mizoram,,none,none,0
negative_mizoram_00272,23.987161131593496,92.23697620715696,negative_sample,Mizoram,,none,none,0
negative_mizoram_00273,24.070227735030702,93.09395836514874,negative_sample,Mizoram,,none,none,0
negative_mizoram_00274,22.841002378312613,92.35032880321154,negative_sample,Mizoram,,none,none,0
negative_mizoram_00275,24.0214180072531,92.94485928994166,negative_sample,Mizoram,,none,none,0
negative_mizoram_00276,24.246856308059307,92.48384152844484,negative_sample,Mizoram,,none,none,0
negative_mizoram_00277,22.21609546126104,92.56006091655932,negative_sample,Mizoram,,none,none,0
negative_mizoram_00278,23.955574747978886,92.38550191551995,negative_sample,Mizoram,,none,none,0
negative_mizoram_00279,23.654553711906004,91.66688785993303,negative_sample,Mizoram,,none,none,0
negative_mizoram_00280,22.463282087501565,93.07786204798958,negative_sample,Mizoram,,none,none,0
negative_mizoram_00281,23.3757967450099,93.07785720184188,negative_sample,Mizoram,,none,none,0
negative_mizoram_00282,23.86498198802168,92.31062035858893,negative_sample,Mizoram,,none,none,0
negative_mizoram_00283,23.90072912950654,92.06534841103314,negative_sample,Mizoram,,none,none,0
negative_mizoram_00284,23.895654330352656,92.5069693675712,negative_sample,Mizoram,,none,none,0
negative_mizoram_00285,22.955044676945672,92.43626937739359,negative_sample,Mizoram,,none,none,0
negative_mizoram_00286,22.342519456163544,92.94963843165796,negative_sample,Mizoram,,none,none,0
negative_mizoram_00287,23.657707971206364,91.85012717454457,negative_sample,Mizoram,,none,none,0
negative_mizoram_00288,23.016578714674804,92.40771991952967,negative_sample,Mizoram,,none,none,0
negative_mizoram_00289,22.523059670426427,93.16687770748908,negative_sample,Mizoram,,none,none,0
negative_mizoram_00290,23.663941742573858,91.99974061513029,negative_sample,Mizoram,,none,none,0
negative_mizoram_00291,23.85742382172023,92.12196648444584,negative_sample,Mizoram,,none,none,0
negative_mizoram_00292,23.405235570486393,92.6183776512972,negative_sample,Mizoram,,none,none,0
negative_mizoram_00293,23.797910618486988,93.08756271170745,negative_sample,Mizoram,,none,none,0
negative_mizoram_00294,23.079893974794413,92.07023971829153,negative_sample,Mizoram,,none,none,0
negative_mizoram_00295,24.08346425225851,92.96112883770633,negative_sample,Mizoram,,none,none,0
negative_mizoram_00296,22.998008922908475,92.60907439367774,negative_sample,Mizoram,,none,none,0
negative_mizoram_00297,23.333919438092366,92.08905554733532,negative_sample,Mizoram,,none,none,0
negative_mizoram_00298,23.43767403713617,92.16790663726076,negative_sample,Mizoram,,none,none,0
negative_mizoram_00299,22.21255485886171,92.81568363250166,negative_sample,Mizoram,,none,none,0
negative_mizoram_00300,23.639875277542256,93.20563401999681,negative_sample,Mizoram,,none,none,0
negative_mizoram_00301,23.221185721429507,92.44571353663912,negative_sample,Mizoram,,none,none,0
negative_mizoram_00302,23.490997459880617,91.98968189732344,negative_sample,Mizoram,,none,none,0
negative_mizoram_00303,23.721636442654038,91.95443521323102,negative_sample,Mizoram,,none,none,0
negative_mizoram_00304,22.838177120849377,93.14436575378102,negative_sample,Mizoram,,none,none,0
negative_mizoram_00305,22.55526013227412,92.69724943173642,negative_sample,Mizoram,,none,none,0
negative_mizoram_00306,23.57414037052337,91.81095509810362,negative_sample,Mizoram,,none,none,0
negative_mizoram_00307,24.06672979126554,92.95461567001763,negative_sample,Mizoram,,none,none,0
negative_mizoram_00308,24.033229774994027,92.63706496683402,negative_sample,Mizoram,,none,none,0
negative_mizoram_00309,23.26443330762579,92.49705489774486,negative_sample,Mizoram,,none,none,0
negative_mizoram_00310,23.488491648900144,92.31606799195147,negative_sample,Mizoram,,none,none,0
negative_mizoram_00311,23.499754668673592,93.15485955376403,negative_sample,Mizoram,,none,none,0
negative_mizoram_00312,23.055326668322113,92.24652560301163,negative_sample,Mizoram,,none,none,0
negative_mizoram_00313,23.607546988075985,92.37691449508007,negative_sample,Mizoram,,none,none,0
negative_mizoram_00314,22.859985650610515,92.30526932400153,negative_sample,Mizoram,,none,none,0
negative_mizoram_00315,23.447118206854093,92.41186715161159,negative_sample,Mizoram,,none,none,0
negative_mizoram_00316,23.670533388149085,92.43114711606214,negative_sample,Mizoram,,none,none,0
negative_mizoram_00317,22.83896024486743,92.5968598999279,negative_sample,Mizoram,,none,none,0
negative_mizoram_00318,22.98133825739694,92.22336048385066,negative_sample,Mizoram,,none,none,0
negative_mizoram_00319,23.007177910344318,92.89884585673607,negative_sample,Mizoram,,none,none,0
negative_mizoram_00320,23.43417413001415,91.98853759776485,negative_sample,Mizoram,,none,none,0
negative_mizoram_00321,22.683259011369614,92.95688533786404,negative_sample,Mizoram,,none,none,0
negative_mizoram_00322,23.695611241119288,92.67381841547986,negative_sample,Mizoram,,none,none,0
negative_mizoram_00323,23.72383026194801,91.673517095429,negative_sample,Mizoram,,none,none,0
negative_mizoram_00324,24.14627752919019,92.93526385379117,negative_sample,Mizoram,,none,none,0
negative_mizoram_00325,23.19576330327885,92.49307758016776,negative_sample,Mizoram,,none,none,0
negative_mizoram_00326,23.440091660151538,92.27227860688191,negative_sample,Mizoram,,none,none,0
negative_mizoram_00327,23.271612577961854,92.99155315442032,negative_sample,Mizoram,,none,none,0
negative_mizoram_00328,23.511910827981886,91.94033562530599,negative_sample,Mizoram,,none,none,0
negative_mizoram_00329,22.97118128366439,93.17634363833945,negative_sample,Mizoram,,none,none,0
negative_mizoram_00330,23.43840599368358,92.46684821585418,negative_sample,Mizoram,,none,none,0
negative_mizoram_00331,23.543740119015418,93.36248971886525,negative_sample,Mizoram,,none,none,0
negative_mizoram_00332,22.960161544904107,92.36520910199147,negative_sample,Mizoram,,none,none,0
negative_mizoram_00333,24.110783471140124,93.02706991952279,negative_sample,Mizoram,,none,none,0
negative_mizoram_00334,22.451943582367658,92.83980170740388,negative_sample,Mizoram,,none,none,0
negative_mizoram_00335,22.976765659372198,92.80078855956407,negative_sample,Mizoram,,none,none,0
negative_mizoram_00336,22.14863372428703,92.71197995574141,negative_sample,Mizoram,,none,none,0
negative_mizoram_00337,23.33473719919664,92.4309847447845,negative_sample,Mizoram,,none,none,0
negative_mizoram_00338,24.040065222166604,92.32943697055259,negative_sample,Mizoram,,none,none,0
negative_mizoram_00339,24.19366635338339,92.77096621404621,negative_sample,Mizoram,,none,none,0
negative_mizoram_00340,22.792341572074452,92.8678501727365,negative_sample,Mizoram,,none,none,0
negative_mizoram_00341,24.30273235038163,92.56195490197457,negative_sample,Mizoram,,none,none,0
negative_mizoram_00342,23.027193921623148,92.62021672740421,negative_sample,Mizoram,,none,none,0
negative_mizoram_00343,23.38699916389646,92.58124583834955,negative_sample,Mizoram,,none,none,0
negative_mizoram_00344,23.23802843810059,92.86613421118146,negative_sample,Mizoram,,none,none,0
negative_mizoram_00345,23.00039998476903,92.42145639333567,negative_sample,Mizoram,,none,none,0
negative_mizoram_00346,23.013106830543702,92.2517633350127,negative_sample,Mizoram,,none,none,0
negative_mizoram_00347,23.147339316583757,93.00043463094393,negative_sample,Mizoram,,none,none,0
negative_mizoram_00348,23.556063681141126,93.27038077973579,negative_sample,Mizoram,,none,none,0
negative_mizoram_00349,23.318758963668607,91.99599306847334,negative_sample,Mizoram,,none,none,0
negative_mizoram_00350,23.44868149817119,91.95378678161599,negative_sample,Mizoram,,none,none,0
negative_mizoram_00351,23.371558453888078,93.2377403494655,negative_sample,Mizoram,,none,none,0
negative_mizoram_00352,22.546593438959473,92.72500122732683,negative_sample,Mizoram,,none,none,0
negative_west_bengal_00353,26.84976871330286,88.37284260754143,negative_sample,West Bengal,,none,none,0
negative_west_bengal_00354,26.804369995656394,88.79201848596115,negative_sample,West Bengal,,none,none,0
negative_west_bengal_00355,26.774902720784652,89.26975074721084,negative_sample,West Bengal,,none,none,0
negative_west_bengal_00356,26.936985340789107,88.24723772429172,negative_sample,West Bengal,,none,none,0
negative_west_bengal_00357,26.942184025056527,88.93308505736707,negative_sample,West Bengal,,none,none,0
negative_west_bengal_00358,26.92727288483893,88.8777347809123,negative_sample,West Bengal,,none,none,0
negative_west_bengal_00359,26.804035832028305,89.05521380637624,negative_sample,West Bengal,,none,none,0
negative_west_bengal_00360,27.006146435546153,88.781054765317,negative_sample,West Bengal,,none,none,0
negative_west_bengal_00361,26.90121106056679,88.68579424759531,negative_sample,West Bengal,,none,none,0
negative_west_bengal_00362,26.918282168880978,89.29415138647852,negative_sample,West Bengal,,none,none,0
negative_west_bengal_00363,26.778012268147332,89.24687588547907,negative_sample,West Bengal,,none,none,0
negative_west_bengal_00364,26.927498844511472,88.6637837477224,negative_sample,West Bengal,,none,none,0
negative_west_bengal_00365,26.826448108851427,88.31397550733304,negative_sample,West Bengal,,none,none,0
negative_west_bengal_00366,27.039221850604463,88.98414478022161,negative_sample,West Bengal,,none,none,0
negative_west_bengal_00367,26.928838877938215,88.1850466539207,negative_sample,West Bengal,,none,none,0
negative_west_bengal_00368,26.81033885657792,89.4338772295296,negative_sample,West Bengal,,none,none,0
negative_west_bengal_00369,26.77859153561821,88.66898774724156,negative_sample,West Bengal,,none,none,0
negative_west_bengal_00370,26.88493167045059,88.84646337793811,negative_sample,West Bengal,,none,none,0
negative_west_bengal_00371,26.826139806718594,88.5908531516976,negative_sample,West Bengal,,none,none,0
negative_west_bengal_00372,26.873697818052683,88.5727483122892,negative_sample,West Bengal,,none,none,0
negative_west_bengal_00373,26.93534212188723,88.86262823760548,negative_sample,West Bengal,,none,none,0
negative_west_bengal_00374,26.823813275825483,88.73695249373408,negative_sample,West Bengal,,none,none,0
negative_west_bengal_00375,26.966246308449737,88.64208593570712,negative_sample,West Bengal,,none,none,0
negative_west_bengal_00376,26.822150226218326,89.41962101061713,negative_sample,West Bengal,,none,none,0
negative_west_bengal_00377,26.827817468110453,88.46010075853488,negative_sample,West Bengal,,none,none,0
negative_west_bengal_00378,26.904875862312554,88.78402814305971,negative_sample,West Bengal,,none,none,0
negative_west_bengal_00379,26.878156997832185,89.35284118931722,negative_sample,West Bengal,,none,none,0
negative_west_bengal_00380,26.796693811909364,89.45811548113684,negative_sample,West Bengal,,none,none,0
negative_west_bengal_00381,26.73554681808195,89.41621460203807,negative_sample,West Bengal,,none,none,0
negative_west_bengal_00382,27.05995089895253,88.72625979815176,negative_sample,West Bengal,,none,none,0
negative_west_bengal_00383,26.784744466930285,88.68684386668984,negative_sample,West Bengal,,none,none,0
negative_west_bengal_00384,26.739858504860628,89.32409842151628,negative_sample,West Bengal,,none,none,0
negative_west_bengal_00385,26.790525292736813,88.84770595428054,negative_sample,West Bengal,,none,none,0
negative_west_bengal_00386,26.826795514744546,88.51130088339812,negative_sample,West Bengal,,none,none,0
negative_west_bengal_00387,27.10905036119006,88.44252037259147,negative_sample,West Bengal,,none,none,0
negative_west_bengal_00388,26.79563854418105,89.37123516274498,negative_sample,West Bengal,,none,none,0
negative_west_bengal_00389,26.803884668760546,89.48016802814651,negative_sample,West Bengal,,none,none,0
negative_west_bengal_00390,27.11928113072952,88.15277773503688,negative_sample,West Bengal,,none,none,0
negative_west_bengal_00391,26.754897293513398,89.33307210375058,negative_sample,West Bengal,,none,none,0
negative_west_bengal_00392,26.90916840277343,89.28051199801162,negative_sample,West Bengal,,none,none,0
negative_west_bengal_00393,26.833559575342978,89.31541334306587,negative_sample,West Bengal,,none,none,0
negative_west_bengal_00394,26.940746469921272,88.90534309015295,negative_sample,West Bengal,,none,none,0
negative_west_bengal_00395,26.886431254892734,89.0380570568416,negative_sample,West Bengal,,none,none,0
negative_west_bengal_00396,26.94952838523971,89.19665533051625,negative_sample,West Bengal,,none,none,0
negative_west_bengal_00397,26.880358271419038,89.3793667214649,negative_sample,West Bengal,,none,none,0
negative_west_bengal_00398,26.990580816597856,88.62913496910629,negative_sample,West Bengal,,none,none,0
negative_west_bengal_00399,27.118135763329633,88.6481335528325,negative_sample,West Bengal,,none,none,0
negative_west_bengal_00400,26.81865044365158,89.316000452128,negative_sample,West Bengal,,none,none,0
negative_west_bengal_00401,26.805405621033685,88.47747557641561,negative_sample,West Bengal,,none,none,0
negative_west_bengal_00402,26.913264899551486,88.86085336082455,negative_sample,West Bengal,,none,none,0
negative_west_bengal_00403,26.79100472751869,89.13421152596108,negative_sample,West Bengal,,none,none,0
negative_west_bengal_00404,26.775031719392672,88.62132630572519,negative_sample,West Bengal,,none,none,0
negative_west_bengal_00405,26.949052449550326,89.13093119529276,negative_sample,West Bengal,,none,none,0
negative_west_bengal_00406,26.912210152705992,89.25451592050456,negative_sample,West Bengal,,none,none,0
negative_west_bengal_00407,26.92219798253343,88.64445330344307,negative_sample,West Bengal,,none,none,0
negative_west_bengal_00408,26.729977343347375,89.49352583071457,negative_sample,West Bengal,,none,none,0
negative_west_bengal_00409,26.8433259982702,89.34148640338282,negative_sample,West Bengal,,none,none,0
negative_west_bengal_00410,26.83453531978666,89.015080178694,negative_sample,West Bengal,,none,none,0
negative_west_bengal_00411,26.998221762492285,88.99087601468477,negative_sample,West Bengal,,none,none,0
negative_west_bengal_00412,26.999052124770177,89.084127193038,negative_sample,West Bengal,,none,none,0
negative_west_bengal_00413,27.033558516101557,88.29343495190814,negative_sample,West Bengal,,none,none,0
negative_west_bengal_00414,26.911937080921753,88.19193266000245,negative_sample,West Bengal,,none,none,0
negative_west_bengal_00415,26.99716546177027,88.89921941671946,negative_sample,West Bengal,,none,none,0
negative_west_bengal_00416,26.988428483049436,88.94823811930154,negative_sample,West Bengal,,none,none,0
negative_west_bengal_00417,26.72707149689136,89.29571868422498,negative_sample,West Bengal,,none,none,0
negative_west_bengal_00418,26.929069837562686,88.92665950521778,negative_sample,West Bengal,,none,none,0
negative_west_bengal_00419,26.780824215304488,88.81833307402206,negative_sample,West Bengal,,none,none,0
negative_west_bengal_00420,26.972645871642822,88.12218708035937,negative_sample,West Bengal,,none,none,0
negative_west_bengal_00421,27.15559119762615,88.32538392141292,negative_sample,West Bengal,,none,none,0
negative_west_bengal_00422,27.066146428356532,88.75458287210921,negative_sample,West Bengal,,none,none,0
negative_west_bengal_00423,27.138196325568202,88.45248547439047,negative_sample,West Bengal,,none,none,0
negative_west_bengal_00424,27.06439636089096,88.90090879775562,negative_sample,West Bengal,,none,none,0
negative_west_bengal_00425,26.833085090962648,88.44128288276198,negative_sample,West Bengal,,none,none,0
negative_west_bengal_00426,26.82124293804145,88.48535053505758,negative_sample,West Bengal,,none,none,0
negative_west_bengal_00427,26.849825878014382,88.51645779666255,negative_sample,West Bengal,,none,none,0
negative_west_bengal_00428,26.96810763788533,88.97922540856938,negative_sample,West Bengal,,none,none,0
negative_west_bengal_00429,27.00552208129594,88.90971515062074,negative_sample,West Bengal,,none,none,0
negative_west_bengal_00430,27.060985367814986,88.74803517921497,negative_sample,West Bengal,,none,none,0
negative_west_bengal_00431,26.854670452724584,88.62363368368058,negative_sample,West Bengal,,none,none,0
negative_west_bengal_00432,26.77890992566871,88.59503688380025,negative_sample,West Bengal,,none,none,0
negative_west_bengal_00433,26.82723755272031,89.15988879627437,negative_sample,West Bengal,,none,none,0
negative_west_bengal_00434,26.768259225822643,89.48085241446678,negative_sample,West Bengal,,none,none,0
negative_west_bengal_00435,26.910876750929017,89.07785654319134,negative_sample,West Bengal,,none,none,0
negative_west_bengal_00436,26.839681049967144,88.89068349868418,negative_sample,West Bengal,,none,none,0
negative_west_bengal_00437,26.868961886114704,88.86268193698494,negative_sample,West Bengal,,none,none,0
negative_west_bengal_00438,26.7423282362224,89.25277920838,negative_sample,West Bengal,,none,none,0
negative_west_bengal_00439,26.989123102981818,88.85900434053895,negative_sample,West Bengal,,none,none,0
negative_west_bengal_00440,26.778745055124478,88.75736415041753,negative_sample,West Bengal,,none,none,0
negative_west_bengal_00441,27.149920151645485,88.40368722537438,negative_sample,West Bengal,,none,none,0
negative_west_bengal_00442,26.897351857124235,89.09144981604095,negative_sample,West Bengal,,none,none,0
negative_west_bengal_00443,26.767363295291663,89.0200849331777,negative_sample,West Bengal,,none,none,0
negative_west_bengal_00444,26.728632782351237,89.29947018859865,negative_sample,West Bengal,,none,none,0
negative_west_bengal_00445,26.942991272162466,88.8547555882376,negative_sample,West Bengal,,none,none,0
negative_west_bengal_00446,26.873557666891536,89.28841385081421,negative_sample,West Bengal,,none,none,0
negative_west_bengal_00447,26.79990054315971,88.35953054462358,negative_sample,West Bengal,,none,none,0
negative_west_bengal_00448,26.797763015414837,89.29011395836936,negative_sample,West Bengal,,none,none,0
negative_west_bengal_00449,26.810805484808718,89.48572722988902,negative_sample,West Bengal,,none,none,0
negative_west_bengal_00450,26.856824760141258,88.54306384001876,negative_sample,West Bengal,,none,none,0
negative_west_bengal_00451,26.761476594820962,88.88270028328903,negative_sample,West Bengal,,none,none,0
negative_west_bengal_00452,27.030597354669816,88.32273362947466,negative_sample,West Bengal,,none,none,0
negative_west_bengal_00453,26.94892986353726,88.75806865754247,negative_sample,West Bengal,,none,none,0
negative_west_bengal_00454,26.745221729936794,89.1523390641038,negative_sample,West Bengal,,none,none,0
negative_west_bengal_00455,26.885923542545314,88.82826691221167,negative_sample,West Bengal,,none,none,0
negative_west_bengal_00456,26.984247251918077,88.95120559932924,negative_sample,West Bengal,,none,none,0
negative_west_bengal_00457,26.899336890146568,88.64240266288704,negative_sample,West Bengal,,none,none,0
negative_west_bengal_00458,26.961309509398188,88.80895185177586,negative_sample,West Bengal,,none,none,0
negative_west_bengal_00459,26.928185863873264,88.60758100881134,negative_sample,West Bengal,,none,none,0
negative_west_bengal_00460,26.953291275259787,88.71736690715274,negative_sample,West Bengal,,none,none,0
negative_west_bengal_00461,26.79033842944403,88.72060823473156,negative_sample,West Bengal,,none,none,0
negative_west_bengal_00462,26.78103966595698,89.20008772273682,negative_sample,West Bengal,,none,none,0
negative_west_bengal_00463,26.82154075134305,89.19139947243269,negative_sample,West Bengal,,none,none,0
negative_west_bengal_00464,26.863634812852354,88.65968301498413,negative_sample,West Bengal,,none,none,0
negative_west_bengal_00465,26.921634401634574,89.2611742217822,negative_sample,West Bengal,,none,none,0
negative_west_bengal_00466,26.797066456581838,89.02026569489179,negative_sample,West Bengal,,none,none,0
negative_west_bengal_00467,26.935482964417165,88.1335507699964,negative_sample,West Bengal,,none,none,0
negative_west_bengal_00468,26.809211572087424,88.27489821993439,negative_sample,West Bengal,,none,none,0
negative_west_bengal_00469,26.756109336476392,89.31168330110751,negative_sample,West Bengal,,none,none,0
negative_west_bengal_00470,26.954536823748935,88.93244891207166,negative_sample,West Bengal,,none,none,0
negative_west_bengal_00471,26.993906812469923,88.36469656502807,negative_sample,West Bengal,,none,none,0
negative_west_bengal_00472,26.78676834667392,88.53346818814296,negative_sample,West Bengal,,none,none,0
negative_west_bengal_00473,26.88153384283912,88.69861920939137,negative_sample,West Bengal,,none,none,0
negative_west_bengal_00474,26.8533131953418,88.63271395819582,negative_sample,West Bengal,,none,none,0
negative_west_bengal_00475,26.953833842659964,88.9075798261953,negative_sample,West Bengal,,none,none,0
negative_west_bengal_00476,26.73763162361584,89.34991532961529,negative_sample,West Bengal,,none,none,0
negative_west_bengal_00477,26.822397581728932,88.8144060692139,negative_sample,West Bengal,,none,none,0
negative_west_bengal_00478,26.90122134654589,88.72210109433394,negative_sample,West Bengal,,none,none,0
negative_west_bengal_00479,26.818531976613055,88.76370786038758,negative_sample,West Bengal,,none,none,0
negative_west_bengal_00480,26.766486736390533,88.90501764624972,negative_sample,West Bengal,,none,none,0
negative_west_bengal_00481,26.970578920249235,88.65421288480617,negative_sample,West Bengal,,none,none,0
negative_west_bengal_00482,27.097830554874434,88.7564955643563,negative_sample,West Bengal,,none,none,0
negative_west_bengal_00483,27.169737690647903,88.4958131291013,negative_sample,West Bengal,,none,none,0
negative_west_bengal_00484,26.7617058144056,89.46312454900227,negative_sample,West Bengal,,none,none,0
negative_west_bengal_00485,26.77544771116431,88.9445821819913,negative_sample,West Bengal,,none,none,0
negative_west_bengal_00486,27.149932997209817,88.50700589328187,negative_sample,West Bengal,,none,none,0
negative_west_bengal_00487,26.969628526287323,88.26033734062001,negative_sample,West Bengal,,none,none,0
negative_west_bengal_00488,26.944180662325856,88.18104654354362,negative_sample,West Bengal,,none,none,0
negative_west_bengal_00489,26.909874988913856,89.26335467070514,negative_sample,West Bengal,,none,none,0
negative_west_bengal_00490,27.149949372226168,88.25839600900713,negative_sample,West Bengal,,none,none,0
negative_west_bengal_00491,26.914703441271186,88.65959492578945,negative_sample,West Bengal,,none,none,0
negative_west_bengal_00492,26.78534039101592,88.76107651036156,negative_sample,West Bengal,,none,none,0
negative_west_bengal_00493,26.956470743898638,88.68152155287339,negative_sample,West Bengal,,none,none,0
negative_west_bengal_00494,26.817140266618104,88.68241033960055,negative_sample,West Bengal,,none,none,0
negative_west_bengal_00495,26.788749084916248,88.71076497103319,negative_sample,West Bengal,,none,none,0
negative_west_bengal_00496,27.000731234309704,88.50442223629085,negative_sample,West Bengal,,none,none,0
negative_west_bengal_00497,26.861920558998627,88.71447929766423,negative_sample,West Bengal,,none,none,0
negative_west_bengal_00498,26.75404468387919,89.0037259041533,negative_sample,West Bengal,,none,none,0
negative_west_bengal_00499,26.993576464928527,89.11509339511406,negative_sample,West Bengal,,none,none,0
negative_west_bengal_00500,26.709609722169702,89.51456216530478,negative_sample,West Bengal,,none,none,0
negative_west_bengal_00501,26.798268607037095,88.99404492058842,negative_sample,West Bengal,,none,none,0
negative_west_bengal_00502,26.784383503421545,88.76783254281585,negative_sample,West Bengal,,none,none,0
negative_west_bengal_00503,26.83575666779555,88.40110282203456,negative_sample,West Bengal,,none,none,0
negative_west_bengal_00504,26.84330776702924,89.08443766885063,negative_sample,West Bengal,,none,none,0
negative_west_bengal_00505,26.931265447581016,88.85337721794559,negative_sample,West Bengal,,none,none,0
negative_west_bengal_00506,26.851696081448722,88.79430888908978,negative_sample,West Bengal,,none,none,0
negative_west_bengal_00507,26.904203110361,88.93668637242527,negative_sample,West Bengal,,none,none,0
negative_west_bengal_00508,26.78073634745108,88.70870558713614,negative_sample,West Bengal,,none,none,0
negative_west_bengal_00509,26.833371323414188,88.6545298748794,negative_sample,West Bengal,,none,none,0
negative_west_bengal_00510,27.177752803039347,88.5058084841473,negative_sample,West Bengal,,none,none,0
negative_west_bengal_00511,26.93715817737812,89.02307745348881,negative_sample,West Bengal,,none,none,0
negative_west_bengal_00512,26.87737672480403,89.03438680382233,negative_sample,West Bengal,,none,none,0
negative_west_bengal_00513,26.75996882605562,89.44420107340443,negative_sample,West Bengal,,none,none,0
negative_west_bengal_00514,27.031695693664453,88.78142541273937,negative_sample,West Bengal,,none,none,0
negative_west_bengal_00515,26.724383687585544,89.27280951419797,negative_sample,West Bengal,,none,none,0
negative_west_bengal_00516,27.11248113905961,88.16234882393441,negative_sample,West Bengal,,none,none,0
negative_west_bengal_00517,27.083836129175438,88.77785100571472,negative_sample,West Bengal,,none,none,0
negative_west_bengal_00518,26.9384707878376,88.88208988212278,negative_sample,West Bengal,,none,none,0
negative_west_bengal_00519,26.717162107085258,89.45075875697039,negative_sample,West Bengal,,none,none,0
negative_west_bengal_00520,26.948716288175792,88.67858824696465,negative_sample,West Bengal,,none,none,0
negative_west_bengal_00521,26.852807618491838,88.83771785193863,negative_sample,West Bengal,,none,none,0
negative_west_bengal_00522,26.81531796705706,88.57693420441417,negative_sample,West Bengal,,none,none,0
negative_west_bengal_00523,26.80875271096504,89.4789796561376,negative_sample,West Bengal,,none,none,0
negative_west_bengal_00524,26.727077329137934,89.3132806160404,negative_sample,West Bengal,,none,none,0
negative_west_bengal_00525,26.785067304740526,88.49730325872487,negative_sample,West Bengal,,none,none,0
negative_west_bengal_00526,26.965385468054528,88.27487798629188,negative_sample,West Bengal,,none,none,0
negative_west_bengal_00527,26.813550199287334,89.40928015368605,negative_sample,West Bengal,,none,none,0
negative_west_bengal_00528,26.838271121713543,88.99352435603991,negative_sample,West Bengal,,none,none,0
negative_west_bengal_00529,26.956601349287777,88.76232572558972,negative_sample,West Bengal,,none,none,0
negative_west_bengal_00530,26.73943775975671,89.34198022669119,negative_sample,West Bengal,,none,none,0
negative_west_bengal_00531,26.85062119142763,89.04393322596823,negative_sample,West Bengal,,none,none,0
negative_west_bengal_00532,27.019165376689404,89.04617173670151,negative_sample,West Bengal,,none,none,0
negative_west_bengal_00533,27.064409997995238,88.79595866636866,negative_sample,West Bengal,,none,none,0
negative_west_bengal_00534,26.973428188063966,88.86957387593218,negative_sample,West Bengal,,none,none,0
negative_west_bengal_00535,26.980143484279836,89.03861259416372,negative_sample,West Bengal,,none,none,0
negative_west_bengal_00536,26.95663590255422,89.10812676313745,negative_sample,West Bengal,,none,none,0
negative_west_bengal_00537,26.741537317875725,89.07724112266924,negative_sample,West Bengal,,none,none,0
negative_west_bengal_00538,26.983635627819588,88.21911372831528,negative_sample,West Bengal,,none,none,0
negative_west_bengal_00539,26.8585721955885,89.05256180109612,negative_sample,West Bengal,,none,none,0
negative_west_bengal_00540,26.80742385208517,88.9091338060944,negative_sample,West Bengal,,none,none,0
negative_west_bengal_00541,26.7960362462576,88.98749456137874,negative_sample,West Bengal,,none,none,0
negative_west_bengal_00542,27.028369543379792,88.12506316533458,negative_sample,West Bengal,,none,none,0
negative_west_bengal_00543,27.00830606077995,88.95449001571271,negative_sample,West Bengal,,none,none,0
negative_west_bengal_00544,26.898590128326017,88.8383369730058,negative_sample,West Bengal,,none,none,0
negative_west_bengal_00545,26.79770753920041,88.98144018277554,negative_sample,West Bengal,,none,none,0
negative_west_bengal_00546,26.877646173838862,89.3688403463306,negative_sample,West Bengal,,none,none,0
negative_west_bengal_00547,26.907081349244663,88.9125223453083,negative_sample,West Bengal,,none,none,0
negative_west_bengal_00548,26.814811763029315,88.63389405735053,negative_sample,West Bengal,,none,none,0
negative_west_bengal_00549,26.876658370087497,88.94638695859845,negative_sample,West Bengal,,none,none,0
negative_west_bengal_00550,26.836569572561103,88.60053399817254,negative_sample,West Bengal,,none,none,0
negative_west_bengal_00551,26.937790173885684,88.9726143426873,negative_sample,West Bengal,,none,none,0
negative_west_bengal_00552,26.88690620822778,89.07349481801825,negative_sample,West Bengal,,none,none,0
negative_west_bengal_00553,26.997262379070964,88.97576829826214,negative_sample,West Bengal,,none,none,0
negative_west_bengal_00554,27.148248560941546,88.27215554883507,negative_sample,West Bengal,,none,none,0
negative_west_bengal_00555,26.890014821695054,88.81918772233269,negative_sample,West Bengal,,none,none,0
negative_west_bengal_00556,26.75298307753829,89.15438918810993,negative_sample,West Bengal,,none,none,0
negative_west_bengal_00557,27.063098511336722,88.82859678689353,negative_sample,West Bengal,,none,none,0
negative_west_bengal_00558,26.806295939861805,89.09055483343157,negative_sample,West Bengal,,none,none,0
negative_west_bengal_00559,26.864799391009146,89.17682453134007,negative_sample,West Bengal,,none,none,0
negative_west_bengal_00560,27.072679548986894,88.88864410473045,negative_sample,West Bengal,,none,none,0
negative_west_bengal_00561,27.116058272219167,88.39725483932598,negative_sample,West Bengal,,none,none,0
negative_west_bengal_00562,27.151030057119183,88.44858755529067,negative_sample,West Bengal,,none,none,0
negative_west_bengal_00563,26.89993585142081,89.01903881071615,negative_sample,West Bengal,,none,none,0
negative_west_bengal_00564,26.86054953580502,89.00100525819967,negative_sample,West Bengal,,none,none,0
negative_west_bengal_00565,26.81061555547954,88.54877140874108,negative_sample,West Bengal,,none,none,0
negative_west_bengal_00566,26.936451528644593,88.20583709461961,negative_sample,West Bengal,,none,none,0
negative_west_bengal_00567,26.794821639579496,88.84133427373645,negative_sample,West Bengal,,none,none,0
negative_west_bengal_00568,26.78945081706816,89.4378348776037,negative_sample,West Bengal,,none,none,0
negative_west_bengal_00569,26.812916182157792,88.72434558124196,negative_sample,West Bengal,,none,none,0
negative_west_bengal_00570,27.088909703776245,88.88660194537736,negative_sample,West Bengal,,none,none,0
negative_west_bengal_00571,26.92201109763724,89.02504074697882,negative_sample,West Bengal,,none,none,0
negative_west_bengal_00572,26.912152440888907,89.09069300026658,negative_sample,West Bengal,,none,none,0
negative_west_bengal_00573,26.924282472420614,88.73193336135024,negative_sample,West Bengal,,none,none,0
negative_west_bengal_00574,26.938629713206556,89.03698359049463,negative_sample,West Bengal,,none,none,0
negative_west_bengal_00575,26.859946183846386,89.30924947598226,negative_sample,West Bengal,,none,none,0
negative_west_bengal_00576,27.120912845711974,88.72304420994821,negative_sample,West Bengal,,none,none,0
negative_west_bengal_00577,26.9542857032733,89.21459083141293,negative_sample,West Bengal,,none,none,0
negative_west_bengal_00578,27.092104271640387,88.71399713581046,negative_sample,West Bengal,,none,none,0
negative_west_bengal_00579,26.922569138517332,89.24920650781674,negative_sample,West Bengal,,none,none,0
negative_west_bengal_00580,26.89394418652364,88.65978900298475,negative_sample,West Bengal,,none,none,0
negative_west_bengal_00581,26.759023650510755,89.37423590639452,negative_sample,West Bengal,,none,none,0
negative_west_bengal_00582,27.13184323366385,88.72330240313586,negative_sample,West Bengal,,none,none,0
negative_west_bengal_00583,26.85635493187376,88.99213495048762,negative_sample,West Bengal,,none,none,0
negative_west_bengal_00584,26.918443879682435,88.52130702213867,negative_sample,West Bengal,,none,none,0
negative_west_bengal_00585,26.731476376567702,89.46187164052631,negative_sample,West Bengal,,none,none,0
negative_west_bengal_00586,26.950515713106686,89.19030194111832,negative_sample,West Bengal,,none,none,0
negative_west_bengal_00587,26.715745072033712,89.54512322408806,negative_sample,West Bengal,,none,none,0
negative_west_bengal_00588,26.866526036096687,89.32329554679195,negative_sample,West Bengal,,none,none,0
negative_west_bengal_00589,26.9450706201652,89.14778345390519,negative_sample,West Bengal,,none,none,0
negative_west_bengal_00590,26.86489203563146,89.12980404557271,negative_sample,West Bengal,,none,none,0
negative_west_bengal_00591,26.72869297671649,89.45934194256016,negative_sample,West Bengal,,none,none,0
negative_west_bengal_00592,26.98540201113087,88.1706928003086,negative_sample,West Bengal,,none,none,0
negative_west_bengal_00593,26.812316718822725,88.26672285880834,negative_sample,West Bengal,,none,none,0
negative_west_bengal_00594,26.96707084141924,88.11577047473625,negative_sample,West Bengal,,none,none,0
negative_west_bengal_00595,26.800104565653946,88.84268329318975,negative_sample,West Bengal,,none,none,0
negative_west_bengal_00596,26.82498904443477,89.14983087946699,negative_sample,West Bengal,,none,none,0
negative_west_bengal_00597,26.81260818504963,88.79780591945375,negative_sample,West Bengal,,none,none,0
negative_west_bengal_00598,26.877245666467996,89.34561743811574,negative_sample,West Bengal,,none,none,0
negative_west_bengal_00599,26.90428559960447,88.70130554564496,negative_sample,West Bengal,,none,none,0
negative_west_bengal_00600,26.84981938132937,89.42470637360051,negative_sample,West Bengal,,none,none,0
negative_west_bengal_00601,26.90446445620946,89.16819963492401,negative_sample,West Bengal,,none,none,0
negative_west_bengal_00602,26.917308869666623,89.10263278006542,negative_sample,West Bengal,,none,none,0
negative_west_bengal_00603,26.85388062035912,88.98320262782141,negative_sample,West Bengal,,none,none,0
negative_west_bengal_00604,26.801006669739095,88.98108028139569,negative_sample,West Bengal,,none,none,0
negative_west_bengal_00605,26.99251684329048,89.09631369477563,negative_sample,West Bengal,,none,none,0
negative_west_bengal_00606,26.898746996858623,89.10531652190623,negative_sample,West Bengal,,none,none,0
negative_west_bengal_00607,27.150743648507092,88.70748831111825,negative_sample,West Bengal,,none,none,0
negative_west_bengal_00608,26.76519631081413,89.24061917549237,negative_sample,West Bengal,,none,none,0
negative_west_bengal_00609,27.023685526222398,88.9561073364222,negative_sample,West Bengal,,none,none,0
negative_west_bengal_00610,26.768056142954503,88.82776777024704,negative_sample,West Bengal,,none,none,0
negative_west_bengal_00611,27.041111916050536,88.12605008019572,negative_sample,West Bengal,,none,none,0
negative_west_bengal_00612,27.023996398897307,88.3366349234212,negative_sample,West Bengal,,none,none,0
negative_west_bengal_00613,26.9824105641411,88.16850795131634,negative_sample,West Bengal,,none,none,0
negative_west_bengal_00614,26.794013049470582,89.05743952577515,negative_sample,West Bengal,,none,none,0
negative_west_bengal_00615,26.924238495230092,89.17812387406892,negative_sample,West Bengal,,none,none,0
negative_west_bengal_00616,26.774790240281035,89.42442540336451,negative_sample,West Bengal,,none,none,0
negative_west_bengal_00617,27.14193775172405,88.31484223860332,negative_sample,West Bengal,,none,none,0
negative_west_bengal_00618,26.857482512601077,88.93030494391134,negative_sample,West Bengal,,none,none,0
negative_west_bengal_00619,27.142252750997056,88.48121436896605,negative_sample,West Bengal,,none,none,0
negative_west_bengal_00620,26.98358819876086,88.23633895792005,negative_sample,West Bengal,,none,none,0
negative_west_bengal_00621,26.831395681614474,88.60184720220964,negative_sample,West Bengal,,none,none,0
negative_west_bengal_00622,26.782024020620064,89.02341790588437,negative_sample,West Bengal,,none,none,0
negative_west_bengal_00623,27.01249393854406,88.84920668175926,negative_sample,West Bengal,,none,none,0
negative_west_bengal_00624,27.150423669599608,88.28195907879571,negative_sample,West Bengal,,none,none,0
negative_west_bengal_00625,26.82880827362713,89.08956763439627,negative_sample,West Bengal,,none,none,0
negative_west_bengal_00626,26.990525492882725,88.23425618302812,negative_sample,West Bengal,,none,none,0
negative_west_bengal_00627,26.962246092504348,88.1696997571659,negative_sample,West Bengal,,none,none,0
negative_west_bengal_00628,26.924778651930183,89.00539226177088,negative_sample,West Bengal,,none,none,0
negative_west_bengal_00629,26.795220851173763,89.15862608344122,negative_sample,West Bengal,,none,none,0
negative_west_bengal_00630,26.74624879946624,89.05027021395016,negative_sample,West Bengal,,none,none,0
negative_west_bengal_00631,26.736788082746347,89.64615226568102,negative_sample,West Bengal,,none,none,0
negative_west_bengal_00632,26.80734108014991,88.61134331075418,negative_sample,West Bengal,,none,none,0
negative_west_bengal_00633,27.057612575516448,88.72295811360509,negative_sample,West Bengal,,none,none,0
negative_west_bengal_00634,26.97301448151122,88.85770686756905,negative_sample,West Bengal,,none,none,0
negative_west_bengal_00635,26.877994635999503,89.07095314827387,negative_sample,West Bengal,,none,none,0
negative_west_bengal_00636,26.723426869625946,89.38288237993314,negative_sample,West Bengal,,none,none,0
negative_west_bengal_00637,26.80508855391873,88.49110368079823,negative_sample,West Bengal,,none,none,0
negative_west_bengal_00638,27.0049655020228,88.37534023667695,negative_sample,West Bengal,,none,none,0
negative_west_bengal_00639,27.147310986349943,88.70044663785409,negative_sample,West Bengal,,none,none,0
negative_west_bengal_00640,27.008408837470167,88.83564301767234,negative_sample,West Bengal,,none,none,0
negative_west_bengal_00641,26.935943703099163,89.09123265909466,negative_sample,West Bengal,,none,none,0
negative_west_bengal_00642,26.766418691791177,89.09579271708837,negative_sample,West Bengal,,none,none,0
negative_west_bengal_00643,26.824707677577038,88.42734930219059,negative_sample,West Bengal,,none,none,0
negative_west_bengal_00644,26.909502810345582,89.06323744459301,negative_sample,West Bengal,,none,none,0
negative_west_bengal_00645,26.911539177263144,88.69080124413264,negative_sample,West Bengal,,none,none,0
negative_west_bengal_00646,26.781346057521887,88.7503278750761,negative_sample,West Bengal,,none,none,0
negative_west_bengal_00647,26.912735438715924,89.28592249811159,negative_sample,West Bengal,,none,none,0
negative_west_bengal_00648,26.823426063726934,89.08158572833153,negative_sample,West Bengal,,none,none,0
negative_west_bengal_00649,26.84757059819842,89.33471269108203,negative_sample,West Bengal,,none,none,0
negative_nagaland_00650,24.255798505242744,92.56251232516928,negative_sample,Nagaland,,none,none,0
negative_nagaland_00651,25.83510208818212,93.92610419739762,negative_sample,Nagaland,,none,none,0
negative_nagaland_00652,24.52182289331909,92.7194375063124,negative_sample,Nagaland,,none,none,0
negative_nagaland_00653,24.57690104733492,92.60849308632802,negative_sample,Nagaland,,none,none,0
negative_nagaland_00654,24.327782827864578,92.32318165145736,negative_sample,Nagaland,,none,none,0
negative_nagaland_00655,25.946504264626352,94.26102536183485,negative_sample,Nagaland,,none,none,0
negative_nagaland_00656,23.903077322486194,91.89557260794409,negative_sample,Nagaland,,none,none,0
negative_nagaland_00657,26.734941191886428,95.1403587762343,negative_sample,Nagaland,,none,none,0
negative_nagaland_00658,25.880751601627058,93.78328770697631,negative_sample,Nagaland,,none,none,0
negative_nagaland_00659,25.75201005842961,94.90713761741746,negative_sample,Nagaland,,none,none,0
negative_nagaland_00660,24.023036660744157,92.03523386123767,negative_sample,Nagaland,,none,none,0
negative_nagaland_00661,25.56733085884904,94.45873148251584,negative_sample,Nagaland,,none,none,0
negative_nagaland_00662,24.757165231291125,92.64399344710726,negative_sample,Nagaland,,none,none,0
negative_nagaland_00663,25.896058354747815,94.34942453073604,negative_sample,Nagaland,,none,none,0
negative_nagaland_00664,25.234350272730957,93.9515369136093,negative_sample,Nagaland,,none,none,0
negative_nagaland_00665,24.139103306567826,92.23008548397809,negative_sample,Nagaland,,none,none,0
negative_nagaland_00666,24.73057728564985,92.909467910879,negative_sample,Nagaland,,none,none,0
negative_nagaland_00667,24.437230566027353,92.85073180719135,negative_sample,Nagaland,,none,none,0
negative_nagaland_00668,25.94091595047821,93.92864713963787,negative_sample,Nagaland,,none,none,0
negative_nagaland_00669,26.28382993098183,94.15086755880367,negative_sample,Nagaland,,none,none,0
negative_nagaland_00670,25.389906143299502,93.36581827994345,negative_sample,Nagaland,,none,none,0
negative_nagaland_00671,25.039443435338328,93.88174071783978,negative_sample,Nagaland,,none,none,0
negative_nagaland_00672,25.25948454315555,93.70580297904533,negative_sample,Nagaland,,none,none,0
negative_nagaland_00673,25.276379204941108,94.33650164845649,negative_sample,Nagaland,,none,none,0
negative_nagaland_00674,26.649246132252568,94.96658310093501,negative_sample,Nagaland,,none,none,0
negative_nagaland_00675,25.649796614039403,93.58849030354233,negative_sample,Nagaland,,none,none,0
negative_nagaland_00676,24.82191641615031,92.9503240073222,negative_sample,Nagaland,,none,none,0
negative_nagaland_00677,24.04849138900715,92.20641884811394,negative_sample,Nagaland,,none,none,0
negative_nagaland_00678,25.56549458971603,94.47608115770883,negative_sample,Nagaland,,none,none,0
negative_nagaland_00679,24.8374192817237,93.40859368818643,negative_sample,Nagaland,,none,none,0
negative_nagaland_00680,25.22529255142699,93.64024126634396,negative_sample,Nagaland,,none,none,0
negative_nagaland_00681,24.805891064411696,92.7773272483565,negative_sample,Nagaland,,none,none,0
negative_nagaland_00682,25.58673890957291,93.72758158313938,negative_sample,Nagaland,,none,none,0
negative_nagaland_00683,24.756283116602795,92.76535767573043,negative_sample,Nagaland,,none,none,0
negative_nagaland_00684,25.745825532624664,94.11502581196487,negative_sample,Nagaland,,none,none,0
negative_nagaland_00685,25.049683963647176,93.45042483694921,negative_sample,Nagaland,,none,none,0
negative_nagaland_00686,25.74754986825671,94.10759724100323,negative_sample,Nagaland,,none,none,0
negative_nagaland_00687,26.26103861964178,94.76948497557514,negative_sample,Nagaland,,none,none,0
negative_nagaland_00688,24.449716531198387,92.71132249402326,negative_sample,Nagaland,,none,none,0
negative_nagaland_00689,26.289453468277376,94.93421129210586,negative_sample,Nagaland,,none,none,0
negative_nagaland_00690,25.465551195367475,93.6471031755565,negative_sample,Nagaland,,none,none,0
negative_nagaland_00691,24.73138293813888,92.8154729905926,negative_sample,Nagaland,,none,none,0
negative_nagaland_00692,24.311714535588454,92.58509286898939,negative_sample,Nagaland,,none,none,0
negative_nagaland_00693,26.08640341227943,94.0617613414424,negative_sample,Nagaland,,none,none,0
negative_nagaland_00694,25.4706804458402,94.10732172233244,negative_sample,Nagaland,,none,none,0
negative_nagaland_00695,26.54126054249154,94.98144405853569,negative_sample,Nagaland,,none,none,0
negative_nagaland_00696,26.20022618436532,94.31881734865011,negative_sample,Nagaland,,none,none,0
negative_nagaland_00697,25.120801290879434,93.20835862037559,negative_sample,Nagaland,,none,none,0
negative_nagaland_00698,25.003391657582593,93.61082916875388,negative_sample,Nagaland,,none,none,0
negative_nagaland_00699,25.074646183768035,93.61203463296549,negative_sample,Nagaland,,none,none,0
negative_nagaland_00700,26.56231824595391,94.58705074530343,negative_sample,Nagaland,,none,none,0
negative_nagaland_00701,25.48235179334928,94.6283531222358,negative_sample,Nagaland,,none,none,0
negative_nagaland_00702,26.065127892915278,94.1361454777312,negative_sample,Nagaland,,none,none,0
negative_nagaland_00703,25.629155182768784,94.69111045048311,negative_sample,Nagaland,,none,none,0
negative_nagaland_00704,25.49523118359991,94.20088046905407,negative_sample,Nagaland,,none,none,0
negative_nagaland_00705,26.08273530755558,94.9150697136888,negative_sample,Nagaland,,none,none,0
negative_nagaland_00706,25.074614581059848,93.4458557452702,negative_sample,Nagaland,,none,none,0
negative_nagaland_00707,26.207412069806477,94.15445055201117,negative_sample,Nagaland,,none,none,0
negative_nagaland_00708,25.330490913271,93.86115730717093,negative_sample,Nagaland,,none,none,0
negative_nagaland_00709,25.298078484108498,94.17559654382354,negative_sample,Nagaland,,none,none,0
negative_nagaland_00710,26.197113173201586,94.37010551323677,negative_sample,Nagaland,,none,none,0
negative_nagaland_00711,26.480545718641878,94.73912280418547,negative_sample,Nagaland,,none,none,0
negative_nagaland_00712,24.430049993681205,92.35355609461031,negative_sample,Nagaland,,none,none,0
negative_nagaland_00713,25.89287764578367,93.78952069049625,negative_sample,Nagaland,,none,none,0
negative_nagaland_00714,25.475082500478294,94.02393869577837,negative_sample,Nagaland,,none,none,0
negative_nagaland_00715,25.022680744420988,93.77636220639634,negative_sample,Nagaland,,none,none,0
negative_nagaland_00716,25.39308877653945,94.50817619041857,negative_sample,Nagaland,,none,none,0
negative_nagaland_00717,24.940452951229695,92.8911052804486,negative_sample,Nagaland,,none,none,0
negative_nagaland_00718,24.381411646644928,92.70355574763917,negative_sample,Nagaland,,none,none,0
negative_nagaland_00719,24.359432784737642,92.74596650883414,negative_sample,Nagaland,,none,none,0
negative_nagaland_00720,25.845811831941646,94.81226430904684,negative_sample,Nagaland,,none,none,0
negative_nagaland_00721,24.804755366467266,92.69973176045868,negative_sample,Nagaland,,none,none,0
negative_nagaland_00722,25.245378259823532,93.16032833111392,negative_sample,Nagaland,,none,none,0
negative_nagaland_00723,26.092099612412774,94.7325077699442,negative_sample,Nagaland,,none,none,0
negative_nagaland_00724,26.323010723870972,94.67764983612506,negative_sample,Nagaland,,none,none,0
negative_nagaland_00725,25.332426940920506,93.9166450195082,negative_sample,Nagaland,,none,none,0
negative_nagaland_00726,26.08756596872358,94.17043815802799,negative_sample,Nagaland,,none,none,0
negative_nagaland_00727,26.555613168953354,94.9768658867648,negative_sample,Nagaland,,none,none,0
negative_nagaland_00728,25.532815972530145,93.68623192811387,negative_sample,Nagaland,,none,none,0
negative_nagaland_00729,24.31515300222285,92.39709402455419,negative_sample,Nagaland,,none,none,0
negative_nagaland_00730,24.798406179743218,93.29869489894824,negative_sample,Nagaland,,none,none,0
negative_nagaland_00731,24.593474204185775,92.5766294077813,negative_sample,Nagaland,,none,none,0
negative_nagaland_00732,24.77709403189906,93.46929688200088,negative_sample,Nagaland,,none,none,0
negative_nagaland_00733,25.693509694137386,94.00118966782259,negative_sample,Nagaland,,none,none,0
negative_nagaland_00734,26.725246856801164,94.98965150754195,negative_sample,Nagaland,,none,none,0
negative_nagaland_00735,25.763548577213474,93.64639648489396,negative_sample,Nagaland,,none,none,0
negative_nagaland_00736,24.578944273452286,93.12321558912711,negative_sample,Nagaland,,none,none,0
negative_nagaland_00737,25.690198321623534,94.01559894064253,negative_sample,Nagaland,,none,none,0
negative_nagaland_00738,26.21628984191484,94.9747494637779,negative_sample,Nagaland,,none,none,0
negative_nagaland_00739,24.943338395596644,93.1787310676491,negative_sample,Nagaland,,none,none,0
negative_nagaland_00740,24.59871434875706,93.16780447419431,negative_sample,Nagaland,,none,none,0
negative_nagaland_00741,25.426181910054428,94.217809644606,negative_sample,Nagaland,,none,none,0
negative_nagaland_00742,25.192753714516456,93.11773968064323,negative_sample,Nagaland,,none,none,0
negative_nagaland_00743,25.623239665091997,93.96766880975936,negative_sample,Nagaland,,none,none,0
negative_nagaland_00744,25.92694456450381,94.25120085790091,negative_sample,Nagaland,,none,none,0
negative_nagaland_00745,24.592073600658622,93.1542961933617,negative_sample,Nagaland,,none,none,0
negative_nagaland_00746,24.945529059067646,92.95052160425192,negative_sample,Nagaland,,none,none,0
negative_nagaland_00747,25.18295505079028,93.85198252140546,negative_sample,Nagaland,,none,none,0
negative_nagaland_00748,24.099573216964572,92.04247067450261,negative_sample,Nagaland,,none,none,0
negative_nagaland_00749,25.358104560056162,93.48106113581643,negative_sample,Nagaland,,none,none,0
negative_nagaland_00750,25.380501786107658,94.15355226296333,negative_sample,Nagaland,,none,none,0
negative_nagaland_00751,25.206321813425976,93.4648603385875,negative_sample,Nagaland,,none,none,0
negative_nagaland_00752,24.676997687890278,93.05430376163213,negative_sample,Nagaland,,none,none,0
negative_nagaland_00753,25.42576715463369,93.49117369208214,negative_sample,Nagaland,,none,none,0
negative_nagaland_00754,25.068925644089635,93.99553810428863,negative_sample,Nagaland,,none,none,0
negative_nagaland_00755,25.554523971100046,93.53645297948928,negative_sample,Nagaland,,none,none,0
negative_nagaland_00756,25.95648968882235,95.00565180114926,negative_sample,Nagaland,,none,none,0
negative_nagaland_00757,26.680483066555862,95.1647204943075,negative_sample,Nagaland,,none,none,0
negative_nagaland_00758,24.26337123292225,92.58421172159674,negative_sample,Nagaland,,none,none,0
negative_nagaland_00759,25.436420523293815,93.65642481867957,negative_sample,Nagaland,,none,none,0
negative_nagaland_00760,24.32896189084994,92.43446406723842,negative_sample,Nagaland,,none,none,0
negative_nagaland_00761,25.794229271832503,93.96530031132765,negative_sample,Nagaland,,none,none,0
negative_nagaland_00762,24.83349531112791,93.46333470061741,negative_sample,Nagaland,,none,none,0
negative_nagaland_00763,25.429791132871586,93.92407384403596,negative_sample,Nagaland,,none,none,0
negative_nagaland_00764,24.55268874213726,92.50488345558928,negative_sample,Nagaland,,none,none,0
negative_nagaland_00765,25.12539572154483,93.59244740372931,negative_sample,Nagaland,,none,none,0
negative_nagaland_00766,26.376969741957375,94.59231481232847,negative_sample,Nagaland,,none,none,0
negative_nagaland_00767,25.516685298855226,93.95550430358556,negative_sample,Nagaland,,none,none,0
negative_nagaland_00768,24.581165210764944,92.96022734049782,negative_sample,Nagaland,,none,none,0
negative_nagaland_00769,25.650994885050757,93.5643746245002,negative_sample,Nagaland,,none,none,0
negative_nagaland_00770,25.665890728105907,93.74867914258388,negative_sample,Nagaland,,none,none,0
negative_nagaland_00771,25.221124065930436,93.49141867031948,negative_sample,Nagaland,,none,none,0
negative_nagaland_00772,26.56096622415442,94.4864239073259,negative_sample,Nagaland,,none,none,0
negative_nagaland_00773,26.20861402580684,94.16920891150289,negative_sample,Nagaland,,none,none,0
negative_nagaland_00774,25.022664466899556,93.1936843578676,negative_sample,Nagaland,,none,none,0
negative_nagaland_00775,25.204619125447692,93.20414110481532,negative_sample,Nagaland,,none,none,0
negative_nagaland_00776,25.159565008528006,93.55444991633455,negative_sample,Nagaland,,none,none,0
negative_nagaland_00777,25.459184642918693,94.45305477298147,negative_sample,Nagaland,,none,none,0
negative_nagaland_00778,25.236859128143124,94.13416262471866,negative_sample,Nagaland,,none,none,0
negative_nagaland_00779,26.243334054313838,94.91467219125195,negative_sample,Nagaland,,none,none,0
negative_nagaland_00780,26.06934644508408,94.30052098764556,negative_sample,Nagaland,,none,none,0
negative_nagaland_00781,26.309767941881248,94.43156353714355,negative_sample,Nagaland,,none,none,0
negative_nagaland_00782,25.31324548437624,93.340258012992,negative_sample,Nagaland,,none,none,0
negative_nagaland_00783,26.495630017349118,95.05831326924127,negative_sample,Nagaland,,none,none,0
negative_nagaland_00784,25.322698774383408,94.08593041713658,negative_sample,Nagaland,,none,none,0
negative_nagaland_00785,26.087618515485865,94.4673793827913,negative_sample,Nagaland,,none,none,0
negative_nagaland_00786,26.416980365494332,94.5166331935557,negative_sample,Nagaland,,none,none,0
negative_nagaland_00787,23.92917870732052,91.94577985647312,negative_sample,Nagaland,,none,none,0
negative_nagaland_00788,26.184120916513535,94.97145312013427,negative_sample,Nagaland,,none,none,0
negative_nagaland_00789,25.444433852110002,94.57824150394018,negative_sample,Nagaland,,none,none,0
negative_nagaland_00790,26.59761721002186,94.63452043004999,negative_sample,Nagaland,,none,none,0
negative_nagaland_00791,24.1143374815984,92.0990600787425,negative_sample,Nagaland,,none,none,0
negative_nagaland_00792,26.46284485059769,94.37115259700954,negative_sample,Nagaland,,none,none,0
negative_nagaland_00793,26.581748116970846,94.64150288809273,negative_sample,Nagaland,,none,none,0
negative_nagaland_00794,25.54169596256874,94.20787049699169,negative_sample,Nagaland,,none,none,0
negative_nagaland_00795,26.055365230497895,94.48491416681532,negative_sample,Nagaland,,none,none,0
negative_nagaland_00796,24.15644931232487,92.31011250038517,negative_sample,Nagaland,,none,none,0
negative_nagaland_00797,25.496015075698402,93.69444267321602,negative_sample,Nagaland,,none,none,0
negative_nagaland_00798,24.667242749526917,92.70020408250177,negative_sample,Nagaland,,none,none,0
negative_nagaland_00799,25.786523487099103,93.97043244657964,negative_sample,Nagaland,,none,none,0
negative_nagaland_00800,25.01978106471555,93.1432475264295,negative_sample,Nagaland,,none,none,0
negative_nagaland_00801,24.19765177924305,92.26802527709341,negative_sample,Nagaland,,none,none,0
negative_nagaland_00802,25.26679931816964,93.34962901396314,negative_sample,Nagaland,,none,none,0
negative_nagaland_00803,26.130131299422377,94.69193785322513,negative_sample,Nagaland,,none,none,0
negative_nagaland_00804,25.162212696773587,93.84472872835026,negative_sample,Nagaland,,none,none,0
negative_nagaland_00805,25.334893703812597,93.74124199124118,negative_sample,Nagaland,,none,none,0
negative_nagaland_00806,24.65712183941334,93.17990542294523,negative_sample,Nagaland,,none,none,0
negative_nagaland_00807,26.379793140492836,94.39728843547503,negative_sample,Nagaland,,none,none,0
negative_nagaland_00808,25.466450220993796,94.25485030254349,negative_sample,Nagaland,,none,none,0
negative_nagaland_00809,25.8518618811367,94.22228441373638,negative_sample,Nagaland,,none,none,0
negative_nagaland_00810,25.22801152574509,93.97245451897271,negative_sample,Nagaland,,none,none,0
negative_nagaland_00811,24.583270646711398,92.91058756121215,negative_sample,Nagaland,,none,none,0
negative_nagaland_00812,25.985169736960724,94.38437642291521,negative_sample,Nagaland,,none,none,0
negative_nagaland_00813,25.522592884395173,93.61591461756531,negative_sample,Nagaland,,none,none,0
negative_nagaland_00814,26.19267634885114,94.05759638625452,negative_sample,Nagaland,,none,none,0
negative_nagaland_00815,26.125458442663135,94.03664801821247,negative_sample,Nagaland,,none,none,0
negative_nagaland_00816,25.18288017742865,94.04787314010497,negative_sample,Nagaland,,none,none,0
negative_nagaland_00817,24.62039767629333,92.79534461336291,negative_sample,Nagaland,,none,none,0
negative_nagaland_00818,25.323834796237428,93.23463189780219,negative_sample,Nagaland,,none,none,0
negative_nagaland_00819,24.57202686047765,92.80543264269255,negative_sample,Nagaland,,none,none,0
negative_nagaland_00820,26.230263109927176,94.65002051352346,negative_sample,Nagaland,,none,none,0
negative_nagaland_00821,24.113833787575253,92.09484314474481,negative_sample,Nagaland,,none,none,0
negative_nagaland_00822,25.00031571699286,93.70661271103124,negative_sample,Nagaland,,none,none,0
negative_nagaland_00823,24.138600806858715,92.04191432302767,negative_sample,Nagaland,,none,none,0
negative_nagaland_00824,26.025877341427957,94.34994179083594,negative_sample,Nagaland,,none,none,0
negative_nagaland_00825,25.999170322458745,94.69329025702734,negative_sample,Nagaland,,none,none,0
negative_nagaland_00826,26.39216636129324,94.23233203570133,negative_sample,Nagaland,,none,none,0
negative_nagaland_00827,24.891324246168196,92.8636091375783,negative_sample,Nagaland,,none,none,0
negative_nagaland_00828,25.00503742668436,93.79884266285745,negative_sample,Nagaland,,none,none,0
negative_nagaland_00829,24.464057385493494,92.86697743414102,negative_sample,Nagaland,,none,none,0
negative_nagaland_00830,26.05331617323822,94.88088405790336,negative_sample,Nagaland,,none,none,0
negative_nagaland_00831,24.429611692617094,92.39082899474842,negative_sample,Nagaland,,none,none,0
negative_nagaland_00832,25.297527290579776,93.43054765126637,negative_sample,Nagaland,,none,none,0
negative_nagaland_00833,25.503144346067813,93.98968758649204,negative_sample,Nagaland,,none,none,0
negative_nagaland_00834,26.434265530216738,95.08598155507784,negative_sample,Nagaland,,none,none,0
negative_nagaland_00835,26.09094336839868,94.64374330688929,negative_sample,Nagaland,,none,none,0
negative_nagaland_00836,26.002566706949967,94.54457106473939,negative_sample,Nagaland,,none,none,0
negative_nagaland_00837,25.449280640462447,93.56898518611615,negative_sample,Nagaland,,none,none,0
negative_nagaland_00838,25.92252239375493,94.01134415062488,negative_sample,Nagaland,,none,none,0
negative_nagaland_00839,24.980507042632954,93.10898167694211,negative_sample,Nagaland,,none,none,0
negative_nagaland_00840,26.035222069091358,94.07320176712227,negative_sample,Nagaland,,none,none,0
negative_nagaland_00841,24.666232383440164,93.05049046373065,negative_sample,Nagaland,,none,none,0
negative_nagaland_00842,24.467765162592908,92.68948659352492,negative_sample,Nagaland,,none,none,0
negative_nagaland_00843,25.549411411133306,94.1215501106917,negative_sample,Nagaland,,none,none,0
negative_nagaland_00844,25.45563060516174,93.49335175805521,negative_sample,Nagaland,,none,none,0
negative_nagaland_00845,24.859733120996882,93.02437428038803,negative_sample,Nagaland,,none,none,0
negative_nagaland_00846,25.22622551844138,94.10772627833292,negative_sample,Nagaland,,none,none,0
negative_nagaland_00847,25.51100285523318,94.17238585593091,negative_sample,Nagaland,,none,none,0
negative_nagaland_00848,25.80983998357557,94.30993409669632,negative_sample,Nagaland,,none,none,0
negative_nagaland_00849,24.790721071960885,93.33348944686404,negative_sample,Nagaland,,none,none,0
negative_nagaland_00850,25.882264943806828,93.97822181823922,negative_sample,Nagaland,,none,none,0
negative_nagaland_00851,24.4640826695071,92.45613176884896,negative_sample,Nagaland,,none,none,0
negative_nagaland_00852,24.221880453137544,92.21049998598914,negative_sample,Nagaland,,none,none,0
negative_nagaland_00853,24.718624958281012,92.96370889602727,negative_sample,Nagaland,,none,none,0
negative_nagaland_00854,25.01110716198249,93.7169763904367,negative_sample,Nagaland,,none,none,0
negative_nagaland_00855,26.57777706415967,94.53427507255373,negative_sample,Nagaland,,none,none,0
negative_nagaland_00856,24.764045740621835,92.73867784133907,negative_sample,Nagaland,,none,none,0
negative_nagaland_00857,25.75633910948116,94.39958255531164,negative_sample,Nagaland,,none,none,0
negative_nagaland_00858,25.24433109018358,93.44792060134763,negative_sample,Nagaland,,none,none,0
negative_nagaland_00859,25.090590241442076,93.7834459878248,negative_sample,Nagaland,,none,none,0
negative_nagaland_00860,26.346627129738337,94.91707488961497,negative_sample,Nagaland,,none,none,0
negative_nagaland_00861,25.62657805631185,93.904978313762,negative_sample,Nagaland,,none,none,0
negative_nagaland_00862,24.730656534350576,93.19295998417456,negative_sample,Nagaland,,none,none,0
negative_nagaland_00863,26.106510843799523,94.79269702840202,negative_sample,Nagaland,,none,none,0
negative_nagaland_00864,25.440695744016093,93.59993189020955,negative_sample,Nagaland,,none,none,0
negative_nagaland_00865,24.228497796723655,92.24561700653292,negative_sample,Nagaland,,none,none,0
negative_nagaland_00866,24.797875531047104,92.69285876893511,negative_sample,Nagaland,,none,none,0
negative_nagaland_00867,25.303697945585604,93.25652780805954,negative_sample,Nagaland,,none,none,0
negative_nagaland_00868,24.862508181803555,92.86842050436461,negative_sample,Nagaland,,none,none,0
negative_nagaland_00869,26.414941733074862,94.5913530439269,negative_sample,Nagaland,,none,none,0
negative_nagaland_00870,26.77305387777818,94.90719025136909,negative_sample,Nagaland,,none,none,0
negative_nagaland_00871,23.849939803818827,91.84276886245624,negative_sample,Nagaland,,none,none,0
negative_nagaland_00872,25.482275685575267,93.85684946084872,negative_sample,Nagaland,,none,none,0
negative_nagaland_00873,24.667192396810837,93.26534950160458,negative_sample,Nagaland,,none,none,0
negative_nagaland_00874,26.65741760651338,95.17227067749852,negative_sample,Nagaland,,none,none,0
negative_nagaland_00875,26.014452727127747,93.95421601798652,negative_sample,Nagaland,,none,none,0
negative_nagaland_00876,25.374164884817986,93.43961479024023,negative_sample,Nagaland,,none,none,0
negative_nagaland_00877,25.85255252608109,93.81036985836118,negative_sample,Nagaland,,none,none,0
negative_nagaland_00878,24.80055595548457,93.22202027799707,negative_sample,Nagaland,,none,none,0
negative_nagaland_00879,25.419601504630407,94.32588274823398,negative_sample,Nagaland,,none,none,0
negative_nagaland_00880,24.262717946888404,92.561151657039,negative_sample,Nagaland,,none,none,0
negative_nagaland_00881,23.953842785675285,91.90527842610024,negative_sample,Nagaland,,none,none,0
negative_nagaland_00882,26.56835617974561,95.07084882970601,negative_sample,Nagaland,,none,none,0
negative_nagaland_00883,25.125812990696737,93.08572195701501,negative_sample,Nagaland,,none,none,0
negative_nagaland_00884,24.046684694228166,91.99708449961051,negative_sample,Nagaland,,none,none,0
negative_nagaland_00885,25.105687308367266,93.35530494081861,negative_sample,Nagaland,,none,none,0
negative_nagaland_00886,26.582250997339763,94.49288593503155,negative_sample,Nagaland,,none,none,0
negative_nagaland_00887,24.989424754589805,93.08999551237848,negative_sample,Nagaland,,none,none,0
negative_nagaland_00888,25.681886726749152,94.1806200346764,negative_sample,Nagaland,,none,none,0
negative_nagaland_00889,24.54089545699008,92.73420152757038,negative_sample,Nagaland,,none,none,0
negative_nagaland_00890,26.458604691783858,94.32024957364857,negative_sample,Nagaland,,none,none,0
negative_nagaland_00891,25.045219862173152,93.78785225525316,negative_sample,Nagaland,,none,none,0
negative_nagaland_00892,25.551276515076285,93.96116111719486,negative_sample,Nagaland,,none,none,0
negative_nagaland_00893,26.456810856753535,95.04824230938782,negative_sample,Nagaland,,none,none,0
negative_nagaland_00894,26.40834140755182,94.58177011606017,negative_sample,Nagaland,,none,none,0
negative_nagaland_00895,25.456896982193147,94.43849814166887,negative_sample,Nagaland,,none,none,0
negative_nagaland_00896,25.6395617682825,93.61683044622237,negative_sample,Nagaland,,none,none,0
negative_nagaland_00897,24.961439267218008,92.87326162410747,negative_sample,Nagaland,,none,none,0
negative_nagaland_00898,24.7494976261843,93.09334548792145,negative_sample,Nagaland,,none,none,0
negative_nagaland_00899,24.18230434731032,92.16255345891695,negative_sample,Nagaland,,none,none,0
negative_nagaland_00900,24.798376468685106,93.20322169549871,negative_sample,Nagaland,,none,none,0
negative_nagaland_00901,26.042782993949007,94.37046691687762,negative_sample,Nagaland,,none,none,0
negative_nagaland_00902,24.227356004063353,92.523621200373,negative_sample,Nagaland,,none,none,0
negative_nagaland_00903,25.80337968581462,94.11864908434461,negative_sample,Nagaland,,none,none,0
negative_nagaland_00904,25.543041000879594,94.73659190827364,negative_sample,Nagaland,,none,none,0
negative_nagaland_00905,26.075827635217877,94.89481228240719,negative_sample,Nagaland,,none,none,0
negative_nagaland_00906,26.6224102210422,94.86329521757905,negative_sample,Nagaland,,none,none,0
negative_nagaland_00907,25.025757730708495,93.76490241316445,negative_sample,Nagaland,,none,none,0
negative_nagaland_00908,26.695824967676728,94.79263711615953,negative_sample,Nagaland,,none,none,0
negative_nagaland_00909,25.853109545804422,93.95907374818836,negative_sample,Nagaland,,none,none,0
negative_nagaland_00910,24.935284630567963,93.64478952998749,negative_sample,Nagaland,,none,none,0
negative_nagaland_00911,25.010076070382013,93.18887132553296,negative_sample,Nagaland,,none,none,0
negative_nagaland_00912,24.74185602190379,92.756392358527,negative_sample,Nagaland,,none,none,0
negative_nagaland_00913,26.276273007729504,95.02799414063522,negative_sample,Nagaland,,none,none,0
negative_nagaland_00914,26.03089435884081,94.55854104576628,negative_sample,Nagaland,,none,none,0
negative_nagaland_00915,25.116040644688045,93.5576951959269,negative_sample,Nagaland,,none,none,0
negative_nagaland_00916,24.868123192309977,92.89225758261537,negative_sample,Nagaland,,none,none,0
negative_nagaland_00917,26.57333897912254,94.79028566394297,negative_sample,Nagaland,,none,none,0
negative_nagaland_00918,25.57130783986997,94.44207349437097,negative_sample,Nagaland,,none,none,0
negative_nagaland_00919,24.74627940399756,93.31108629782705,negative_sample,Nagaland,,none,none,0
negative_nagaland_00920,24.326956957003958,92.27203276741501,negative_sample,Nagaland,,none,none,0
negative_nagaland_00921,24.80757011874835,93.49157402892182,negative_sample,Nagaland,,none,none,0
negative_nagaland_00922,26.07272895921185,94.63293567830567,negative_sample,Nagaland,,none,none,0
negative_nagaland_00923,25.597533175368362,93.77484736914067,negative_sample,Nagaland,,none,none,0
negative_nagaland_00924,25.144728113976598,94.03275439950134,negative_sample,Nagaland,,none,none,0
negative_nagaland_00925,24.764286822650853,92.72285848260363,negative_sample,Nagaland,,none,none,0
negative_nagaland_00926,26.0726453423087,94.67235369250203,negative_sample,Nagaland,,none,none,0
negative_nagaland_00927,25.70273832667519,93.67311763994178,negative_sample,Nagaland,,none,none,0
negative_nagaland_00928,25.207780294520827,93.68958274024497,negative_sample,Nagaland,,none,none,0
negative_nagaland_00929,26.56656647654236,94.83812658787934,negative_sample,Nagaland,,none,none,0
negative_nagaland_00930,25.46229610124488,93.59562580526301,negative_sample,Nagaland,,none,none,0
negative_nagaland_00931,24.69840583826448,93.22151090186807,negative_sample,Nagaland,,none,none,0
negative_nagaland_00932,25.64332125468188,93.9285947445429,negative_sample,Nagaland,,none,none,0
negative_nagaland_00933,24.358715679406636,92.67299884186934,negative_sample,Nagaland,,none,none,0
negative_nagaland_00934,26.509230956501035,94.38288136967005,negative_sample,Nagaland,,none,none,0
negative_nagaland_00935,25.019137582337937,93.5538241986406,negative_sample,Nagaland,,none,none,0
negative_nagaland_00936,25.4433694375863,94.39333247119778,negative_sample,Nagaland,,none,none,0
negative_nagaland_00937,24.038564692319508,91.99557029421261,negative_sample,Nagaland,,none,none,0
negative_nagaland_00938,26.47653783092078,94.4936023827497,negative_sample,Nagaland,,none,none,0
negative_nagaland_00939,25.723761766124543,94.20585867787847,negative_sample,Nagaland,,none,none,0
negative_nagaland_00940,26.524532462190447,94.44842752092602,negative_sample,Nagaland,,none,none,0
negative_nagaland_00941,26.744447705659066,95.0920418327241,negative_sample,Nagaland,,none,none,0
negative_nagaland_00942,26.074978140900882,94.34852191679185,negative_sample,Nagaland,,none,none,0
negative_nagaland_00943,25.015219502707048,93.31786248035023,negative_sample,Nagaland,,none,none,0
negative_nagaland_00944,26.458691947377265,94.49668890177016,negative_sample,Nagaland,,none,none,0
negative_nagaland_00945,25.438659392131125,94.16405457145282,negative_sample,Nagaland,,none,none,0
negative_manipur_00946,24.09345360186744,94.13191277193194,negative_sample,Manipur,,none,none,0
negative_manipur_00947,25.36788534673752,93.65170332637707,negative_sample,Manipur,,none,none,0
negative_manipur_00948,25.157521192169945,93.24103467928255,negative_sample,Manipur,,none,none,0
negative_manipur_00949,25.28374717083947,94.419931066305,negative_sample,Manipur,,none,none,0
negative_manipur_00950,24.708053311256926,94.29483432324683,negative_sample,Manipur,,none,none,0
negative_manipur_00951,24.97399104221637,94.22092451252574,negative_sample,Manipur,,none,none,0
negative_manipur_00952,25.435341786123978,93.7525501407043,negative_sample,Manipur,,none,none,0
negative_manipur_00953,24.598559566656213,94.01259287175692,negative_sample,Manipur,,none,none,0
negative_manipur_00954,24.940887910199727,93.55699207076162,negative_sample,Manipur,,none,none,0
negative_manipur_00955,24.8739423035379,94.19932414573215,negative_sample,Manipur,,none,none,0
negative_manipur_00956,25.14006002336435,93.73286301977251,negative_sample,Manipur,,none,none,0
negative_manipur_00957,24.072285335324676,93.74213526993951,negative_sample,Manipur,,none,none,0
negative_manipur_00958,25.123098109414162,94.04860878834347,negative_sample,Manipur,,none,none,0
negative_manipur_00959,25.249583872238862,93.76043418490926,negative_sample,Manipur,,none,none,0
negative_manipur_00960,24.28055644096311,93.34615314474499,negative_sample,Manipur,,none,none,0
negative_manipur_00961,24.621322398852776,93.4397846942426,negative_sample,Manipur,,none,none,0
negative_manipur_00962,24.23484721208198,94.12633208450181,negative_sample,Manipur,,none,none,0
negative_manipur_00963,24.2093501792453,93.4684998676414,negative_sample,Manipur,,none,none,0
negative_manipur_00964,24.356299553860353,94.06291556774235,negative_sample,Manipur,,none,none,0
negative_manipur_00965,25.24636006438304,93.76369785953636,negative_sample,Manipur,,none,none,0
negative_manipur_00966,24.438488946297234,94.03364068866237,negative_sample,Manipur,,none,none,0
negative_manipur_00967,25.019668409097886,93.40664800436058,negative_sample,Manipur,,none,none,0
negative_manipur_00968,24.107812525881332,93.80835838260334,negative_sample,Manipur,,none,none,0
negative_manipur_00969,24.49489087983641,93.48848650660095,negative_sample,Manipur,,none,none,0
negative_manipur_00970,24.87894102181446,93.29141910473228,negative_sample,Manipur,,none,none,0
negative_manipur_00971,25.405767774466614,93.64665050592941,negative_sample,Manipur,,none,none,0
negative_manipur_00972,24.791044584042467,93.86759319230148,negative_sample,Manipur,,none,none,0
negative_manipur_00973,24.363305627200297,93.81759829564957,negative_sample,Manipur,,none,none,0
negative_manipur_00974,24.000207057131956,93.90511453578863,negative_sample,Manipur,,none,none,0
negative_manipur_00975,25.152393033753878,93.98740980339356,negative_sample,Manipur,,none,none,0
negative_manipur_00976,24.493732837455216,94.03751123894259,negative_sample,Manipur,,none,none,0
negative_manipur_00977,24.42382341137392,93.97089763416449,negative_sample,Manipur,,none,none,0
negative_manipur_00978,24.732224938915852,93.09646527920204,negative_sample,Manipur,,none,none,0
negative_manipur_00979,24.2388005123234,93.91577313578487,negative_sample,Manipur,,none,none,0
negative_manipur_00980,24.410065410623275,94.11071333854574,negative_sample,Manipur,,none,none,0
negative_manipur_00981,25.521378412869268,94.2455611517816,negative_sample,Manipur,,none,none,0
negative_manipur_00982,24.018811305233214,93.70270514435687,negative_sample,Manipur,,none,none,0
negative_manipur_00983,25.33725701850602,93.7495153865056,negative_sample,Manipur,,none,none,0
negative_manipur_00984,24.05007922366187,93.77072550796073,negative_sample,Manipur,,none,none,0
negative_manipur_00985,25.3929831451086,93.65146463501809,negative_sample,Manipur,,none,none,0
negative_manipur_00986,24.9708225707926,93.96778348361107,negative_sample,Manipur,,none,none,0
negative_manipur_00987,24.168857742743192,93.3312921501835,negative_sample,Manipur,,none,none,0
negative_manipur_00988,24.396241119856978,93.77041834900244,negative_sample,Manipur,,none,none,0
negative_manipur_00989,24.923438720655987,93.2791879160848,negative_sample,Manipur,,none,none,0
negative_manipur_00990,25.222374933906885,94.2691665930611,negative_sample,Manipur,,none,none,0
negative_manipur_00991,24.227173342713783,93.83066152173822,negative_sample,Manipur,,none,none,0
negative_manipur_00992,24.35820497575872,93.36318880848027,negative_sample,Manipur,,none,none,0
negative_manipur_00993,24.854800592372207,93.28547881771755,negative_sample,Manipur,,none,none,0
negative_manipur_00994,24.5946705778854,93.23406503357123,negative_sample,Manipur,,none,none,0
negative_manipur_00995,25.318717019711347,94.005204523865,negative_sample,Manipur,,none,none,0
negative_manipur_00996,24.92300753180046,94.07407531380996,negative_sample,Manipur,,none,none,0
negative_manipur_00997,25.042694695957614,92.89513203793119,negative_sample,Manipur,,none,none,0
negative_manipur_00998,25.01751421524851,93.47249469348876,negative_sample,Manipur,,none,none,0
negative_manipur_00999,24.69612505224301,93.43291708743403,negative_sample,Manipur,,none,none,0
negative_manipur_01000,24.024623278764892,93.6386490690643,negative_sample,Manipur,,none,none,0
negative_manipur_01001,24.999531343361316,93.58721241802655,negative_sample,Manipur,,none,none,0
negative_manipur_01002,24.073252323637824,93.80202395609396,negative_sample,Manipur,,none,none,0
negative_manipur_01003,24.455660836464617,94.0282933116145,negative_sample,Manipur,,none,none,0
negative_manipur_01004,24.458180284114256,93.71208911605586,negative_sample,Manipur,,none,none,0
negative_manipur_01005,24.343990650592,94.07711968113748,negative_sample,Manipur,,none,none,0
negative_manipur_01006,24.41901184706278,94.22254550201573,negative_sample,Manipur,,none,none,0
negative_manipur_01007,25.258453081255826,93.94077004072312,negative_sample,Manipur,,none,none,0
negative_manipur_01008,24.026627646592033,93.50436625174397,negative_sample,Manipur,,none,none,0
negative_manipur_01009,25.040215570385385,93.08655294447236,negative_sample,Manipur,,none,none,0
negative_manipur_01010,24.500979209852613,94.32380070530859,negative_sample,Manipur,,none,none,0
negative_manipur_01011,24.549517683967203,94.02651061201952,negative_sample,Manipur,,none,none,0
negative_manipur_01012,24.741182837800693,94.55125341580302,negative_sample,Manipur,,none,none,0
negative_manipur_01013,25.076089450249874,92.99003525046203,negative_sample,Manipur,,none,none,0
negative_manipur_01014,24.566035546225084,93.85007428940735,negative_sample,Manipur,,none,none,0
negative_manipur_01015,25.285817857100746,93.86624061079392,negative_sample,Manipur,,none,none,0
negative_manipur_01016,25.290586643111215,94.38656938688084,negative_sample,Manipur,,none,none,0
negative_manipur_01017,24.144590734784693,93.63404104622182,negative_sample,Manipur,,none,none,0
negative_manipur_01018,24.206100584391383,93.844904728964,negative_sample,Manipur,,none,none,0
negative_manipur_01019,24.76640401685473,92.9023639356303,negative_sample,Manipur,,none,none,0
negative_manipur_01020,25.348384345629356,94.00477215419097,negative_sample,Manipur,,none,none,0
negative_manipur_01021,25.35344845026964,94.24116464671918,negative_sample,Manipur,,none,none,0
negative_manipur_01022,25.101322443432824,94.19894114305212,negative_sample,Manipur,,none,none,0
negative_manipur_01023,25.503301718629817,94.16886052293722,negative_sample,Manipur,,none,none,0
negative_manipur_01024,25.3761156371865,94.34465481655036,negative_sample,Manipur,,none,none,0
negative_manipur_01025,24.69652471604619,93.47295954860891,negative_sample,Manipur,,none,none,0
negative_manipur_01026,24.647215953048065,93.19751257782941,negative_sample,Manipur,,none,none,0
negative_manipur_01027,24.585645487713535,93.76982537460003,negative_sample,Manipur,,none,none,0
negative_manipur_01028,24.77207673756896,93.28293636995608,negative_sample,Manipur,,none,none,0
negative_manipur_01029,24.883977628232223,93.03814080801016,negative_sample,Manipur,,none,none,0
negative_manipur_01030,24.610014038615027,93.9671972955148,negative_sample,Manipur,,none,none,0
negative_manipur_01031,24.60719006278668,93.07587452289347,negative_sample,Manipur,,none,none,0
negative_manipur_01032,24.320321141528556,93.69198462453949,negative_sample,Manipur,,none,none,0
negative_manipur_01033,24.173424859284353,93.32492334652721,negative_sample,Manipur,,none,none,0
negative_manipur_01034,24.807004119068807,94.29316506235722,negative_sample,Manipur,,none,none,0
negative_manipur_01035,24.535667567040377,93.95000521920223,negative_sample,Manipur,,none,none,0
negative_manipur_01036,24.086358612937058,93.85145281754306,negative_sample,Manipur,,none,none,0
negative_manipur_01037,24.345390392765456,93.70105406044505,negative_sample,Manipur,,none,none,0
negative_manipur_01038,25.143891453332675,93.4358760510268,negative_sample,Manipur,,none,none,0
negative_manipur_01039,24.943715914517515,93.93223573271386,negative_sample,Manipur,,none,none,0
negative_manipur_01040,24.830040162212764,92.9100036181397,negative_sample,Manipur,,none,none,0
negative_manipur_01041,24.27377839856526,93.8146533447381,negative_sample,Manipur,,none,none,0
negative_manipur_01042,25.317301346052414,94.3559548126468,negative_sample,Manipur,,none,none,0
negative_manipur_01043,24.932828301116267,93.47127569958035,negative_sample,Manipur,,none,none,0
negative_manipur_01044,25.19862184948823,93.55264118288147,negative_sample,Manipur,,none,none,0
negative_manipur_01045,24.165798767327605,93.50649763422331,negative_sample,Manipur,,none,none,0
negative_manipur_01046,24.5094280211212,94.0632383736676,negative_sample,Manipur,,none,none,0
negative_manipur_01047,24.140969192241737,93.7811589762035,negative_sample,Manipur,,none,none,0
negative_manipur_01048,24.99973675434523,93.32250349216518,negative_sample,Manipur,,none,none,0
negative_manipur_01049,24.381321648619874,94.13411680764798,negative_sample,Manipur,,none,none,0
negative_manipur_01050,24.354232397385143,93.3998358742943,negative_sample,Manipur,,none,none,0
negative_manipur_01051,24.67859843527651,93.12903857930505,negative_sample,Manipur,,none,none,0
negative_manipur_01052,24.206558383377107,93.14039946683697,negative_sample,Manipur,,none,none,0
negative_manipur_01053,24.998069162265384,92.96712914941581,negative_sample,Manipur,,none,none,0
negative_manipur_01054,25.01442718169585,93.9244838707636,negative_sample,Manipur,,none,none,0
negative_manipur_01055,24.48430354780362,94.2234799278543,negative_sample,Manipur,,none,none,0
negative_manipur_01056,25.150380593103435,94.492627840594,negative_sample,Manipur,,none,none,0
negative_manipur_01057,25.130337625752176,94.28173059546855,negative_sample,Manipur,,none,none,0
negative_manipur_01058,24.413372298481505,93.45410542457569,negative_sample,Manipur,,none,none,0
negative_manipur_01059,24.020629123294032,93.62625933100922,negative_sample,Manipur,,none,none,0
negative_manipur_01060,24.869838966327993,94.06776103501491,negative_sample,Manipur,,none,none,0
negative_manipur_01061,24.884067721501964,93.42192125333439,negative_sample,Manipur,,none,none,0
negative_manipur_01062,24.70343300613014,93.90667913822455,negative_sample,Manipur,,none,none,0
negative_manipur_01063,25.09364037849921,93.43044317001538,negative_sample,Manipur,,none,none,0
negative_manipur_01064,24.650894533551877,93.51669769341677,negative_sample,Manipur,,none,none,0
negative_manipur_01065,24.538046004714104,94.1001080241594,negative_sample,Manipur,,none,none,0
negative_manipur_01066,24.655287801283226,93.47830201752278,negative_sample,Manipur,,none,none,0
negative_manipur_01067,25.03146177400554,94.29410522650363,negative_sample,Manipur,,none,none,0
negative_manipur_01068,25.141915818957425,93.15730328661242,negative_sample,Manipur,,none,none,0
negative_manipur_01069,24.37982132768407,94.12362512588945,negative_sample,Manipur,,none,none,0
negative_manipur_01070,24.95022742855624,93.94449956735343,negative_sample,Manipur,,none,none,0
negative_manipur_01071,24.765840815137963,93.72759431609788,negative_sample,Manipur,,none,none,0
negative_manipur_01072,24.254520774977653,93.82565416831068,negative_sample,Manipur,,none,none,0
negative_manipur_01073,25.058944678148382,93.06224160846818,negative_sample,Manipur,,none,none,0
negative_manipur_01074,24.42462643451553,93.52330308331933,negative_sample,Manipur,,none,none,0
negative_manipur_01075,24.20441567156516,93.24865609685997,negative_sample,Manipur,,none,none,0
negative_manipur_01076,25.088844421648076,93.7785367202285,negative_sample,Manipur,,none,none,0
negative_manipur_01077,24.664393777968172,93.15187381973821,negative_sample,Manipur,,none,none,0
negative_manipur_01078,24.303594583498423,93.61397155445212,negative_sample,Manipur,,none,none,0
negative_manipur_01079,24.188921528328397,93.83725635351367,negative_sample,Manipur,,none,none,0
negative_manipur_01080,24.135706667463072,93.73469591432837,negative_sample,Manipur,,none,none,0
negative_manipur_01081,24.460140624670615,93.68980180688682,negative_sample,Manipur,,none,none,0
negative_manipur_01082,24.752107866180722,94.47317184891058,negative_sample,Manipur,,none,none,0
negative_manipur_01083,24.319431328103274,94.30730625211909,negative_sample,Manipur,,none,none,0
negative_manipur_01084,24.07293408129124,93.44228627175664,negative_sample,Manipur,,none,none,0
negative_manipur_01085,25.044775394122464,93.56963306775388,negative_sample,Manipur,,none,none,0
negative_manipur_01086,24.876498916150222,94.34378296312963,negative_sample,Manipur,,none,none,0
negative_manipur_01087,24.240216341462137,93.97639517375401,negative_sample,Manipur,,none,none,0
negative_manipur_01088,25.52744827159676,94.52812245597657,negative_sample,Manipur,,none,none,0
negative_manipur_01089,24.569893583725456,93.9322269355789,negative_sample,Manipur,,none,none,0
negative_manipur_01090,24.534498011404814,93.58566530437436,negative_sample,Manipur,,none,none,0
negative_manipur_01091,25.455831991108653,94.48201252982942,negative_sample,Manipur,,none,none,0
negative_manipur_01092,25.32254584303714,93.62997888749669,negative_sample,Manipur,,none,none,0
negative_manipur_01093,24.312291460726474,93.64487080631788,negative_sample,Manipur,,none,none,0
negative_manipur_01094,23.99226680841319,93.89042665120138,negative_sample,Manipur,,none,none,0
negative_manipur_01095,25.024666422343643,93.17908441200987,negative_sample,Manipur,,none,none,0
negative_manipur_01096,24.86800834710895,94.34464155344828,negative_sample,Manipur,,none,none,0
negative_manipur_01097,25.470158408173212,94.12405034110122,negative_sample,Manipur,,none,none,0
negative_manipur_01098,25.57248426589453,94.47292876507377,negative_sample,Manipur,,none,none,0
negative_manipur_01099,25.004949009127973,94.28133327562918,negative_sample,Manipur,,none,none,0
negative_manipur_01100,24.767889822187087,93.16843334115256,negative_sample,Manipur,,none,none,0
negative_manipur_01101,24.214942148485218,93.75646521430559,negative_sample,Manipur,,none,none,0
negative_manipur_01102,24.095490655180964,94.12931917918745,negative_sample,Manipur,,none,none,0
negative_manipur_01103,25.111442465214353,93.43730410392207,negative_sample,Manipur,,none,none,0
negative_manipur_01104,25.10664377260149,93.77503397580965,negative_sample,Manipur,,none,none,0
negative_manipur_01105,24.932836359219646,93.69573301747435,negative_sample,Manipur,,none,none,0
negative_manipur_01106,24.56967964457329,93.21754133961053,negative_sample,Manipur,,none,none,0
negative_manipur_01107,24.251709249679095,93.89757905468014,negative_sample,Manipur,,none,none,0
negative_manipur_01108,24.897993389930416,94.35931080370466,negative_sample,Manipur,,none,none,0
negative_manipur_01109,24.718634176613058,93.73369464085141,negative_sample,Manipur,,none,none,0
negative_manipur_01110,24.57056449295387,94.1733568772558,negative_sample,Manipur,,none,none,0
negative_manipur_01111,24.501640717697107,93.58201473168842,negative_sample,Manipur,,none,none,0
negative_manipur_01112,25.118627031216153,93.06920728743144,negative_sample,Manipur,,none,none,0
negative_manipur_01113,25.43260911756078,94.40844186319771,negative_sample,Manipur,,none,none,0
negative_manipur_01114,24.68964688783741,94.42285593691425,negative_sample,Manipur,,none,none,0
negative_manipur_01115,24.99438962513398,93.31614200072197,negative_sample,Manipur,,none,none,0
negative_manipur_01116,25.140305509662195,94.55991527667004,negative_sample,Manipur,,none,none,0
negative_manipur_01117,25.077696733936182,93.70706109081071,negative_sample,Manipur,,none,none,0
negative_manipur_01118,25.45500005656848,94.22206653781704,negative_sample,Manipur,,none,none,0
negative_manipur_01119,24.659206581970434,94.20477756947429,negative_sample,Manipur,,none,none,0
negative_manipur_01120,24.768391265045345,93.29674338521127,negative_sample,Manipur,,none,none,0
negative_manipur_01121,24.722836471550195,93.73138853292073,negative_sample,Manipur,,none,none,0
negative_manipur_01122,24.9968179422957,93.43507818815219,negative_sample,Manipur,,none,none,0
negative_manipur_01123,24.16127502510134,93.7538023018432,negative_sample,Manipur,,none,none,0
negative_manipur_01124,24.537765038400863,94.40135149804433,negative_sample,Manipur,,none,none,0
negative_manipur_01125,24.28671193515791,93.59157428198469,negative_sample,Manipur,,none,none,0
negative_manipur_01126,25.099383486556203,93.81564784983021,negative_sample,Manipur,,none,none,0
negative_manipur_01127,25.10226929270347,94.59446109304756,negative_sample,Manipur,,none,none,0
negative_manipur_01128,24.284759934666216,93.31657318309644,negative_sample,Manipur,,none,none,0
negative_manipur_01129,24.70771687686307,93.32972512911094,negative_sample,Manipur,,none,none,0
negative_manipur_01130,25.377595645192834,94.09817885277818,negative_sample,Manipur,,none,none,0
negative_manipur_01131,25.182967783290263,94.0107026633987,negative_sample,Manipur,,none,none,0
negative_manipur_01132,24.974902637019643,93.04274611022632,negative_sample,Manipur,,none,none,0
negative_manipur_01133,24.168315318245348,93.38067678568696,negative_sample,Manipur,,none,none,0
negative_manipur_01134,25.192587844451428,93.90415523519974,negative_sample,Manipur,,none,none,0
negative_manipur_01135,25.282129818128567,93.8220812328721,negative_sample,Manipur,,none,none,0
negative_manipur_01136,24.290011152131395,93.0880635822574,negative_sample,Manipur,,none,none,0
negative_manipur_01137,25.135708217702806,93.15036862181714,negative_sample,Manipur,,none,none,0
negative_manipur_01138,24.29680902526603,93.99313180898676,negative_sample,Manipur,,none,none,0
negative_manipur_01139,24.20782622860092,93.78020193988198,negative_sample,Manipur,,none,none,0
negative_manipur_01140,24.282168359702567,93.62346617750164,negative_sample,Manipur,,none,none,0
negative_manipur_01141,25.08112596065363,94.41771186941725,negative_sample,Manipur,,none,none,0
negative_manipur_01142,25.231671167960393,94.03093465186176,negative_sample,Manipur,,none,none,0
negative_manipur_01143,24.596676109125216,93.00157511669825,negative_sample,Manipur,,none,none,0
negative_manipur_01144,24.173410887137205,93.65486874612435,negative_sample,Manipur,,none,none,0
negative_manipur_01145,24.673011577148,93.55183872107999,negative_sample,Manipur,,none,none,0
negative_manipur_01146,24.58609871439711,93.90049202876344,negative_sample,Manipur,,none,none,0
negative_manipur_01147,24.464394698922135,93.72942513153939,negative_sample,Manipur,,none,none,0
negative_manipur_01148,24.891397375604708,94.37376087459837,negative_sample,Manipur,,none,none,0
negative_manipur_01149,25.44127425538602,93.7071487263324,negative_sample,Manipur,,none,none,0
negative_manipur_01150,25.28069487258566,94.34343552814188,negative_sample,Manipur,,none,none,0
negative_manipur_01151,24.717247042814442,94.06916990642445,negative_sample,Manipur,,none,none,0
negative_manipur_01152,25.195276085595356,94.05733043457688,negative_sample,Manipur,,none,none,0
negative_manipur_01153,24.416021149595668,93.33700138385665,negative_sample,Manipur,,none,none,0
negative_manipur_01154,24.397846729626174,93.69961113109808,negative_sample,Manipur,,none,none,0
negative_manipur_01155,25.172524684082532,94.0268824918524,negative_sample,Manipur,,none,none,0
negative_manipur_01156,25.117092197052727,93.73597261997435,negative_sample,Manipur,,none,none,0
negative_manipur_01157,25.1596116695102,93.20653836204443,negative_sample,Manipur,,none,none,0
negative_manipur_01158,24.386478865409703,94.11558616514361,negative_sample,Manipur,,none,none,0
negative_manipur_01159,25.350290603293935,93.82041935969302,negative_sample,Manipur,,none,none,0
negative_manipur_01160,25.154924022995306,93.25207719630156,negative_sample,Manipur,,none,none,0
negative_manipur_01161,24.94410228421619,93.53397316053966,negative_sample,Manipur,,none,none,0
negative_manipur_01162,24.64355158549814,94.25503519291637,negative_sample,Manipur,,none,none,0
negative_manipur_01163,24.519198218437182,93.2470516550898,negative_sample,Manipur,,none,none,0
negative_manipur_01164,25.153198126179188,94.40003784383342,negative_sample,Manipur,,none,none,0
negative_manipur_01165,25.028992004167357,93.26139580445044,negative_sample,Manipur,,none,none,0
negative_manipur_01166,25.038382583427722,93.27337453944638,negative_sample,Manipur,,none,none,0
negative_manipur_01167,24.722805834479303,93.60900522006457,negative_sample,Manipur,,none,none,0
negative_manipur_01168,25.386555323271196,93.86361117933772,negative_sample,Manipur,,none,none,0
negative_manipur_01169,24.891951686571378,93.88122735415938,negative_sample,Manipur,,none,none,0
negative_manipur_01170,25.181326907071263,93.12197212282341,negative_sample,Manipur,,none,none,0
negative_manipur_01171,24.718561478678055,93.06658300887013,negative_sample,Manipur,,none,none,0
negative_manipur_01172,25.01619374854514,94.1462318645861,negative_sample,Manipur,,none,none,0
negative_manipur_01173,24.4476346167131,93.17989862960721,negative_sample,Manipur,,none,none,0
negative_manipur_01174,24.086876228117845,93.7405794869499,negative_sample,Manipur,,none,none,0
negative_manipur_01175,24.032949885463037,94.09613964359305,negative_sample,Manipur,,none,none,0
negative_manipur_01176,24.230999786550573,93.62144887516753,negative_sample,Manipur,,none,none,0
negative_manipur_01177,24.911125882772257,93.01732438920993,negative_sample,Manipur,,none,none,0
negative_manipur_01178,24.866011967517405,92.8552041412758,negative_sample,Manipur,,none,none,0
negative_manipur_01179,24.408371070081422,94.12763651508192,negative_sample,Manipur,,none,none,0
negative_manipur_01180,24.573736531226686,93.08591331115511,negative_sample,Manipur,,none,none,0
negative_manipur_01181,24.527486184622898,93.6285366011174,negative_sample,Manipur,,none,none,0
negative_manipur_01182,24.77139424759293,93.85620718581788,negative_sample,Manipur,,none,none,0
negative_manipur_01183,25.420739073445432,93.93282102642476,negative_sample,Manipur,,none,none,0
negative_manipur_01184,24.942770524220954,93.98587833451072,negative_sample,Manipur,,none,none,0
negative_manipur_01185,24.97284489446527,93.5925809226162,negative_sample,Manipur,,none,none,0
negative_manipur_01186,25.19034353102056,93.61195898708246,negative_sample,Manipur,,none,none,0
negative_manipur_01187,24.935181613498877,94.31145479686163,negative_sample,Manipur,,none,none,0
negative_manipur_01188,24.24149532754681,94.17902859839587,negative_sample,Manipur,,none,none,0
negative_manipur_01189,24.371251642100912,93.67770242111897,negative_sample,Manipur,,none,none,0
negative_manipur_01190,25.084518224881883,93.26066337506839,negative_sample,Manipur,,none,none,0
negative_manipur_01191,25.26521975563364,93.59569643941714,negative_sample,Manipur,,none,none,0
negative_manipur_01192,24.387750589180115,93.24258232846482,negative_sample,Manipur,,none,none,0
negative_manipur_01193,24.59512061152416,92.96243088070183,negative_sample,Manipur,,none,none,0
negative_manipur_01194,24.1228929954652,94.14717958752503,negative_sample,Manipur,,none,none,0
negative_manipur_01195,24.3701252379482,94.1157363530659,negative_sample,Manipur,,none,none,0
negative_manipur_01196,24.132734443130254,93.73423120807456,negative_sample,Manipur,,none,none,0
negative_manipur_01197,25.34429501573692,93.55327194280929,negative_sample,Manipur,,none,none,0
negative_manipur_01198,24.397503486565046,94.28876128716611,negative_sample,Manipur,,none,none,0
negative_manipur_01199,24.904493466229432,93.97962322369501,negative_sample,Manipur,,none,none,0
negative_manipur_01200,25.0959308963982,93.16317992274044,negative_sample,Manipur,,none,none,0
negative_manipur_01201,24.89859817538779,94.42293678450659,negative_sample,Manipur,,none,none,0
negative_manipur_01202,24.38043503146718,94.25902700224302,negative_sample,Manipur,,none,none,0
negative_manipur_01203,25.10002936773421,93.01566106990076,negative_sample,Manipur,,none,none,0
negative_manipur_01204,24.582002520235495,94.26165276875568,negative_sample,Manipur,,none,none,0
negative_manipur_01205,24.50505292431631,93.1715338196195,negative_sample,Manipur,,none,none,0
negative_manipur_01206,24.11364286765117,93.95443350933354,negative_sample,Manipur,,none,none,0
negative_manipur_01207,24.809669446931863,94.03088013624792,negative_sample,Manipur,,none,none,0
negative_manipur_01208,24.567077447936974,93.7554133179004,negative_sample,Manipur,,none,none,0
negative_arunachal_pradesh_01209,27.681450547175366,95.59524006935708,negative_sample,Arunachal Pradesh,,none,none,0
negative_arunachal_pradesh_01210,27.798994972239214,95.68287865461745,negative_sample,Arunachal Pradesh,,none,none,0
negative_arunachal_pradesh_01211,27.450802073422206,93.56761883584146,negative_sample,Arunachal Pradesh,,none,none,0
negative_arunachal_pradesh_01212,27.705640251196566,94.25472322354075,negative_sample,Arunachal Pradesh,,none,none,0
negative_arunachal_pradesh_01213,27.042096746172028,95.08901992549654,negative_sample,Arunachal Pradesh,,none,none,0
negative_arunachal_pradesh_01214,28.573020469342893,94.65862216888284,negative_sample,Arunachal Pradesh,,none,none,0
negative_arunachal_pradesh_01215,27.522369491103195,92.86937920173258,negative_sample,Arunachal Pradesh,,none,none,0
negative_arunachal_pradesh_01216,27.79563551755464,94.48585146509323,negative_sample,Arunachal Pradesh,,none,none,0
negative_arunachal_pradesh_01217,28.558909848500075,96.09828405426866,negative_sample,Arunachal Pradesh,,none,none,0
negative_arunachal_pradesh_01218,27.3589397448329,93.9954940193283,negative_sample,Arunachal Pradesh,,none,none,0
negative_arunachal_pradesh_01219,27.010828973426,93.44906856229764,negative_sample,Arunachal Pradesh,,none,none,0
negative_arunachal_pradesh_01220,27.97646653877738,95.27579367350036,negative_sample,Arunachal Pradesh,,none,none,0
negative_arunachal_pradesh_01221,27.837223832015827,94.00626464843023,negative_sample,Arunachal Pradesh,,none,none,0
negative_arunachal_pradesh_01222,27.08697338677281,94.71740147163479,negative_sample,Arunachal Pradesh,,none,none,0
negative_arunachal_pradesh_01223,28.140551316383778,93.29703075365336,negative_sample,Arunachal Pradesh,,none,none,0
negative_arunachal_pradesh_01224,28.605734733651563,94.81766891982956,negative_sample,Arunachal Pradesh,,none,none,0
negative_arunachal_pradesh_01225,28.60886559971943,95.36308676237542,negative_sample,Arunachal Pradesh,,none,none,0
negative_arunachal_pradesh_01226,27.737651330473316,94.81015561259647,negative_sample,Arunachal Pradesh,,none,none,0
negative_arunachal_pradesh_01227,27.58077501494068,93.69325885384141,negative_sample,Arunachal Pradesh,,none,none,0
negative_arunachal_pradesh_01228,27.024525066080002,93.81296068943097,negative_sample,Arunachal Pradesh,,none,none,0
negative_arunachal_pradesh_01229,27.603974636344766,93.83979376495918,negative_sample,Arunachal Pradesh,,none,none,0
negative_arunachal_pradesh_01230,28.023857980859226,95.42100451684945,negative_sample,Arunachal Pradesh,,none,none,0
negative_arunachal_pradesh_01231,27.94532219197771,95.68262270895913,negative_sample,Arunachal Pradesh,,none,none,0
negative_arunachal_pradesh_01232,28.50972150369183,95.91365195691431,negative_sample,Arunachal Pradesh,,none,none,0
negative_arunachal_pradesh_01233,27.47578087757649,95.61678009240094,negative_sample,Arunachal Pradesh,,none,none,0
negative_arunachal_pradesh_01234,27.543114316237382,94.6816862249566,negative_sample,Arunachal Pradesh,,none,none,0
negative_arunachal_pradesh_01235,28.277738167689627,93.99169541105081,negative_sample,Arunachal Pradesh,,none,none,0
negative_arunachal_pradesh_01236,28.763454904995815,95.54388460175792,negative_sample,Arunachal Pradesh,,none,none,0
negative_arunachal_pradesh_01237,26.91799475091863,93.90911866549142,negative_sample,Arunachal Pradesh,,none,none,0
negative_arunachal_pradesh_01238,28.70819828841068,95.64675659076494,negative_sample,Arunachal Pradesh,,none,none,0
negative_arunachal_pradesh_01239,28.24647879796627,96.1826239461369,negative_sample,Arunachal Pradesh,,none,none,0
negative_arunachal_pradesh_01240,28.16851731347266,93.32529045972142,negative_sample,Arunachal Pradesh,,none,none,0
negative_arunachal_pradesh_01241,27.796396698900324,95.8075044678788,negative_sample,Arunachal Pradesh,,none,none,0
negative_arunachal_pradesh_01242,27.609464885677536,95.74810373949437,negative_sample,Arunachal Pradesh,,none,none,0
negative_arunachal_pradesh_01243,28.03509133425822,93.47599709946307,negative_sample,Arunachal Pradesh,,none,none,0
negative_arunachal_pradesh_01244,27.59445684269015,94.28545193332957,negative_sample,Arunachal Pradesh,,none,none,0
negative_arunachal_pradesh_01245,27.95702076059121,93.6998499768651,negative_sample,Arunachal Pradesh,,none,none,0
negative_arunachal_pradesh_01246,27.592167779541114,93.63104391917201,negative_sample,Arunachal Pradesh,,none,none,0
negative_arunachal_pradesh_01247,26.872025800461635,94.77041886133524,negative_sample,Arunachal Pradesh,,none,none,0
negative_arunachal_pradesh_01248,27.861310563998803,94.95547684479054,negative_sample,Arunachal Pradesh,,none,none,0
negative_arunachal_pradesh_01249,28.338618844272055,93.97994447055532,negative_sample,Arunachal Pradesh,,none,none,0
negative_arunachal_pradesh_01250,28.62152761064262,95.45161541805207,negative_sample,Arunachal Pradesh,,none,none,0
negative_arunachal_pradesh_01251,27.464963189117483,93.60279074308373,negative_sample,Arunachal Pradesh,,none,none,0
negative_arunachal_pradesh_01252,27.973911720349175,94.8419137917662,negative_sample,Arunachal Pradesh,,none,none,0
negative_arunachal_pradesh_01253,27.159804178707386,95.52122486523784,negative_sample,Arunachal Pradesh,,none,none,0
negative_arunachal_pradesh_01254,27.088660153854047,94.4750471622553,negative_sample,Arunachal Pradesh,,none,none,0
negative_arunachal_pradesh_01255,28.215529601721073,93.7592433703303,negative_sample,Arunachal Pradesh,,none,none,0
negative_arunachal_pradesh_01256,27.582026352021916,94.17302462091894,negative_sample,Arunachal Pradesh,,none,none,0
negative_arunachal_pradesh_01257,28.45795155078599,96.06257056122537,negative_sample,Arunachal Pradesh,,none,none,0
negative_arunachal_pradesh_01258,27.373089884839082,92.60537793892733,negative_sample,Arunachal Pradesh,,none,none,0
negative_arunachal_pradesh_01259,26.972204668441798,93.42575639211329,negative_sample,Arunachal Pradesh,,none,none,0
negative_arunachal_pradesh_01260,27.164747526165428,94.21513195198555,negative_sample,Arunachal Pradesh,,none,none,0
negative_arunachal_pradesh_01261,27.1599188300253,94.85340994969931,negative_sample,Arunachal Pradesh,,none,none,0
negative_arunachal_pradesh_01262,28.82242504800401,94.96938879927436,negative_sample,Arunachal Pradesh,,none,none,0
negative_arunachal_pradesh_01263,27.980162012137672,94.56501208565861,negative_sample,Arunachal Pradesh,,none,none,0
negative_arunachal_pradesh_01264,28.39528213287367,94.7848710360057,negative_sample,Arunachal Pradesh,,none,none,0
negative_arunachal_pradesh_01265,28.113975246416278,94.17712049176058,negative_sample,Arunachal Pradesh,,none,none,0
negative_arunachal_pradesh_01266,27.098070925763356,93.72774953079121,negative_sample,Arunachal Pradesh,,none,none,0
negative_arunachal_pradesh_01267,27.492168484865374,95.28080092200125,negative_sample,Arunachal Pradesh,,none,none,0
negative_arunachal_pradesh_01268,26.914169398470165,94.69445525291228,negative_sample,Arunachal Pradesh,,none,none,0
negative_arunachal_pradesh_01269,27.666556700128357,92.86451656025778,negative_sample,Arunachal Pradesh,,none,none,0
negative_arunachal_pradesh_01270,27.644795224845062,95.21523174095093,negative_sample,Arunachal Pradesh,,none,none,0
negative_arunachal_pradesh_01271,27.486991183987968,92.46831641913218,negative_sample,Arunachal Pradesh,,none,none,0
negative_arunachal_pradesh_01272,27.467280955175323,92.92087631279155,negative_sample,Arunachal Pradesh,,none,none,0
negative_arunachal_pradesh_01273,27.45988217639835,92.20656801419005,negative_sample,Arunachal Pradesh,,none,none,0
negative_arunachal_pradesh_01274,27.52616339651073,94.34360173534235,negative_sample,Arunachal Pradesh,,none,none,0
negative_arunachal_pradesh_01275,27.991633395678107,94.92276145865901,negative_sample,Arunachal Pradesh,,none,none,0
negative_arunachal_pradesh_01276,28.00005111217701,95.07896247014371,negative_sample,Arunachal Pradesh,,none,none,0
negative_arunachal_pradesh_01277,27.516426784044647,93.90703088073698,negative_sample,Arunachal Pradesh,,none,none,0
negative_arunachal_pradesh_01278,27.85038586078446,92.88743179776988,negative_sample,Arunachal Pradesh,,none,none,0
negative_arunachal_pradesh_01279,26.978656118730967,95.06404482086725,negative_sample,Arunachal Pradesh,,none,none,0
negative_arunachal_pradesh_01280,27.325276248800392,93.84767445690787,negative_sample,Arunachal Pradesh,,none,none,0
negative_arunachal_pradesh_01281,28.135783460575887,94.73011331362163,negative_sample,Arunachal Pradesh,,none,none,0
negative_arunachal_pradesh_01282,27.45324864427267,94.79631855618865,negative_sample,Arunachal Pradesh,,none,none,0
negative_arunachal_pradesh_01283,27.91059572265077,93.53167335527549,negative_sample,Arunachal Pradesh,,none,none,0
negative_arunachal_pradesh_01284,27.44298232315428,95.15040484911874,negative_sample,Arunachal Pradesh,,none,none,0
negative_arunachal_pradesh_01285,28.53730297960619,95.38941724726209,negative_sample,Arunachal Pradesh,,none,none,0
negative_arunachal_pradesh_01286,28.079186595373997,95.39778546607009,negative_sample,Arunachal Pradesh,,none,none,0
negative_arunachal_pradesh_01287,28.384551724276314,95.00971821725234,negative_sample,Arunachal Pradesh,,none,none,0
negative_arunachal_pradesh_01288,28.709478462602718,95.41051453928299,negative_sample,Arunachal Pradesh,,none,none,0
negative_arunachal_pradesh_01289,28.19211318592572,93.47993144358415,negative_sample,Arunachal Pradesh,,none,none,0
negative_arunachal_pradesh_01290,28.06088584496101,93.14709592175288,negative_sample,Arunachal Pradesh,,none,none,0
negative_arunachal_pradesh_01291,28.498437009414193,95.41747596184175,negative_sample,Arunachal Pradesh,,none,none,0
negative_arunachal_pradesh_01292,27.869659209978796,93.82130869365211,negative_sample,Arunachal Pradesh,,none,none,0
negative_arunachal_pradesh_01293,27.11301677155356,93.40533373441401,negative_sample,Arunachal Pradesh,,none,none,0
negative_arunachal_pradesh_01294,28.288761066615994,94.56275620802248,negative_sample,Arunachal Pradesh,,none,none,0
negative_arunachal_pradesh_01295,28.310765402477795,94.9005261187351,negative_sample,Arunachal Pradesh,,none,none,0
negative_arunachal_pradesh_01296,27.991612667784217,96.16178320497252,negative_sample,Arunachal Pradesh,,none,none,0
negative_arunachal_pradesh_01297,27.83703629306953,95.21036197842047,negative_sample,Arunachal Pradesh,,none,none,0
negative_arunachal_pradesh_01298,28.065366998555046,94.44052435524047,negative_sample,Arunachal Pradesh,,none,none,0
negative_arunachal_pradesh_01299,28.327584797666038,95.28420791340488,negative_sample,Arunachal Pradesh,,none,none,0
negative_arunachal_pradesh_01300,28.71975354510482,95.24455231031297,negative_sample,Arunachal Pradesh,,none,none,0
negative_arunachal_pradesh_01301,27.799493693196727,95.25234567976035,negative_sample,Arunachal Pradesh,,none,none,0
negative_arunachal_pradesh_01302,27.961692925539445,93.18527249946985,negative_sample,Arunachal Pradesh,,none,none,0
negative_arunachal_pradesh_01303,27.127875569174066,93.51595175287734,negative_sample,Arunachal Pradesh,,none,none,0
negative_arunachal_pradesh_01304,27.61855953737386,94.57474176709053,negative_sample,Arunachal Pradesh,,none,none,0
negative_arunachal_pradesh_01305,27.122284778504575,94.38890722836365,negative_sample,Arunachal Pradesh,,none,none,0
negative_arunachal_pradesh_01306,28.00027644067782,94.67719438440326,negative_sample,Arunachal Pradesh,,none,none,0
negative_arunachal_pradesh_01307,27.54188340302517,95.52565873424749,negative_sample,Arunachal Pradesh,,none,none,0
negative_arunachal_pradesh_01308,28.30723225486564,95.58555982625579,negative_sample,Arunachal Pradesh,,none,none,0
negative_arunachal_pradesh_01309,28.138022116763533,93.32339313318961,negative_sample,Arunachal Pradesh,,none,none,0
negative_arunachal_pradesh_01310,26.85798513561099,94.67771470353027,negative_sample,Arunachal Pradesh,,none,none,0
negative_arunachal_pradesh_01311,27.31040834795225,92.41254514101524,negative_sample,Arunachal Pradesh,,none,none,0
negative_arunachal_pradesh_01312,27.89173909800799,96.16857274796847,negative_sample,Arunachal Pradesh,,none,none,0
negative_arunachal_pradesh_01313,28.603821044701284,95.63789945665563,negative_sample,Arunachal Pradesh,,none,none,0
negative_arunachal_pradesh_01314,27.608296450795578,95.33921284871626,negative_sample,Arunachal Pradesh,,none,none,0
negative_arunachal_pradesh_01315,28.389398405024817,95.96078534459217,negative_sample,Arunachal Pradesh,,none,none,0
negative_arunachal_pradesh_01316,28.744737798018033,95.37878954740633,negative_sample,Arunachal Pradesh,,none,none,0
negative_arunachal_pradesh_01317,27.913884256996447,94.68213790572416,negative_sample,Arunachal Pradesh,,none,none,0
negative_arunachal_pradesh_01318,27.748798954868466,96.08760657470545,negative_sample,Arunachal Pradesh,,none,none,0
negative_arunachal_pradesh_01319,27.811707551531775,93.42183838135215,negative_sample,Arunachal Pradesh,,none,none,0
negative_arunachal_pradesh_01320,27.295727349532562,94.68714325384323,negative_sample,Arunachal Pradesh,,none,none,0
negative_arunachal_pradesh_01321,28.74054660747589,94.74699199505372,negative_sample,Arunachal Pradesh,,none,none,0
negative_arunachal_pradesh_01322,27.01244527839582,92.80780137295763,negative_sample,Arunachal Pradesh,,none,none,0
negative_arunachal_pradesh_01323,27.176188530722275,94.97872089225872,negative_sample,Arunachal Pradesh,,none,none,0
negative_arunachal_pradesh_01324,27.462187399879383,93.63709953718997,negative_sample,Arunachal Pradesh,,none,none,0
negative_arunachal_pradesh_01325,27.38622230686272,94.25469622257373,negative_sample,Arunachal Pradesh,,none,none,0
negative_arunachal_pradesh_01326,27.69290933191339,93.57549882499787,negative_sample,Arunachal Pradesh,,none,none,0
negative_arunachal_pradesh_01327,27.589228473382196,92.39866868856629,negative_sample,Arunachal Pradesh,,none,none,0
negative_arunachal_pradesh_01328,27.642270158657308,94.61154351634748,negative_sample,Arunachal Pradesh,,none,none,0
negative_arunachal_pradesh_01329,28.846777743978567,95.26564687902662,negative_sample,Arunachal Pradesh,,none,none,0
negative_arunachal_pradesh_01330,28.313110537349367,93.85453337499902,negative_sample,Arunachal Pradesh,,none,none,0
negative_arunachal_pradesh_01331,27.219958469821993,95.00362841994932,negative_sample,Arunachal Pradesh,,none,none,0
negative_arunachal_pradesh_01332,27.916679987348175,93.25939912062937,negative_sample,Arunachal Pradesh,,none,none,0
negative_arunachal_pradesh_01333,27.76517324788884,95.63676919673343,negative_sample,Arunachal Pradesh,,none,none,0
negative_arunachal_pradesh_01334,28.605116925323046,95.69650286059337,negative_sample,Arunachal Pradesh,,none,none,0
negative_arunachal_pradesh_01335,27.200188690046634,95.62838102522733,negative_sample,Arunachal Pradesh,,none,none,0
negative_arunachal_pradesh_01336,28.422142639736325,94.8456785842587,negative_sample,Arunachal Pradesh,,none,none,0
negative_arunachal_pradesh_01337,27.341399147233226,95.39100896033395,negative_sample,Arunachal Pradesh,,none,none,0
negative_arunachal_pradesh_01338,27.46738066543982,92.66894075049035,negative_sample,Arunachal Pradesh,,none,none,0
negative_arunachal_pradesh_01339,28.014580876276867,94.1092497590292,negative_sample,Arunachal Pradesh,,none,none,0
negative_arunachal_pradesh_01340,28.449506051869754,95.83104291092907,negative_sample,Arunachal Pradesh,,none,none,0
negative_arunachal_pradesh_01341,27.323409765137068,95.05574328251161,negative_sample,Arunachal Pradesh,,none,none,0
negative_arunachal_pradesh_01342,27.483670055261292,94.1046019032248,negative_sample,Arunachal Pradesh,,none,none,0
negative_arunachal_pradesh_01343,27.30698642517164,93.432392680346,negative_sample,Arunachal Pradesh,,none,none,0
negative_arunachal_pradesh_01344,26.875266570289266,94.55310850751704,negative_sample,Arunachal Pradesh,,none,none,0
negative_arunachal_pradesh_01345,28.002126559816027,94.88827925496962,negative_sample,Arunachal Pradesh,,none,none,0
negative_arunachal_pradesh_01346,27.06467634912417,93.42283668085403,negative_sample,Arunachal Pradesh,,none,none,0
negative_arunachal_pradesh_01347,28.03821833263366,96.4142996320911,negative_sample,Arunachal Pradesh,,none,none,0
negative_arunachal_pradesh_01348,27.92006403442017,95.07002867919455,negative_sample,Arunachal Pradesh,,none,none,0
negative_arunachal_pradesh_01349,28.733167596567945,95.68438618419113,negative_sample,Arunachal Pradesh,,none,none,0
negative_arunachal_pradesh_01350,28.273514482740563,93.64091654016684,negative_sample,Arunachal Pradesh,,none,none,0
negative_arunachal_pradesh_01351,27.758560836895725,93.32470742542782,negative_sample,Arunachal Pradesh,,none,none,0
negative_arunachal_pradesh_01352,27.414975326619697,95.90003241988047,negative_sample,Arunachal Pradesh,,none,none,0
negative_arunachal_pradesh_01353,28.219078758895378,93.96795899198001,negative_sample,Arunachal Pradesh,,none,none,0
negative_arunachal_pradesh_01354,27.677271222757113,92.42472192468635,negative_sample,Arunachal Pradesh,,none,none,0
negative_arunachal_pradesh_01355,27.254897042382545,92.45124913356388,negative_sample,Arunachal Pradesh,,none,none,0
negative_arunachal_pradesh_01356,27.08447822131677,95.22558459391666,negative_sample,Arunachal Pradesh,,none,none,0
negative_arunachal_pradesh_01357,28.324424679654086,93.83044431327487,negative_sample,Arunachal Pradesh,,none,none,0
negative_arunachal_pradesh_01358,26.947836876679354,95.48639112489695,negative_sample,Arunachal Pradesh,,none,none,0
negative_arunachal_pradesh_01359,28.349131061043988,95.9035838707282,negative_sample,Arunachal Pradesh,,none,none,0
negative_arunachal_pradesh_01360,28.074969198135165,95.30717754521729,negative_sample,Arunachal Pradesh,,none,none,0
negative_arunachal_pradesh_01361,28.373034674488938,94.48839814719975,negative_sample,Arunachal Pradesh,,none,none,0
negative_arunachal_pradesh_01362,28.394352262583286,95.69491939305911,negative_sample,Arunachal Pradesh,,none,none,0
negative_arunachal_pradesh_01363,28.862684583484555,95.92196732657413,negative_sample,Arunachal Pradesh,,none,none,0
negative_arunachal_pradesh_01364,27.10504968547376,92.72662454643647,negative_sample,Arunachal Pradesh,,none,none,0
negative_arunachal_pradesh_01365,27.73729025962906,94.62277706773901,negative_sample,Arunachal Pradesh,,none,none,0
negative_arunachal_pradesh_01366,28.514122210639126,94.54742087836362,negative_sample,Arunachal Pradesh,,none,none,0
negative_arunachal_pradesh_01367,27.666279576471535,96.28794999984703,negative_sample,Arunachal Pradesh,,none,none,0
negative_arunachal_pradesh_01368,27.17485822292486,95.25719660914149,negative_sample,Arunachal Pradesh,,none,none,0
negative_arunachal_pradesh_01369,27.951221509337458,94.22451343444357,negative_sample,Arunachal Pradesh,,none,none,0
negative_arunachal_pradesh_01370,28.183210875338172,95.34163439536194,negative_sample,Arunachal Pradesh,,none,none,0
negative_arunachal_pradesh_01371,27.460631769831622,96.24271776948041,negative_sample,Arunachal Pradesh,,none,none,0
negative_arunachal_pradesh_01372,27.70860293003162,93.04373462690182,negative_sample,Arunachal Pradesh,,none,none,0
negative_arunachal_pradesh_01373,27.53132007256891,95.1222296515752,negative_sample,Arunachal Pradesh,,none,none,0
negative_arunachal_pradesh_01374,27.633712040468968,92.12012863271272,negative_sample,Arunachal Pradesh,,none,none,0
negative_arunachal_pradesh_01375,27.460268350672862,93.05210504867212,negative_sample,Arunachal Pradesh,,none,none,0
negative_arunachal_pradesh_01376,27.339834885144228,94.33483157726052,negative_sample,Arunachal Pradesh,,none,none,0
negative_arunachal_pradesh_01377,27.83399180248655,94.46612903086766,negative_sample,Arunachal Pradesh,,none,none,0
negative_arunachal_pradesh_01378,28.865935400112605,95.63347869043022,negative_sample,Arunachal Pradesh,,none,none,0
negative_arunachal_pradesh_01379,27.502542066316156,93.60036926159037,negative_sample,Arunachal Pradesh,,none,none,0
negative_arunachal_pradesh_01380,27.632672986504303,94.7199500009033,negative_sample,Arunachal Pradesh,,none,none,0
negative_arunachal_pradesh_01381,28.489691297323073,94.27519321490416,negative_sample,Arunachal Pradesh,,none,none,0
negative_arunachal_pradesh_01382,28.076181953887325,94.971811056836,negative_sample,Arunachal Pradesh,,none,none,0
negative_arunachal_pradesh_01383,28.33046115794415,95.12679450672937,negative_sample,Arunachal Pradesh,,none,none,0
negative_arunachal_pradesh_01384,27.172297608779306,93.12237655805316,negative_sample,Arunachal Pradesh,,none,none,0
negative_arunachal_pradesh_01385,27.177846791886132,92.82676398746061,negative_sample,Arunachal Pradesh,,none,none,0
negative_arunachal_pradesh_01386,27.03859625230427,94.32109630908549,negative_sample,Arunachal Pradesh,,none,none,0
negative_arunachal_pradesh_01387,26.970550771025795,94.97442996655062,negative_sample,Arunachal Pradesh,,none,none,0
negative_arunachal_pradesh_01388,27.23113553098097,93.25657272335192,negative_sample,Arunachal Pradesh,,none,none,0
negative_arunachal_pradesh_01389,27.569243606920725,92.74439963939793,negative_sample,Arunachal Pradesh,,none,none,0
negative_arunachal_pradesh_01390,28.478265280712844,94.7167825658191,negative_sample,Arunachal Pradesh,,none,none,0
negative_arunachal_pradesh_01391,28.130834098335512,93.55348167001816,negative_sample,Arunachal Pradesh,,none,none,0
negative_arunachal_pradesh_01392,27.382220800193977,94.53931630940494,negative_sample,Arunachal Pradesh,,none,none,0
negative_arunachal_pradesh_01393,28.563175446426342,95.1880300322301,negative_sample,Arunachal Pradesh,,none,none,0
negative_arunachal_pradesh_01394,28.07510288727666,95.58902917271874,negative_sample,Arunachal Pradesh,,none,none,0
negative_arunachal_pradesh_01395,27.881283062220124,94.37427336860642,negative_sample,Arunachal Pradesh,,none,none,0
negative_arunachal_pradesh_01396,28.097203028554542,95.91040889314833,negative_sample,Arunachal Pradesh,,none,none,0
negative_arunachal_pradesh_01397,26.845324953704488,94.38823016105627,negative_sample,Arunachal Pradesh,,none,none,0
negative_arunachal_pradesh_01398,26.8499894765803,95.22732287526966,negative_sample,Arunachal Pradesh,,none,none,0
negative_arunachal_pradesh_01399,28.577882968945175,96.05785646823689,negative_sample,Arunachal Pradesh,,none,none,0
negative_arunachal_pradesh_01400,26.858086562820613,94.50743565194233,negative_sample,Arunachal Pradesh,,none,none,0
negative_arunachal_pradesh_01401,28.13737988700966,93.3403835614713,negative_sample,Arunachal Pradesh,,none,none,0
negative_arunachal_pradesh_01402,27.533476204039115,96.19729869219958,negative_sample,Arunachal Pradesh,,none,none,0
negative_meghalaya_01403,25.830813872162583,92.03686860374964,negative_sample,Meghalaya,,none,none,0
negative_meghalaya_01404,25.725374714371693,91.11705136851494,negative_sample,Meghalaya,,none,none,0
negative_meghalaya_01405,25.812833331048253,91.75376632332355,negative_sample,Meghalaya,,none,none,0
negative_meghalaya_01406,25.123971450850927,92.06235591389716,negative_sample,Meghalaya,,none,none,0
negative_meghalaya_01407,25.156468334929695,92.2905498958934,negative_sample,Meghalaya,,none,none,0
negative_meghalaya_01408,25.230749975360617,91.6439860403802,negative_sample,Meghalaya,,none,none,0
negative_meghalaya_01409,25.31487997628645,91.04741456211289,negative_sample,Meghalaya,,none,none,0
negative_meghalaya_01410,26.07000367250164,91.85234291179782,negative_sample,Meghalaya,,none,none,0
negative_meghalaya_01411,25.11697931132927,91.9707818782524,negative_sample,Meghalaya,,none,none,0
negative_meghalaya_01412,25.728469638443926,91.30218844206486,negative_sample,Meghalaya,,none,none,0
negative_meghalaya_01413,25.5361444495196,92.5270836902043,negative_sample,Meghalaya,,none,none,0
negative_meghalaya_01414,25.449173723038324,90.34628561190685,negative_sample,Meghalaya,,none,none,0
negative_meghalaya_01415,25.328521772831696,91.10084240451914,negative_sample,Meghalaya,,none,none,0
negative_meghalaya_01416,25.684557877423472,91.14628854770663,negative_sample,Meghalaya,,none,none,0
negative_meghalaya_01417,25.215244425887626,90.88226342036059,negative_sample,Meghalaya,,none,none,0
negative_meghalaya_01418,25.378012186166526,91.30877414471108,negative_sample,Meghalaya,,none,none,0
negative_meghalaya_01419,25.401451362003606,92.09727184701865,negative_sample,Meghalaya,,none,none,0
negative_meghalaya_01420,25.482656089187323,90.78202358323118,negative_sample,Meghalaya,,none,none,0
negative_meghalaya_01421,25.72665398533619,91.02652133733389,negative_sample,Meghalaya,,none,none,0
negative_meghalaya_01422,25.547863836335736,91.84133677094114,negative_sample,Meghalaya,,none,none,0
negative_meghalaya_01423,25.333801904895935,91.56443468482955,negative_sample,Meghalaya,,none,none,0
negative_meghalaya_01424,25.090860812642912,92.52384584465241,negative_sample,Meghalaya,,none,none,0
negative_meghalaya_01425,25.599037247530415,90.89005671257748,negative_sample,Meghalaya,,none,none,0
negative_meghalaya_01426,25.53573046867141,90.96463242754561,negative_sample,Meghalaya,,none,none,0
negative_meghalaya_01427,25.438379791754993,91.39679130060038,negative_sample,Meghalaya,,none,none,0
negative_meghalaya_01428,25.72447664698098,90.78010285931566,negative_sample,Meghalaya,,none,none,0
negative_meghalaya_01429,25.844771686091843,91.36811774024757,negative_sample,Meghalaya,,none,none,0
negative_meghalaya_01430,25.900288300560902,91.53377463685862,negative_sample,Meghalaya,,none,none,0
negative_meghalaya_01431,25.40276947857353,91.21378845541389,negative_sample,Meghalaya,,none,none,0
negative_meghalaya_01432,25.43270224511295,91.01240956630127,negative_sample,Meghalaya,,none,none,0
negative_meghalaya_01433,25.099566774645748,92.71818500863353,negative_sample,Meghalaya,,none,none,0
negative_meghalaya_01434,25.811299467321877,90.60613530026433,negative_sample,Meghalaya,,none,none,0
negative_meghalaya_01435,25.369999583690362,91.10979930442663,negative_sample,Meghalaya,,none,none,0
negative_meghalaya_01436,25.576425726917808,90.91100182806177,negative_sample,Meghalaya,,none,none,0
negative_meghalaya_01437,25.256286380564298,91.68712136267013,negative_sample,Meghalaya,,none,none,0
negative_meghalaya_01438,25.810188681335955,92.19659624980734,negative_sample,Meghalaya,,none,none,0
negative_meghalaya_01439,25.660312771400935,90.25572593741872,negative_sample,Meghalaya,,none,none,0
negative_meghalaya_01440,25.913747649186597,91.88715586871805,negative_sample,Meghalaya,,none,none,0
negative_meghalaya_01441,25.230218268741393,92.14955152053673,negative_sample,Meghalaya,,none,none,0
negative_meghalaya_01442,26.012111591573024,91.716733624153,negative_sample,Meghalaya,,none,none,0
negative_meghalaya_01443,25.716035358384072,92.39224020823099,negative_sample,Meghalaya,,none,none,0
negative_meghalaya_01444,25.174890259509034,92.05318388778144,negative_sample,Meghalaya,,none,none,0
negative_meghalaya_01445,25.410388013872684,90.23938646020082,negative_sample,Meghalaya,,none,none,0
negative_meghalaya_01446,25.19581861443393,92.04869644131244,negative_sample,Meghalaya,,none,none,0
negative_meghalaya_01447,25.422683707017455,91.84098148795309,negative_sample,Meghalaya,,none,none,0
negative_meghalaya_01448,25.364471958980165,90.67520616032097,negative_sample,Meghalaya,,none,none,0
negative_meghalaya_01449,25.88365338132962,92.09859129773601,negative_sample,Meghalaya,,none,none,0
negative_meghalaya_01450,25.721550712281374,90.30889659197882,negative_sample,Meghalaya,,none,none,0
negative_meghalaya_01451,25.636543100420464,91.37694473858042,negative_sample,Meghalaya,,none,none,0
negative_meghalaya_01452,25.22333735423543,90.5965764054358,negative_sample,Meghalaya,,none,none,0
negative_meghalaya_01453,25.663563419071938,92.2438767170894,negative_sample,Meghalaya,,none,none,0
negative_meghalaya_01454,25.519004284899733,91.00421464954947,negative_sample,Meghalaya,,none,none,0
negative_meghalaya_01455,25.58276319227758,91.10224412731289,negative_sample,Meghalaya,,none,none,0
negative_meghalaya_01456,25.322773263444777,91.37124161197937,negative_sample,Meghalaya,,none,none,0
negative_meghalaya_01457,25.998886427923555,91.43716593409681,negative_sample,Meghalaya,,none,none,0
negative_meghalaya_01458,25.84342826576206,91.57402612867543,negative_sample,Meghalaya,,none,none,0
negative_meghalaya_01459,25.86617899522218,90.8306984352176,negative_sample,Meghalaya,,none,none,0
negative_meghalaya_01460,25.562639688974237,90.94269841804848,negative_sample,Meghalaya,,none,none,0
negative_meghalaya_01461,25.8050592931168,91.43324488526417,negative_sample,Meghalaya,,none,none,0
negative_meghalaya_01462,25.50102561753754,90.52539430859194,negative_sample,Meghalaya,,none,none,0
negative_meghalaya_01463,25.808398696744174,91.5230380011211,negative_sample,Meghalaya,,none,none,0
negative_meghalaya_01464,25.648352105311478,91.7808869137215,negative_sample,Meghalaya,,none,none,0
negative_meghalaya_01465,25.607833892896366,91.72776963437965,negative_sample,Meghalaya,,none,none,0
negative_meghalaya_01466,25.404115396709155,90.15142442042583,negative_sample,Meghalaya,,none,none,0
negative_meghalaya_01467,25.209302049557344,91.3189779060827,negative_sample,Meghalaya,,none,none,0
negative_meghalaya_01468,25.27602845801968,90.52859012755796,negative_sample,Meghalaya,,none,none,0
negative_meghalaya_01469,25.846030888929054,92.24158423222262,negative_sample,Meghalaya,,none,none,0
negative_meghalaya_01470,25.215088981423897,91.08958868657555,negative_sample,Meghalaya,,none,none,0
negative_meghalaya_01471,25.9001332401896,91.45052507400703,negative_sample,Meghalaya,,none,none,0
negative_meghalaya_01472,25.315920274117328,90.35455583418867,negative_sample,Meghalaya,,none,none,0
negative_meghalaya_01473,26.06182051677662,91.85879566154672,negative_sample,Meghalaya,,none,none,0
negative_meghalaya_01474,25.355179743674505,91.57594057123369,negative_sample,Meghalaya,,none,none,0
negative_meghalaya_01475,25.266494708678128,90.84442839425805,negative_sample,Meghalaya,,none,none,0
negative_meghalaya_01476,26.002200248968705,91.95925543645075,negative_sample,Meghalaya,,none,none,0
negative_meghalaya_01477,25.3722596593746,90.84677346466896,negative_sample,Meghalaya,,none,none,0
negative_meghalaya_01478,25.342336231966733,92.6284757945833,negative_sample,Meghalaya,,none,none,0
negative_meghalaya_01479,25.497029842197584,90.32861288336449,negative_sample,Meghalaya,,none,none,0
negative_meghalaya_01480,25.411995366373198,90.19922783252389,negative_sample,Meghalaya,,none,none,0
negative_meghalaya_01481,25.06306224590523,92.59570413581524,negative_sample,Meghalaya,,none,none,0
negative_meghalaya_01482,25.4310771355043,91.58658024830495,negative_sample,Meghalaya,,none,none,0
negative_meghalaya_01483,25.49638160672108,91.77065186453741,negative_sample,Meghalaya,,none,none,0
negative_meghalaya_01484,25.96893674160672,91.76547204731692,negative_sample,Meghalaya,,none,none,0
negative_meghalaya_01485,25.77483626514912,90.84717703992602,negative_sample,Meghalaya,,none,none,0
negative_meghalaya_01486,25.638052192317556,91.46534435735542,negative_sample,Meghalaya,,none,none,0
negative_meghalaya_01487,25.102179219081098,92.23606282457723,negative_sample,Meghalaya,,none,none,0
negative_meghalaya_01488,25.815422851001394,92.20634748685212,negative_sample,Meghalaya,,none,none,0
negative_meghalaya_01489,25.47097385503373,91.91534763567527,negative_sample,Meghalaya,,none,none,0
negative_meghalaya_01490,25.885688018377405,91.148415920178,negative_sample,Meghalaya,,none,none,0
negative_meghalaya_01491,25.754952984615567,90.8312460222068,negative_sample,Meghalaya,,none,none,0
negative_meghalaya_01492,25.9232159525528,92.08423276913233,negative_sample,Meghalaya,,none,none,0
negative_meghalaya_01493,25.815060667043372,90.90688769220903,negative_sample,Meghalaya,,none,none,0
negative_meghalaya_01494,25.772999824386,91.4544934518763,negative_sample,Meghalaya,,none,none,0
negative_meghalaya_01495,25.426386464410427,91.63920623031153,negative_sample,Meghalaya,,none,none,0
negative_meghalaya_01496,25.775964801189403,90.92795605423584,negative_sample,Meghalaya,,none,none,0
negative_meghalaya_01497,25.300965755175522,91.9915939473501,negative_sample,Meghalaya,,none,none,0
negative_meghalaya_01498,25.43909249891564,90.16479915162034,negative_sample,Meghalaya,,none,none,0
negative_meghalaya_01499,25.77120210595604,90.89890614045412,negative_sample,Meghalaya,,none,none,0
negative_meghalaya_01500,25.267847349405432,92.35536896812413,negative_sample,Meghalaya,,none,none,0
negative_meghalaya_01501,25.851421046067937,92.27891923751632,negative_sample,Meghalaya,,none,none,0
negative_meghalaya_01502,25.614003043998878,90.39257755592901,negative_sample,Meghalaya,,none,none,0
negative_meghalaya_01503,25.508486958280166,90.40116122978026,negative_sample,Meghalaya,,none,none,0
negative_meghalaya_01504,25.42103340217091,92.21577931776277,negative_sample,Meghalaya,,none,none,0
negative_meghalaya_01505,25.590370940392045,91.3360376996562,negative_sample,Meghalaya,,none,none,0
negative_meghalaya_01506,25.9297241358703,91.2887858252269,negative_sample,Meghalaya,,none,none,0
negative_meghalaya_01507,25.7427203697313,91.42091609231285,negative_sample,Meghalaya,,none,none,0
negative_meghalaya_01508,25.421839747672536,91.0638209055036,negative_sample,Meghalaya,,none,none,0
negative_meghalaya_01509,25.47995521337975,90.07190235329873,negative_sample,Meghalaya,,none,none,0
negative_meghalaya_01510,25.270318434173937,91.16323078247923,negative_sample,Meghalaya,,none,none,0
negative_meghalaya_01511,25.64887768241297,90.69663402447789,negative_sample,Meghalaya,,none,none,0
negative_meghalaya_01512,25.642035845418945,90.30274503022477,negative_sample,Meghalaya,,none,none,0
negative_meghalaya_01513,25.58999037083584,90.44373919956918,negative_sample,Meghalaya,,none,none,0
negative_meghalaya_01514,25.710144920847394,91.58103486019176,negative_sample,Meghalaya,,none,none,0
negative_meghalaya_01515,25.521278150333234,90.50432106225252,negative_sample,Meghalaya,,none,none,0
negative_meghalaya_01516,25.735252473509235,91.06087793422405,negative_sample,Meghalaya,,none,none,0
negative_meghalaya_01517,25.854515255641623,91.23992203313448,negative_sample,Meghalaya,,none,none,0
negative_meghalaya_01518,25.908809775953635,91.54444714884478,negative_sample,Meghalaya,,none,none,0
negative_meghalaya_01519,25.494703691208926,92.20854731720632,negative_sample,Meghalaya,,none,none,0
negative_meghalaya_01520,25.45407517209182,90.14452645300763,negative_sample,Meghalaya,,none,none,0
negative_meghalaya_01521,25.447705913112824,92.46209377196604,negative_sample,Meghalaya,,none,none,0
negative_meghalaya_01522,25.31367716063428,90.32155124904654,negative_sample,Meghalaya,,none,none,0
negative_meghalaya_01523,25.193673747319924,91.7186213092167,negative_sample,Meghalaya,,none,none,0
negative_meghalaya_01524,25.495096068041157,91.87771440564534,negative_sample,Meghalaya,,none,none,0
negative_meghalaya_01525,25.287315356711932,90.94891364199752,negative_sample,Meghalaya,,none,none,0
negative_meghalaya_01526,25.451390136694794,92.36564803381897,negative_sample,Meghalaya,,none,none,0
negative_meghalaya_01527,25.49740658123578,92.11978798084998,negative_sample,Meghalaya,,none,none,0
negative_meghalaya_01528,25.497565424599703,90.24619068603566,negative_sample,Meghalaya,,none,none,0
negative_meghalaya_01529,25.64744742270316,92.25973841814448,negative_sample,Meghalaya,,none,none,0
negative_meghalaya_01530,25.71258720309407,91.54888374770543,negative_sample,Meghalaya,,none,none,0
negative_meghalaya_01531,25.31501259272553,92.46276900549726,negative_sample,Meghalaya,,none,none,0
negative_meghalaya_01532,25.629173891286655,90.98796499916831,negative_sample,Meghalaya,,none,none,0
negative_meghalaya_01533,25.329757061614142,90.71803817130103,negative_sample,Meghalaya,,none,none,0
negative_meghalaya_01534,25.431159001659317,92.0881402126206,negative_sample,Meghalaya,,none,none,0
negative_meghalaya_01535,25.483975824438602,91.96208038377044,negative_sample,Meghalaya,,none,none,0
negative_meghalaya_01536,25.777968287388614,90.56402039378337,negative_sample,Meghalaya,,none,none,0
negative_meghalaya_01537,25.343918403365617,92.19177813703934,negative_sample,Meghalaya,,none,none,0
negative_meghalaya_01538,25.268420289351134,91.44302074583617,negative_sample,Meghalaya,,none,none,0
negative_meghalaya_01539,25.92538420165346,91.9884090436933,negative_sample,Meghalaya,,none,none,0
negative_meghalaya_01540,25.56083832397443,92.0456121574846,negative_sample,Meghalaya,,none,none,0
negative_meghalaya_01541,25.4679883915172,90.49243020627229,negative_sample,Meghalaya,,none,none,0
negative_meghalaya_01542,25.80815269774047,91.8194876250129,negative_sample,Meghalaya,,none,none,0
negative_meghalaya_01543,25.319141686831294,91.07977210581531,negative_sample,Meghalaya,,none,none,0
negative_meghalaya_01544,25.542751539918825,91.00621310583867,negative_sample,Meghalaya,,none,none,0
negative_meghalaya_01545,25.756279499833624,90.62563380796574,negative_sample,Meghalaya,,none,none,0
negative_meghalaya_01546,25.391080922762388,92.24309116038759,negative_sample,Meghalaya,,none,none,0
negative_meghalaya_01547,25.653773586267715,90.36521061832273,negative_sample,Meghalaya,,none,none,0
negative_meghalaya_01548,25.297594502128213,92.01236846719691,negative_sample,Meghalaya,,none,none,0
negative_meghalaya_01549,25.36891717580972,91.5854542475085,negative_sample,Meghalaya,,none,none,0
negative_meghalaya_01550,25.72808533541753,91.5855068345433,negative_sample,Meghalaya,,none,none,0
negative_meghalaya_01551,25.30010294017828,90.90013435833288,negative_sample,Meghalaya,,none,none,0
negative_meghalaya_01552,25.187933952944732,92.26987000286363,negative_sample,Meghalaya,,none,none,0
negative_meghalaya_01553,25.22916748555177,92.31065606405039,negative_sample,Meghalaya,,none,none,0
negative_meghalaya_01554,25.389101469042217,91.72902737740532,negative_sample,Meghalaya,,none,none,0
negative_meghalaya_01555,25.79069573314041,90.73549819765995,negative_sample,Meghalaya,,none,none,0
negative_meghalaya_01556,25.37820827363754,92.12813905980461,negative_sample,Meghalaya,,none,none,0
negative_meghalaya_01557,25.31670872201027,92.51892062728412,negative_sample,Meghalaya,,none,none,0
negative_meghalaya_01558,25.32496452514217,90.29024340901398,negative_sample,Meghalaya,,none,none,0
negative_meghalaya_01559,25.33517840776852,91.44960300504144,negative_sample,Meghalaya,,none,none,0
negative_meghalaya_01560,25.77428770718651,90.60296480194263,negative_sample,Meghalaya,,none,none,0
negative_meghalaya_01561,25.288687941823785,90.55044555957578,negative_sample,Meghalaya,,none,none,0
negative_sikkim_01562,27.57665105144492,88.7166734606603,negative_sample,Sikkim,,none,none,0
negative_sikkim_01563,27.205540156311624,88.07395371699668,negative_sample,Sikkim,,none,none,0
negative_sikkim_01564,27.54534847989369,88.51954317102788,negative_sample,Sikkim,,none,none,0
negative_sikkim_01565,27.600661863773805,88.56589957980934,negative_sample,Sikkim,,none,none,0
negative_sikkim_01566,27.182496911623247,88.14088942625085,negative_sample,Sikkim,,none,none,0
negative_sikkim_01567,27.519803564079364,88.35945338388096,negative_sample,Sikkim,,none,none,0
negative_sikkim_01568,27.132089085221132,88.5158883057496,negative_sample,Sikkim,,none,none,0
negative_sikkim_01569,27.498311952890578,88.34036812641895,negative_sample,Sikkim,,none,none,0
negative_sikkim_01570,27.63508173839068,88.54296847781877,negative_sample,Sikkim,,none,none,0
negative_sikkim_01571,27.345479668178204,88.56855051284364,negative_sample,Sikkim,,none,none,0
negative_sikkim_01572,27.46651956897044,88.69490327269712,negative_sample,Sikkim,,none,none,0
negative_sikkim_01573,27.37619948550404,88.20470501864229,negative_sample,Sikkim,,none,none,0
negative_sikkim_01574,27.454111992343464,88.29130901264647,negative_sample,Sikkim,,none,none,0
negative_sikkim_01575,27.196460575318252,88.11505317616253,negative_sample,Sikkim,,none,none,0
negative_sikkim_01576,27.49185896536094,88.57141241881395,negative_sample,Sikkim,,none,none,0
negative_sikkim_01577,27.53445169779835,88.71362546910255,negative_sample,Sikkim,,none,none,0
negative_sikkim_01578,27.648127592028786,88.45835118952219,negative_sample,Sikkim,,none,none,0
negative_sikkim_01579,27.682160924200147,88.66859644303464,negative_sample,Sikkim,,none,none,0
negative_sikkim_01580,27.654007278284645,88.57986594707023,negative_sample,Sikkim,,none,none,0
negative_sikkim_01581,27.680961853443353,88.49658403027624,negative_sample,Sikkim,,none,none,0
negative_sikkim_01582,27.62606178138236,88.48580074596508,negative_sample,Sikkim,,none,none,0
negative_sikkim_01583,27.474505248330992,88.7155005870412,negative_sample,Sikkim,,none,none,0
negative_sikkim_01584,27.32358702568938,88.58824326830153,negative_sample,Sikkim,,none,none,0
negative_sikkim_01585,27.499613470913435,88.31857458676691,negative_sample,Sikkim,,none,none,0
negative_sikkim_01586,27.407339451363633,88.2514917270267,negative_sample,Sikkim,,none,none,0
negative_sikkim_01587,27.56887896932795,88.3622340217878,negative_sample,Sikkim,,none,none,0
negative_sikkim_01588,27.32586069009898,88.52139928459846,negative_sample,Sikkim,,none,none,0
negative_sikkim_01589,27.295537983405733,88.50072403027978,negative_sample,Sikkim,,none,none,0
negative_sikkim_01590,27.410658082900582,88.39531614236299,negative_sample,Sikkim,,none,none,0
negative_sikkim_01591,27.551238107659792,88.76913727935269,negative_sample,Sikkim,,none,none,0
negative_sikkim_01592,27.475004581181597,88.79023233483798,negative_sample,Sikkim,,none,none,0
negative_sikkim_01593,27.28574150634042,88.51047560506842,negative_sample,Sikkim,,none,none,0
negative_sikkim_01594,27.23803801503807,88.56441568783725,negative_sample,Sikkim,,none,none,0
negative_sikkim_01595,27.586476457159748,88.4847227589308,negative_sample,Sikkim,,none,none,0
negative_sikkim_01596,27.357919050806,88.15988203176845,negative_sample,Sikkim,,none,none,0
negative_sikkim_01597,27.43832670548609,88.39130860125756,negative_sample,Sikkim,,none,none,0
negative_sikkim_01598,27.38202968368007,88.2375348848296,negative_sample,Sikkim,,none,none,0
negative_sikkim_01599,27.566130549518572,88.37012756914669,negative_sample,Sikkim,,none,none,0
negative_sikkim_01600,27.468402384340678,88.35385731197267,negative_sample,Sikkim,,none,none,0
negative_sikkim_01601,27.3200892879737,88.79671397165305,negative_sample,Sikkim,,none,none,0
negative_sikkim_01602,27.5482120341724,88.38746488558802,negative_sample,Sikkim,,none,none,0
negative_sikkim_01603,27.362223615837976,88.2619562043281,negative_sample,Sikkim,,none,none,0
negative_sikkim_01604,27.112196994256447,88.4922938611305,negative_sample,Sikkim,,none,none,0
negative_sikkim_01605,27.29829308749324,88.66069235888381,negative_sample,Sikkim,,none,none,0
negative_sikkim_01606,27.307989563556696,88.28142648083333,negative_sample,Sikkim,,none,none,0
negative_sikkim_01607,27.429630944124767,88.4603282257412,negative_sample,Sikkim,,none,none,0
negative_sikkim_01608,27.67291181123588,88.50813595100716,negative_sample,Sikkim,,none,none,0
negative_sikkim_01609,27.312493693208435,88.24852545064887,negative_sample,Sikkim,,none,none,0
negative_sikkim_01610,27.451243828368238,88.36574161972628,negative_sample,Sikkim,,none,none,0
negative_sikkim_01611,27.53055932172045,88.35784737755904,negative_sample,Sikkim,,none,none,0
negative_sikkim_01612,27.463686293946925,88.54818892656347,negative_sample,Sikkim,,none,none,0
negative_sikkim_01613,27.343905951190496,88.4811292076949,negative_sample,Sikkim,,none,none,0
negative_sikkim_01614,27.358111947161287,88.35200306752463,negative_sample,Sikkim,,none,none,0
negative_sikkim_01615,27.616954022270754,88.54698496686848,negative_sample,Sikkim,,none,none,0
negative_sikkim_01616,27.64919247063109,88.58168250269672,negative_sample,Sikkim,,none,none,0
negative_sikkim_01617,27.428689852157174,88.76527600913981,negative_sample,Sikkim,,none,none,0
negative_sikkim_01618,27.224560104132205,88.54759401764744,negative_sample,Sikkim,,none,none,0
negative_sikkim_01619,27.329717422843427,88.29458122905214,negative_sample,Sikkim,,none,none,0
negative_sikkim_01620,27.4873212749142,88.58116486190248,negative_sample,Sikkim,,none,none,0
negative_sikkim_01621,27.465228021769903,88.72474057909194,negative_sample,Sikkim,,none,none,0
negative_sikkim_01622,27.174410561786992,88.26940913135145,negative_sample,Sikkim,,none,none,0
negative_sikkim_01623,27.487802198806655,88.78083384550298,negative_sample,Sikkim,,none,none,0
negative_sikkim_01624,27.42929005954038,88.782016802737,negative_sample,Sikkim,,none,none,0
negative_sikkim_01625,27.331219299216247,88.58165193660189,negative_sample,Sikkim,,none,none,0
negative_sikkim_01626,27.46084104800796,88.6526584488283,negative_sample,Sikkim,,none,none,0
negative_sikkim_01627,27.725481918381842,88.5796994114221,negative_sample,Sikkim,,none,none,0
negative_sikkim_01628,27.3155127594805,88.630610892449,negative_sample,Sikkim,,none,none,0
negative_sikkim_01629,27.33028387546037,88.26858374718546,negative_sample,Sikkim,,none,none,0
negative_sikkim_01630,27.58087657242049,88.38988838770695,negative_sample,Sikkim,,none,none,0
negative_sikkim_01631,27.2969448470156,88.78225467284558,negative_sample,Sikkim,,none,none,0
negative_sikkim_01632,27.478039798234132,88.42888776883402,negative_sample,Sikkim,,none,none,0
negative_sikkim_01633,27.418716266637958,88.36716817775438,negative_sample,Sikkim,,none,none,0
negative_sikkim_01634,27.19448150500121,88.14289235249954,negative_sample,Sikkim,,none,none,0
negative_sikkim_01635,27.715212377466813,88.6396945308406,negative_sample,Sikkim,,none,none,0
negative_sikkim_01636,27.267809177487948,88.5857248978104,negative_sample,Sikkim,,none,none,0
negative_sikkim_01637,27.3919456139844,88.23136446017041,negative_sample,Sikkim,,none,none,0
negative_sikkim_01638,27.29342736434727,88.75808961611082,negative_sample,Sikkim,,none,none,0
negative_sikkim_01639,27.368350252460136,88.29893110925498,negative_sample,Sikkim,,none,none,0
negative_sikkim_01640,27.225476066752897,88.73643564971101,negative_sample,Sikkim,,none,none,0
negative_sikkim_01641,27.461256062038277,88.60578174706204,negative_sample,Sikkim,,none,none,0
negative_sikkim_01642,27.399705537854945,88.68530463560312,negative_sample,Sikkim,,none,none,0
negative_sikkim_01643,27.571539445230414,88.3725673954813,negative_sample,Sikkim,,none,none,0
negative_sikkim_01644,27.319170268120036,88.58431629094814,negative_sample,Sikkim,,none,none,0
negative_sikkim_01645,27.42303218818773,88.70918321884126,negative_sample,Sikkim,,none,none,0
negative_sikkim_01646,27.176621996812198,88.54935041659841,negative_sample,Sikkim,,none,none,0
negative_sikkim_01647,27.613250591121414,88.47018062009806,negative_sample,Sikkim,,none,none,0
negative_sikkim_01648,27.159728702617898,88.58652305400875,negative_sample,Sikkim,,none,none,0
negative_sikkim_01649,27.448416967601013,88.3894598758358,negative_sample,Sikkim,,none,none,0
negative_sikkim_01650,27.46687190242077,88.55611931058125,negative_sample,Sikkim,,none,none,0
negative_sikkim_01651,27.36459847367701,88.37948489948721,negative_sample,Sikkim,,none,none,0
negative_sikkim_01652,27.460145237218168,88.44775079107737,negative_sample,Sikkim,,none,none,0
negative_sikkim_01653,27.29107769462123,88.14493135555676,negative_sample,Sikkim,,none,none,0
negative_sikkim_01654,27.45986770950127,88.39526735871245,negative_sample,Sikkim,,none,none,0
negative_sikkim_01655,27.37258558979819,88.58216237179768,negative_sample,Sikkim,,none,none,0
negative_sikkim_01656,27.550135656574795,88.40955828857206,negative_sample,Sikkim,,none,none,0
negative_sikkim_01657,27.638693406149866,88.51914884480182,negative_sample,Sikkim,,none,none,0
negative_sikkim_01658,27.536552465881552,88.74674441565367,negative_sample,Sikkim,,none,none,0
negative_sikkim_01659,27.41603814106627,88.59516458135255,negative_sample,Sikkim,,none,none,0
negative_sikkim_01660,27.726916376500434,88.57182168789177,negative_sample,Sikkim,,none,none,0
negative_sikkim_01661,27.45022896207754,88.32766524369578,negative_sample,Sikkim,,none,none,0
negative_sikkim_01662,27.238672870958773,88.67647860217576,negative_sample,Sikkim,,none,none,0
negative_sikkim_01663,27.512739798838872,88.74835147230866,negative_sample,Sikkim,,none,none,0
negative_sikkim_01664,27.287850282194707,88.65628243345091,negative_sample,Sikkim,,none,none,0
negative_sikkim_01665,27.357793322536608,88.31114452434115,negative_sample,Sikkim,,none,none,0
negative_sikkim_01666,27.53590655176698,88.3988109419741,negative_sample,Sikkim,,none,none,0
negative_sikkim_01667,27.450201512707334,88.57175226559949,negative_sample,Sikkim,,none,none,0
negative_sikkim_01668,27.51956235725125,88.77721411796121,negative_sample,Sikkim,,none,none,0
negative_sikkim_01669,27.644948312561613,88.57383504320114,negative_sample,Sikkim,,none,none,0
negative_sikkim_01670,27.323193932301958,88.46785705226627,negative_sample,Sikkim,,none,none,0
negative_sikkim_01671,27.61708538118294,88.40987688585015,negative_sample,Sikkim,,none,none,0
negative_sikkim_01672,27.198863791562374,88.07545372684888,negative_sample,Sikkim,,none,none,0
negative_sikkim_01673,27.44968228524379,88.7052632117793,negative_sample,Sikkim,,none,none,0
negative_sikkim_01674,27.64127696919686,88.66370020223512,negative_sample,Sikkim,,none,none,0
negative_sikkim_01675,27.55504341052777,88.68364931404469,negative_sample,Sikkim,,none,none,0
negative_sikkim_01676,27.268908056517162,88.59152322735916,negative_sample,Sikkim,,none,none,0
negative_sikkim_01677,27.43513082418967,88.28506272538641,negative_sample,Sikkim,,none,none,0
negative_sikkim_01678,27.457395953297627,88.36770212048495,negative_sample,Sikkim,,none,none,0
negative_sikkim_01679,27.326426659408966,88.54194626711752,negative_sample,Sikkim,,none,none,0
negative_sikkim_01680,27.359562061950133,88.8149551989796,negative_sample,Sikkim,,none,none,0
negative_sikkim_01681,27.54577665607853,88.70051617663628,negative_sample,Sikkim,,none,none,0
negative_sikkim_01682,27.259145632459514,88.64433353816517,negative_sample,Sikkim,,none,none,0
negative_sikkim_01683,27.418798599482148,88.32705884560568,negative_sample,Sikkim,,none,none,0
negative_sikkim_01684,27.449967736821506,88.6420910494395,negative_sample,Sikkim,,none,none,0
negative_sikkim_01685,27.523637677127432,88.64026317015953,negative_sample,Sikkim,,none,none,0
negative_sikkim_01686,27.573871921497243,88.58886576286906,negative_sample,Sikkim,,none,none,0
negative_sikkim_01687,27.247354139327264,88.73656272896648,negative_sample,Sikkim,,none,none,0
negative_sikkim_01688,27.327919057023337,88.38444558000732,negative_sample,Sikkim,,none,none,0
negative_sikkim_01689,27.611865764498464,88.60183656146972,negative_sample,Sikkim,,none,none,0
negative_assam_01690,26.82070242257743,93.0997057772939,negative_sample,Assam,,none,none,0
negative_assam_01691,25.35171449187611,93.87878859554031,negative_sample,Assam,,none,none,0
negative_assam_01692,24.693853431343697,93.07215741736029,negative_sample,Assam,,none,none,0
negative_assam_01693,25.247359678514798,92.90411161631347,negative_sample,Assam,,none,none,0
negative_assam_01694,25.992829412173045,92.46732308354719,negative_sample,Assam,,none,none,0
negative_assam_01695,24.387639454733243,92.63859760885188,negative_sample,Assam,,none,none,0
negative_assam_01696,25.50389342663766,94.18668798111099,negative_sample,Assam,,none,none,0
negative_assam_01697,26.35886971223237,90.64151944104229,negative_sample,Assam,,none,none,0
negative_assam_01698,26.0253588616402,93.24360901661005,negative_sample,Assam,,none,none,0
negative_assam_01699,25.379528405587642,92.20289027574408,negative_sample,Assam,,none,none,0
negative_assam_01700,24.406751132680856,92.69114299556033,negative_sample,Assam,,none,none,0
negative_assam_01701,25.402332966364824,93.25270288648947,negative_sample,Assam,,none,none,0
negative_assam_01702,26.284218932186523,91.2901841653203,negative_sample,Assam,,none,none,0
negative_assam_01703,26.241118424621565,90.9874454848454,negative_sample,Assam,,none,none,0
negative_assam_01704,25.98321835930131,90.81132104214615,negative_sample,Assam,,none,none,0
negative_assam_01705,26.12418000028837,92.84632004655357,negative_sample,Assam,,none,none,0
negative_assam_01706,26.233887185835318,91.09240960911687,negative_sample,Assam,,none,none,0
negative_assam_01707,25.8945728846547,94.47486243722892,negative_sample,Assam,,none,none,0
negative_assam_01708,26.106732291008857,91.1731321476461,negative_sample,Assam,,none,none,0
negative_assam_01709,26.60709529551086,92.13250364662521,negative_sample,Assam,,none,none,0
negative_assam_01710,25.667334636579014,92.5676379907987,negative_sample,Assam,,none,none,0
negative_assam_01711,25.330567994510396,91.45953380994644,negative_sample,Assam,,none,none,0
negative_assam_01712,25.295438411829956,91.73218262129227,negative_sample,Assam,,none,none,0
negative_assam_01713,24.939624236022198,93.35349245808975,negative_sample,Assam,,none,none,0
negative_assam_01714,26.012995286209815,92.35172181353506,negative_sample,Assam,,none,none,0
negative_assam_01715,25.59706449524615,91.13145517537585,negative_sample,Assam,,none,none,0
negative_assam_01716,25.420490644010844,92.81379655649783,negative_sample,Assam,,none,none,0
negative_assam_01717,26.044584191773808,90.63666062849451,negative_sample,Assam,,none,none,0
negative_assam_01718,26.13178873517864,92.33658788459738,negative_sample,Assam,,none,none,0
negative_assam_01719,26.673551419658764,92.96163866812195,negative_sample,Assam,,none,none,0
negative_assam_01720,26.240331145298896,90.86616180707867,negative_sample,Assam,,none,none,0
negative_assam_01721,26.08708144927436,93.76691568399792,negative_sample,Assam,,none,none,0
negative_assam_01722,26.145053099994914,93.7613857879268,negative_sample,Assam,,none,none,0
negative_assam_01723,25.91395688447568,90.9038087843743,negative_sample,Assam,,none,none,0
negative_assam_01724,26.60939618006834,93.76442375758064,negative_sample,Assam,,none,none,0
negative_assam_01725,25.152853427309456,92.55573243906406,negative_sample,Assam,,none,none,0
negative_assam_01726,25.593621139412683,93.83468503324004,negative_sample,Assam,,none,none,0
negative_assam_01727,25.75526115785064,91.53088549584803,negative_sample,Assam,,none,none,0
negative_assam_01728,25.40529418174075,92.43052760421372,negative_sample,Assam,,none,none,0
negative_assam_01729,26.204388933901274,93.80950527921807,negative_sample,Assam,,none,none,0
negative_assam_01730,24.377108128723336,92.6688529357161,negative_sample,Assam,,none,none,0
negative_assam_01731,25.602422246532942,93.87940572913547,negative_sample,Assam,,none,none,0
negative_assam_01732,26.299066417898974,93.5461323840926,negative_sample,Assam,,none,none,0
negative_assam_01733,26.77115406459673,92.55918069880858,negative_sample,Assam,,none,none,0
negative_assam_01734,25.705249907444532,91.29460508847768,negative_sample,Assam,,none,none,0
negative_assam_01735,25.568601917381624,91.98636547678822,negative_sample,Assam,,none,none,0
negative_assam_01736,25.010648551879427,93.70334296445112,negative_sample,Assam,,none,none,0
negative_assam_01737,25.17590398919802,92.69621222134246,negative_sample,Assam,,none,none,0
negative_assam_01738,25.998597168368438,93.80049537570639,negative_sample,Assam,,none,none,0
negative_assam_01739,26.228172962801892,91.05726287999309,negative_sample,Assam,,none,none,0
negative_assam_01740,25.35516351479119,92.82946513146443,negative_sample,Assam,,none,none,0
negative_assam_01741,26.585277426441866,93.39492440712279,negative_sample,Assam,,none,none,0
negative_assam_01742,25.74410019285344,93.77275445125258,negative_sample,Assam,,none,none,0
negative_assam_01743,25.388765509922628,93.52266205699803,negative_sample,Assam,,none,none,0
negative_assam_01744,26.5108360673484,93.81863455441469,negative_sample,Assam,,none,none,0
negative_assam_01745,24.79174753689504,92.04949120077629,negative_sample,Assam,,none,none,0
negative_assam_01746,24.544655364453536,92.95529640535453,negative_sample,Assam,,none,none,0
negative_assam_01747,26.06882909872195,91.50237926080538,negative_sample,Assam,,none,none,0
negative_assam_01748,25.409167430328157,92.076308339421,negative_sample,Assam,,none,none,0
negative_assam_01749,24.48370986707727,92.8193324488803,negative_sample,Assam,,none,none,0
negative_assam_01750,26.303841255253296,93.32874618068368,negative_sample,Assam,,none,none,0
negative_assam_01751,26.427123634037006,92.2985919616001,negative_sample,Assam,,none,none,0
negative_assam_01752,24.69462916189274,92.95718151070051,negative_sample,Assam,,none,none,0
negative_assam_01753,26.051918902808467,93.04683269312406,negative_sample,Assam,,none,none,0
negative_assam_01754,26.483217866521418,91.76344619761511,negative_sample,Assam,,none,none,0
negative_assam_01755,26.58115996378422,94.24852494798013,negative_sample,Assam,,none,none,0
negative_assam_01756,26.281869842682713,91.77402165525157,negative_sample,Assam,,none,none,0
negative_assam_01757,25.871809171986214,92.79444774822649,negative_sample,Assam,,none,none,0
negative_assam_01758,25.892439854233583,92.42827073042326,negative_sample,Assam,,none,none,0
negative_assam_01759,25.756147475255403,93.78696833932479,negative_sample,Assam,,none,none,0
negative_assam_01760,26.87176847523665,92.91452552561026,negative_sample,Assam,,none,none,0
negative_assam_01761,26.41196644301216,94.1506414195213,negative_sample,Assam,,none,none,0
negative_assam_01762,26.692548333917223,93.75961414476365,negative_sample,Assam,,none,none,0
negative_assam_01763,25.351304566747345,92.01225582426441,negative_sample,Assam,,none,none,0
negative_assam_01764,26.264204507213005,93.15391340366664,negative_sample,Assam,,none,none,0
negative_assam_01765,26.637313558756766,94.22338695205828,negative_sample,Assam,,none,none,0
negative_assam_01766,26.856375920246016,93.5166174040115,negative_sample,Assam,,none,none,0
negative_assam_01767,26.24634776120058,93.18989718401794,negative_sample,Assam,,none,none,0
negative_assam_01768,26.146986064252477,91.07521531557236,negative_sample,Assam,,none,none,0
negative_assam_01769,25.88924320295198,90.95553489523341,negative_sample,Assam,,none,none,0
negative_assam_01770,25.883338016776555,93.7729645858609,negative_sample,Assam,,none,none,0
negative_assam_01771,25.86869819040569,93.90932618336741,negative_sample,Assam,,none,none,0
negative_assam_01772,24.675277210593933,92.04246266315423,negative_sample,Assam,,none,none,0
negative_assam_01773,25.88491622122715,90.90214057382752,negative_sample,Assam,,none,none,0
negative_assam_01774,24.76796796230747,92.73917387984653,negative_sample,Assam,,none,none,0
negative_assam_01775,25.88081597300375,94.10509965618391,negative_sample,Assam,,none,none,0
negative_assam_01776,26.022425936619943,92.09850687495741,negative_sample,Assam,,none,none,0
negative_assam_01777,26.634365953636493,92.74966360058936,negative_sample,Assam,,none,none,0
negative_assam_01778,26.136113560484375,94.22305692255722,negative_sample,Assam,,none,none,0
negative_assam_01779,25.596536636434728,91.06544917886973,negative_sample,Assam,,none,none,0
negative_assam_01780,26.8035358898154,93.51913645552378,negative_sample,Assam,,none,none,0
negative_assam_01781,24.68343848489844,92.52766969796482,negative_sample,Assam,,none,none,0
negative_assam_01782,26.17928873646373,93.79437532704816,negative_sample,Assam,,none,none,0
negative_assam_01783,25.20108533998997,93.79573330930724,negative_sample,Assam,,none,none,0
negative_assam_01784,26.468869429023385,92.11323286329413,negative_sample,Assam,,none,none,0
negative_assam_01785,24.904166439035198,92.27415898384858,negative_sample,Assam,,none,none,0
negative_assam_01786,25.6233939793108,91.94240525652708,negative_sample,Assam,,none,none,0
negative_assam_01787,25.366309751653905,93.06731523989242,negative_sample,Assam,,none,none,0
negative_assam_01788,24.983410551604845,92.22247992545732,negative_sample,Assam,,none,none,0
negative_assam_01789,24.86316605969337,92.68671964553849,negative_sample,Assam,,none,none,0
negative_assam_01790,26.29005098055208,94.16890198519823,negative_sample,Assam,,none,none,0
negative_assam_01791,26.289674675466614,92.12866484630409,negative_sample,Assam,,none,none,0
negative_assam_01792,25.53981368806019,92.26262372303097,negative_sample,Assam,,none,none,0
negative_assam_01793,26.87236256788228,93.63883985354353,negative_sample,Assam,,none,none,0
negative_assam_01794,25.217632827290398,91.99354719603579,negative_sample,Assam,,none,none,0
negative_assam_01795,25.030197581262275,93.02211894100174,negative_sample,Assam,,none,none,0
negative_assam_01796,26.793442329980316,92.24906115094343,negative_sample,Assam,,none,none,0
negative_assam_01797,26.337759499133245,90.60566732330494,negative_sample,Assam,,none,none,0
negative_assam_01798,26.787121640027422,90.06851312089063,negative_sample,assam,,none,none,0
negative_assam_01799,24.692619886064154,92.45657372152941,negative_sample,assam,,none,none,0
negative_assam_01800,25.964198468531656,91.52932932515297,negative_sample,assam,,none,none,0
negative_assam_01801,25.48633156522907,92.61431072270426,negative_sample,assam,,none,none,0
negative_assam_01802,26.51764416312274,93.81290289526146,negative_sample,assam,,none,none,0
negative_assam_01803,25.49775302526246,91.21910355592058,negative_sample,assam,,none,none,0
negative_assam_01804,26.172537255734124,94.01334991890619,negative_sample,assam,,none,none,0
negative_assam_01805,24.727871648380628,91.97348720412896,negative_sample,assam,,none,none,0
negative_assam_01806,25.290791434082436,92.80000053582316,negative_sample,assam,,none,none,0
negative_assam_01807,25.55312562001717,94.97751612426597,negative_sample,assam,,none,none,0
negative_assam_01808,24.317140954096466,94.74479210846265,negative_sample,assam,,none,none,0
negative_assam_01809,24.39730274396409,91.54740884227539,negative_sample,assam,,none,none,0
negative_assam_01810,27.511625187799496,89.93778513212085,negative_sample,assam,,none,none,0
negative_assam_01811,26.42342023382345,94.07689583135837,negative_sample,assam,,none,none,0
negative_assam_01812,26.21761292716529,92.96316008974884,negative_sample,assam,,none,none,0
negative_assam_01813,24.776447315270993,95.07468205932673,negative_sample,assam,,none,none,0
negative_assam_01814,25.46143827598073,90.60036264403227,negative_sample,assam,,none,none,0
negative_assam_01815,25.82692006282451,94.79723857777607,negative_sample,assam,,none,none,0
negative_assam_01816,25.019218084213446,95.02399672664785,negative_sample,assam,,none,none,0
negative_assam_01817,24.21778741687891,92.70022171829424,negative_sample,assam,,none,none,0
negative_assam_01818,26.137055614377026,90.46116090705704,negative_sample,assam,,none,none,0
negative_assam_01819,24.2271130246877,93.95088191681339,negative_sample,assam,,none,none,0
negative_assam_01820,26.642140850564044,92.45725383343743,negative_sample,assam,,none,none,0
negative_assam_01821,25.216197907678836,95.12108231330637,negative_sample,assam,,none,none,0
negative_assam_01822,25.559588041593294,93.67680669736549,negative_sample,assam,,none,none,0
negative_assam_01823,26.04889095011528,94.11290470433538,negative_sample,assam,,none,none,0
negative_assam_01824,25.177755643294226,92.53996441962599,negative_sample,assam,,none,none,0
negative_assam_01825,24.27220574493925,91.92413061802962,negative_sample,assam,,none,none,0
negative_assam_01826,26.357564934554922,91.9504191507656,negative_sample,assam,,none,none,0
negative_assam_01827,24.350447119281704,91.60461961747367,negative_sample,assam,,none,none,0
negative_assam_01828,25.621661175757605,91.34619571437698,negative_sample,assam,,none,none,0
negative_assam_01829,26.260439830218687,90.28539117062324,negative_sample,assam,,none,none,0
negative_assam_01830,27.200363580273827,89.94763965256793,negative_sample,assam,,none,none,0
negative_assam_01831,27.025941819052512,92.63501608071138,negative_sample,assam,,none,none,0
negative_assam_01832,26.341995919172696,90.92499680651943,negative_sample,assam,,none,none,0
negative_assam_01833,26.316225288877288,91.91302114801215,negative_sample,assam,,none,none,0
negative_assam_01834,25.39341587596122,93.82737053272521,negative_sample,assam,,none,none,0
negative_assam_01835,25.299392858369405,91.05280258361995,negative_sample,assam,,none,none,0
negative_assam_01836,26.615180598640926,93.75728021607867,negative_sample,assam,,none,none,0
negative_assam_01837,24.576454866457592,94.2245768442391,negative_sample,assam,,none,none,0
negative_assam_01838,25.443607493137957,92.565802011091,negative_sample,assam,,none,none,0
negative_assam_01839,27.145279849047565,91.35520450212336,negative_sample,assam,,none,none,0
negative_assam_01840,25.680252436065203,92.92779074340136,negative_sample,assam,,none,none,0
negative_assam_01841,26.113725870723982,93.74644161438769,negative_sample,assam,,none,none,0
negative_assam_01842,26.33022408297242,91.09076189812903,negative_sample,assam,,none,none,0
negative_assam_01843,25.543508864256683,92.53507429767238,negative_sample,assam,,none,none,0
negative_assam_01844,26.034763983895367,91.64450756484744,negative_sample,assam,,none,none,0
negative_assam_01845,26.762504111102484,92.64830870539937,negative_sample,assam,,none,none,0
negative_assam_01846,25.771365523650022,90.96389312899059,negative_sample,assam,,none,none,0
negative_assam_01847,25.521078516767815,94.64655750338989,negative_sample,assam,,none,none,0
negative_assam_01848,25.865580065946034,92.75279130723708,negative_sample,assam,,none,none,0
negative_assam_01849,26.210613904910602,90.68455094167541,negative_sample,assam,,none,none,0
negative_assam_01850,25.399607138672696,95.014990117652,negative_sample,assam,,none,none,0
negative_assam_01851,26.368218524288302,91.30021757517763,negative_sample,assam,,none,none,0
negative_assam_01852,26.514021985360074,91.44885625877653,negative_sample,assam,,none,none,0
negative_assam_01853,26.827499527013924,90.31225591586261,negative_sample,assam,,none,none,0
negative_assam_01854,26.28337944340686,92.28255106201817,negative_sample,assam,,none,none,0
negative_assam_01855,26.68396287082666,89.90282365281136,negative_sample,assam,,none,none,0
negative_assam_01856,26.423942357979612,92.74267049404872,negative_sample,assam,,none,none,0
negative_assam_01857,24.647890832439632,91.65341448389634,negative_sample,assam,,none,none,0
negative_assam_01858,26.61134562008459,91.12260576358418,negative_sample,assam,,none,none,0
negative_assam_01859,26.767900654521338,90.04768341678873,negative_sample,assam,,none,none,0
negative_assam_01860,25.780344949619565,91.18689651747749,negative_sample,assam,,none,none,0
negative_assam_01861,24.525717051819143,91.96803834685977,negative_sample,assam,,none,none,0
negative_assam_01862,25.404737907997106,91.83411197488405,negative_sample,assam,,none,none,0
negative_assam_01863,24.506094158091216,92.53467134558322,negative_sample,assam,,none,none,0
negative_assam_01864,25.61734923095538,91.13685467461698,negative_sample,assam,,none,none,0
negative_arunachal_pradesh_01865,28.171074472461598,95.4339872162696,negative_sample,arunachal_pradesh,,none,none,0
negative_arunachal_pradesh_01866,27.69914504775594,94.37618853472603,negative_sample,arunachal_pradesh,,none,none,0
negative_arunachal_pradesh_01867,26.988365958880415,95.05891759350465,negative_sample,arunachal_pradesh,,none,none,0
negative_arunachal_pradesh_01868,27.453703710034517,92.5209868182788,negative_sample,arunachal_pradesh,,none,none,0
negative_arunachal_pradesh_01869,27.95487070635312,94.3556491677191,negative_sample,arunachal_pradesh,,none,none,0
negative_arunachal_pradesh_01870,26.92377132231524,94.01379048642694,negative_sample,arunachal_pradesh,,none,none,0
negative_arunachal_pradesh_01871,29.231357588736227,95.85722667284786,negative_sample,arunachal_pradesh,,none,none,0
negative_arunachal_pradesh_01872,28.248761335185417,95.81441796911996,negative_sample,arunachal_pradesh,,none,none,0
negative_arunachal_pradesh_01873,28.381660173100762,95.86054288754131,negative_sample,arunachal_pradesh,,none,none,0
negative_arunachal_pradesh_01874,27.42614978348478,94.22287436068996,negative_sample,arunachal_pradesh,,none,none,0
negative_arunachal_pradesh_01875,27.33738078776625,94.53957738825021,negative_sample,arunachal_pradesh,,none,none,0
negative_arunachal_pradesh_01876,27.04448577615509,94.35048970048103,negative_sample,arunachal_pradesh,,none,none,0
negative_arunachal_pradesh_01877,27.302945525208997,94.79478778599878,negative_sample,arunachal_pradesh,,none,none,0
negative_arunachal_pradesh_01878,27.96440655999833,93.26078937161869,negative_sample,arunachal_pradesh,,none,none,0
negative_arunachal_pradesh_01879,27.581861495791017,94.12623734939524,negative_sample,arunachal_pradesh,,none,none,0
negative_arunachal_pradesh_01880,27.749024957640295,95.13591171805906,negative_sample,arunachal_pradesh,,none,none,0
negative_arunachal_pradesh_01881,27.656234740693687,96.94000196243505,negative_sample,arunachal_pradesh,,none,none,0
negative_arunachal_pradesh_01882,27.086320673262126,96.029733407182,negative_sample,arunachal_pradesh,,none,none,0
negative_tripura_01883,24.00071376503532,91.67862333969497,negative_sample,Tripura,,none,none,0
negative_tripura_01884,24.746960969866922,93.61938214385012,negative_sample,Tripura,,none,none,0
negative_tripura_01885,24.215194823843973,92.19703241818372,negative_sample,Tripura,,none,none,0
negative_tripura_01886,23.941396958318386,91.42727725817697,negative_sample,Tripura,,none,none,0
negative_tripura_01887,24.32916301147433,92.42409491485239,negative_sample,Tripura,,none,none,0
negative_tripura_01888,24.068241499261276,92.7038685056432,negative_sample,Tripura,,none,none,0
negative_tripura_01889,24.043667031628534,92.04181954275907,negative_sample,Tripura,,none,none,0
negative_tripura_01890,24.538661916237515,93.38011327623632,negative_sample,Tripura,,none,none,0
negative_tripura_01891,24.142659485899575,92.47594310624567,negative_sample,Tripura,,none,none,0
negative_tripura_01892,24.620856990540773,93.38207297949498,negative_sample,Tripura,,none,none,0
negative_tripura_01893,24.36049918837335,94.00587551830681,negative_sample,Tripura,,none,none,0
negative_tripura_01894,24.291311237148964,93.86434064273097,negative_sample,Tripura,,none,none,0
negative_tripura_01895,24.099908985302463,91.80557710279292,negative_sample,Tripura,,none,none,0
negative_manipur_01896,23.822059423262093,93.76370291273692,negative_sample,manipur,,none,none,0
negative_manipur_01897,23.87704959164296,93.91195874891946,negative_sample,manipur,,none,none,0
negative_tripura_01898,23.611418955286357,91.31382244804816,negative_sample,tripura,,none,none,0
negative_tripura_01899,23.69198591040541,91.3890001005189,negative_sample,tripura,,none,none,0
